[0.000000] (-) TimerEvent: {}
[0.001058] (-) JobUnselected: {'identifier': 'doa_publisher_py'}
[0.002066] (ei_whistle_cpp) JobQueued: {'identifier': 'ei_whistle_cpp', 'dependencies': OrderedDict()}
[0.002183] (ei_whistle_cpp) JobStarted: {'identifier': 'ei_whistle_cpp'}
[0.056185] (ei_whistle_cpp) JobProgress: {'identifier': 'ei_whistle_cpp', 'progress': 'cmake'}
[0.059012] (ei_whistle_cpp) Command: {'cmd': ['/usr/bin/cmake', '/home/dev/respeaker_deep_audio/src/ei_whistle_cpp', '-DCATKIN_INSTALL_INTO_PREFIX_ROOT=0', '-DCATKIN_SYMLINK_INSTALL=ON', '-DCMAKE_INSTALL_PREFIX=/home/dev/respeaker_deep_audio/install/ei_whistle_cpp'], 'cwd': '/home/dev/respeaker_deep_audio/build/ei_whistle_cpp', 'env': OrderedDict([('LESSOPEN', '| /usr/bin/lesspipe %s'), ('USER', 'dev'), ('SSH_CLIENT', '192.168.0.53 54172 22'), ('XDG_SESSION_TYPE', 'tty'), ('GIT_ASKPASS', '/home/dev/.vscode-server/cli/servers/Stable-ac4cbdf48759c7d8c3eb91ffe6bb04316e263c57/server/extensions/git/dist/askpass.sh'), ('SHLVL', '1'), ('LD_LIBRARY_PATH', '/opt/ros/humble/opt/rviz_ogre_vendor/lib:/opt/ros/humble/lib/aarch64-linux-gnu:/opt/ros/humble/lib'), ('BROWSER', '/home/dev/.vscode-server/cli/servers/Stable-ac4cbdf48759c7d8c3eb91ffe6bb04316e263c57/server/bin/helpers/browser.sh'), ('MOTD_SHOWN', 'pam'), ('HOME', '/home/dev'), ('OLDPWD', '/home/dev'), ('TERM_PROGRAM_VERSION', '1.106.0'), ('VSCODE_IPC_HOOK_CLI', '/run/user/1000/vscode-ipc-19fbfdff-b542-403a-97a4-7a02d5e5dcdd.sock'), ('ROS_PYTHON_VERSION', '3'), ('VSCODE_GIT_ASKPASS_MAIN', '/home/dev/.vscode-server/cli/servers/Stable-ac4cbdf48759c7d8c3eb91ffe6bb04316e263c57/server/extensions/git/dist/askpass-main.js'), ('VSCODE_GIT_ASKPASS_NODE', '/home/dev/.vscode-server/cli/servers/Stable-ac4cbdf48759c7d8c3eb91ffe6bb04316e263c57/server/node'), ('SSL_CERT_FILE', '/usr/lib/ssl/certs/ca-certificates.crt'), ('VSCODE_PYTHON_AUTOACTIVATE_GUARD', '1'), ('DBUS_SESSION_BUS_ADDRESS', 'unix:path=/run/user/1000/bus'), ('COLORTERM', 'truecolor'), ('ROS_DISTRO', 'humble'), ('LOGNAME', 'dev'), ('_', '/usr/bin/colcon'), ('ROS_VERSION', '2'), ('XDG_SESSION_CLASS', 'user'), ('TERM', 'xterm-256color'), ('XDG_SESSION_ID', '4'), ('ROS_LOCALHOST_ONLY', '0'), ('PATH', '/opt/ros/humble/bin:/home/dev/.vscode-server/data/User/globalStorage/github.copilot-chat/debugCommand:/home/dev/.vscode-server/data/User/globalStorage/github.copilot-chat/copilotCli:/home/dev/.vscode-server/cli/servers/Stable-ac4cbdf48759c7d8c3eb91ffe6bb04316e263c57/server/bin/remote-cli:/home/dev/.local/bin:/usr/local/sbin:/usr/local/bin:/usr/sbin:/usr/bin:/sbin:/bin:/usr/games:/usr/local/games:/snap/bin'), ('XDG_RUNTIME_DIR', '/run/user/1000'), ('SSL_CERT_DIR', '/usr/lib/ssl/certs'), ('LANG', 'en_US.UTF-8'), ('LS_COLORS', 'rs=0:di=01;34:ln=01;36:mh=00:pi=40;33:so=01;35:do=01;35:bd=40;33;01:cd=40;33;01:or=40;31;01:mi=00:su=37;41:sg=30;43:ca=30;41:tw=30;42:ow=34;42:st=37;44:ex=01;32:*.tar=01;31:*.tgz=01;31:*.arc=01;31:*.arj=01;31:*.taz=01;31:*.lha=01;31:*.lz4=01;31:*.lzh=01;31:*.lzma=01;31:*.tlz=01;31:*.txz=01;31:*.tzo=01;31:*.t7z=01;31:*.zip=01;31:*.z=01;31:*.dz=01;31:*.gz=01;31:*.lrz=01;31:*.lz=01;31:*.lzo=01;31:*.xz=01;31:*.zst=01;31:*.tzst=01;31:*.bz2=01;31:*.bz=01;31:*.tbz=01;31:*.tbz2=01;31:*.tz=01;31:*.deb=01;31:*.rpm=01;31:*.jar=01;31:*.war=01;31:*.ear=01;31:*.sar=01;31:*.rar=01;31:*.alz=01;31:*.ace=01;31:*.zoo=01;31:*.cpio=01;31:*.7z=01;31:*.rz=01;31:*.cab=01;31:*.wim=01;31:*.swm=01;31:*.dwm=01;31:*.esd=01;31:*.jpg=01;35:*.jpeg=01;35:*.mjpg=01;35:*.mjpeg=01;35:*.gif=01;35:*.bmp=01;35:*.pbm=01;35:*.pgm=01;35:*.ppm=01;35:*.tga=01;35:*.xbm=01;35:*.xpm=01;35:*.tif=01;35:*.tiff=01;35:*.png=01;35:*.svg=01;35:*.svgz=01;35:*.mng=01;35:*.pcx=01;35:*.mov=01;35:*.mpg=01;35:*.mpeg=01;35:*.m2v=01;35:*.mkv=01;35:*.webm=01;35:*.webp=01;35:*.ogm=01;35:*.mp4=01;35:*.m4v=01;35:*.mp4v=01;35:*.vob=01;35:*.qt=01;35:*.nuv=01;35:*.wmv=01;35:*.asf=01;35:*.rm=01;35:*.rmvb=01;35:*.flc=01;35:*.avi=01;35:*.fli=01;35:*.flv=01;35:*.gl=01;35:*.dl=01;35:*.xcf=01;35:*.xwd=01;35:*.yuv=01;35:*.cgm=01;35:*.emf=01;35:*.ogv=01;35:*.ogx=01;35:*.aac=00;36:*.au=00;36:*.flac=00;36:*.m4a=00;36:*.mid=00;36:*.midi=00;36:*.mka=00;36:*.mp3=00;36:*.mpc=00;36:*.ogg=00;36:*.ra=00;36:*.wav=00;36:*.oga=00;36:*.opus=00;36:*.spx=00;36:*.xspf=00;36:'), ('VSCODE_GIT_IPC_HANDLE', '/run/user/1000/vscode-git-d6a1acb6aa.sock'), ('TERM_PROGRAM', 'vscode'), ('AMENT_PREFIX_PATH', '/opt/ros/humble'), ('SHELL', '/bin/bash'), ('LESSCLOSE', '/usr/bin/lesspipe %s %s'), ('VSCODE_GIT_ASKPASS_EXTRA_ARGS', ''), ('PWD', '/home/dev/respeaker_deep_audio/build/ei_whistle_cpp'), ('LC_ALL', 'en_US.UTF-8'), ('SSH_CONNECTION', '192.168.0.53 54172 192.168.0.17 22'), ('XDG_DATA_DIRS', '/usr/share/gnome:/usr/local/share:/usr/share:/var/lib/snapd/desktop'), ('PYTHONPATH', '/opt/ros/humble/lib/python3.10/site-packages:/opt/ros/humble/local/lib/python3.10/dist-packages'), ('COLCON', '1')]), 'shell': False}
[0.099230] (-) TimerEvent: {}
[0.200115] (-) TimerEvent: {}
[0.301110] (-) TimerEvent: {}
[0.402114] (-) TimerEvent: {}
[0.502926] (-) TimerEvent: {}
[0.603852] (-) TimerEvent: {}
[0.704802] (-) TimerEvent: {}
[0.805783] (-) TimerEvent: {}
[0.906642] (-) TimerEvent: {}
[1.007554] (-) TimerEvent: {}
[1.108528] (-) TimerEvent: {}
[1.209838] (-) TimerEvent: {}
[1.249611] (ei_whistle_cpp) StdoutLine: {'line': b'-- The C compiler identification is GNU 11.4.0\n'}
[1.309984] (-) TimerEvent: {}
[1.410775] (-) TimerEvent: {}
[1.511780] (-) TimerEvent: {}
[1.612811] (-) TimerEvent: {}
[1.713862] (-) TimerEvent: {}
[1.814897] (-) TimerEvent: {}
[1.916421] (-) TimerEvent: {}
[2.011529] (ei_whistle_cpp) StdoutLine: {'line': b'-- The CXX compiler identification is GNU 11.4.0\n'}
[2.016605] (-) TimerEvent: {}
[2.061270] (ei_whistle_cpp) StdoutLine: {'line': b'-- Detecting C compiler ABI info\n'}
[2.116816] (-) TimerEvent: {}
[2.217700] (-) TimerEvent: {}
[2.318732] (-) TimerEvent: {}
[2.420355] (-) TimerEvent: {}
[2.468322] (ei_whistle_cpp) StdoutLine: {'line': b'-- Detecting C compiler ABI info - done\n'}
[2.497815] (ei_whistle_cpp) StdoutLine: {'line': b'-- Check for working C compiler: /usr/bin/cc - skipped\n'}
[2.500012] (ei_whistle_cpp) StdoutLine: {'line': b'-- Detecting C compile features\n'}
[2.502883] (ei_whistle_cpp) StdoutLine: {'line': b'-- Detecting C compile features - done\n'}
[2.519293] (ei_whistle_cpp) StdoutLine: {'line': b'-- Detecting CXX compiler ABI info\n'}
[2.520440] (-) TimerEvent: {}
[2.621224] (-) TimerEvent: {}
[2.722133] (-) TimerEvent: {}
[2.823039] (-) TimerEvent: {}
[2.923906] (-) TimerEvent: {}
[2.944885] (ei_whistle_cpp) StdoutLine: {'line': b'-- Detecting CXX compiler ABI info - done\n'}
[2.975008] (ei_whistle_cpp) StdoutLine: {'line': b'-- Check for working CXX compiler: /usr/bin/c++ - skipped\n'}
[2.976134] (ei_whistle_cpp) StdoutLine: {'line': b'-- Detecting CXX compile features\n'}
[2.978244] (ei_whistle_cpp) StdoutLine: {'line': b'-- Detecting CXX compile features - done\n'}
[3.022919] (ei_whistle_cpp) StdoutLine: {'line': b'-- Found ament_cmake: 1.3.12 (/opt/ros/humble/share/ament_cmake/cmake)\n'}
[3.024031] (-) TimerEvent: {}
[3.124793] (-) TimerEvent: {}
[3.225574] (-) TimerEvent: {}
[3.326231] (-) TimerEvent: {}
[3.426876] (-) TimerEvent: {}
[3.527522] (-) TimerEvent: {}
[3.628185] (-) TimerEvent: {}
[3.728961] (-) TimerEvent: {}
[3.829992] (-) TimerEvent: {}
[3.930719] (-) TimerEvent: {}
[4.031393] (-) TimerEvent: {}
[4.132147] (-) TimerEvent: {}
[4.233210] (-) TimerEvent: {}
[4.333896] (-) TimerEvent: {}
[4.434563] (-) TimerEvent: {}
[4.535308] (-) TimerEvent: {}
[4.635997] (-) TimerEvent: {}
[4.736760] (-) TimerEvent: {}
[4.809520] (ei_whistle_cpp) StdoutLine: {'line': b'-- Found Python3: /usr/bin/python3 (found version "3.10.12") found components: Interpreter \n'}
[4.836969] (-) TimerEvent: {}
[4.937834] (-) TimerEvent: {}
[5.038525] (-) TimerEvent: {}
[5.139359] (-) TimerEvent: {}
[5.240196] (-) TimerEvent: {}
[5.340871] (-) TimerEvent: {}
[5.441601] (-) TimerEvent: {}
[5.509285] (ei_whistle_cpp) StdoutLine: {'line': b'-- Found rclcpp: 16.0.15 (/opt/ros/humble/share/rclcpp/cmake)\n'}
[5.541778] (-) TimerEvent: {}
[5.642490] (-) TimerEvent: {}
[5.743208] (-) TimerEvent: {}
[5.843901] (-) TimerEvent: {}
[5.944618] (-) TimerEvent: {}
[5.974780] (ei_whistle_cpp) StdoutLine: {'line': b'-- Found rosidl_generator_c: 3.1.7 (/opt/ros/humble/share/rosidl_generator_c/cmake)\n'}
[6.030935] (ei_whistle_cpp) StdoutLine: {'line': b'-- Found rosidl_adapter: 3.1.7 (/opt/ros/humble/share/rosidl_adapter/cmake)\n'}
[6.044860] (-) TimerEvent: {}
[6.112317] (ei_whistle_cpp) StdoutLine: {'line': b'-- Found rosidl_generator_cpp: 3.1.7 (/opt/ros/humble/share/rosidl_generator_cpp/cmake)\n'}
[6.145041] (-) TimerEvent: {}
[6.221460] (ei_whistle_cpp) StdoutLine: {'line': b'-- Using all available rosidl_typesupport_c: rosidl_typesupport_fastrtps_c;rosidl_typesupport_introspection_c\n'}
[6.245282] (-) TimerEvent: {}
[6.346044] (-) TimerEvent: {}
[6.359046] (ei_whistle_cpp) StdoutLine: {'line': b'-- Using all available rosidl_typesupport_cpp: rosidl_typesupport_fastrtps_cpp;rosidl_typesupport_introspection_cpp\n'}
[6.446225] (-) TimerEvent: {}
[6.546931] (-) TimerEvent: {}
[6.647639] (-) TimerEvent: {}
[6.748427] (-) TimerEvent: {}
[6.750326] (ei_whistle_cpp) StdoutLine: {'line': b'-- Found rmw_implementation_cmake: 6.1.2 (/opt/ros/humble/share/rmw_implementation_cmake/cmake)\n'}
[6.780995] (ei_whistle_cpp) StdoutLine: {'line': b'-- Found rmw_fastrtps_cpp: 6.2.9 (/opt/ros/humble/share/rmw_fastrtps_cpp/cmake)\n'}
[6.848603] (-) TimerEvent: {}
[6.949700] (-) TimerEvent: {}
[7.050418] (-) TimerEvent: {}
[7.151097] (-) TimerEvent: {}
[7.251798] (-) TimerEvent: {}
[7.352562] (-) TimerEvent: {}
[7.453423] (-) TimerEvent: {}
[7.517936] (ei_whistle_cpp) StdoutLine: {'line': b'-- Found OpenSSL: /usr/lib/aarch64-linux-gnu/libcrypto.so (found version "3.0.2")  \n'}
[7.553596] (-) TimerEvent: {}
[7.654274] (-) TimerEvent: {}
[7.754974] (-) TimerEvent: {}
[7.838937] (ei_whistle_cpp) StdoutLine: {'line': b'-- Found FastRTPS: /opt/ros/humble/include  \n'}
[7.855173] (-) TimerEvent: {}
[7.955843] (-) TimerEvent: {}
[8.056556] (-) TimerEvent: {}
[8.157382] (-) TimerEvent: {}
[8.258124] (-) TimerEvent: {}
[8.354120] (ei_whistle_cpp) StdoutLine: {'line': b"-- Using RMW implementation 'rmw_fastrtps_cpp' as default\n"}
[8.358302] (-) TimerEvent: {}
[8.451075] (ei_whistle_cpp) StdoutLine: {'line': b'-- Looking for pthread.h\n'}
[8.458557] (-) TimerEvent: {}
[8.559326] (-) TimerEvent: {}
[8.660057] (-) TimerEvent: {}
[8.760758] (-) TimerEvent: {}
[8.861577] (-) TimerEvent: {}
[8.867999] (ei_whistle_cpp) StdoutLine: {'line': b'-- Looking for pthread.h - found\n'}
[8.871061] (ei_whistle_cpp) StdoutLine: {'line': b'-- Performing Test CMAKE_HAVE_LIBC_PTHREAD\n'}
[8.961780] (-) TimerEvent: {}
[9.062510] (-) TimerEvent: {}
[9.163444] (-) TimerEvent: {}
[9.264184] (-) TimerEvent: {}
[9.272281] (ei_whistle_cpp) StdoutLine: {'line': b'-- Performing Test CMAKE_HAVE_LIBC_PTHREAD - Success\n'}
[9.278812] (ei_whistle_cpp) StdoutLine: {'line': b'-- Found Threads: TRUE  \n'}
[9.364378] (-) TimerEvent: {}
[9.465165] (-) TimerEvent: {}
[9.565901] (-) TimerEvent: {}
[9.666633] (-) TimerEvent: {}
[9.767331] (-) TimerEvent: {}
[9.868117] (-) TimerEvent: {}
[9.969516] (-) TimerEvent: {}
[10.070201] (-) TimerEvent: {}
[10.090135] (ei_whistle_cpp) StdoutLine: {'line': b'-- Configuring done\n'}
[10.170387] (-) TimerEvent: {}
[10.256633] (ei_whistle_cpp) StdoutLine: {'line': b'-- Generating done\n'}
[10.262206] (ei_whistle_cpp) StderrLine: {'line': b'\x1b[33mCMake Warning:\n'}
[10.262819] (ei_whistle_cpp) StderrLine: {'line': b'  Manually-specified variables were not used by the project:\n'}
[10.263191] (ei_whistle_cpp) StderrLine: {'line': b'\n'}
[10.263547] (ei_whistle_cpp) StderrLine: {'line': b'    CATKIN_INSTALL_INTO_PREFIX_ROOT\n'}
[10.263890] (ei_whistle_cpp) StderrLine: {'line': b'    CATKIN_SYMLINK_INSTALL\n'}
[10.264242] (ei_whistle_cpp) StderrLine: {'line': b'\n'}
[10.264565] (ei_whistle_cpp) StderrLine: {'line': b'\x1b[0m\n'}
[10.270572] (-) TimerEvent: {}
[10.282382] (ei_whistle_cpp) StdoutLine: {'line': b'-- Build files have been written to: /home/dev/respeaker_deep_audio/build/ei_whistle_cpp\n'}
[10.318483] (ei_whistle_cpp) CommandEnded: {'returncode': 0}
[10.320463] (ei_whistle_cpp) JobProgress: {'identifier': 'ei_whistle_cpp', 'progress': 'build'}
[10.323157] (ei_whistle_cpp) Command: {'cmd': ['/usr/bin/cmake', '--build', '/home/dev/respeaker_deep_audio/build/ei_whistle_cpp', '--', '-j4', '-l4'], 'cwd': '/home/dev/respeaker_deep_audio/build/ei_whistle_cpp', 'env': OrderedDict([('LESSOPEN', '| /usr/bin/lesspipe %s'), ('USER', 'dev'), ('SSH_CLIENT', '192.168.0.53 54172 22'), ('XDG_SESSION_TYPE', 'tty'), ('GIT_ASKPASS', '/home/dev/.vscode-server/cli/servers/Stable-ac4cbdf48759c7d8c3eb91ffe6bb04316e263c57/server/extensions/git/dist/askpass.sh'), ('SHLVL', '1'), ('LD_LIBRARY_PATH', '/opt/ros/humble/opt/rviz_ogre_vendor/lib:/opt/ros/humble/lib/aarch64-linux-gnu:/opt/ros/humble/lib'), ('BROWSER', '/home/dev/.vscode-server/cli/servers/Stable-ac4cbdf48759c7d8c3eb91ffe6bb04316e263c57/server/bin/helpers/browser.sh'), ('MOTD_SHOWN', 'pam'), ('HOME', '/home/dev'), ('OLDPWD', '/home/dev'), ('TERM_PROGRAM_VERSION', '1.106.0'), ('VSCODE_IPC_HOOK_CLI', '/run/user/1000/vscode-ipc-19fbfdff-b542-403a-97a4-7a02d5e5dcdd.sock'), ('ROS_PYTHON_VERSION', '3'), ('VSCODE_GIT_ASKPASS_MAIN', '/home/dev/.vscode-server/cli/servers/Stable-ac4cbdf48759c7d8c3eb91ffe6bb04316e263c57/server/extensions/git/dist/askpass-main.js'), ('VSCODE_GIT_ASKPASS_NODE', '/home/dev/.vscode-server/cli/servers/Stable-ac4cbdf48759c7d8c3eb91ffe6bb04316e263c57/server/node'), ('SSL_CERT_FILE', '/usr/lib/ssl/certs/ca-certificates.crt'), ('VSCODE_PYTHON_AUTOACTIVATE_GUARD', '1'), ('DBUS_SESSION_BUS_ADDRESS', 'unix:path=/run/user/1000/bus'), ('COLORTERM', 'truecolor'), ('ROS_DISTRO', 'humble'), ('LOGNAME', 'dev'), ('_', '/usr/bin/colcon'), ('ROS_VERSION', '2'), ('XDG_SESSION_CLASS', 'user'), ('TERM', 'xterm-256color'), ('XDG_SESSION_ID', '4'), ('ROS_LOCALHOST_ONLY', '0'), ('PATH', '/opt/ros/humble/bin:/home/dev/.vscode-server/data/User/globalStorage/github.copilot-chat/debugCommand:/home/dev/.vscode-server/data/User/globalStorage/github.copilot-chat/copilotCli:/home/dev/.vscode-server/cli/servers/Stable-ac4cbdf48759c7d8c3eb91ffe6bb04316e263c57/server/bin/remote-cli:/home/dev/.local/bin:/usr/local/sbin:/usr/local/bin:/usr/sbin:/usr/bin:/sbin:/bin:/usr/games:/usr/local/games:/snap/bin'), ('XDG_RUNTIME_DIR', '/run/user/1000'), ('SSL_CERT_DIR', '/usr/lib/ssl/certs'), ('LANG', 'en_US.UTF-8'), ('LS_COLORS', 'rs=0:di=01;34:ln=01;36:mh=00:pi=40;33:so=01;35:do=01;35:bd=40;33;01:cd=40;33;01:or=40;31;01:mi=00:su=37;41:sg=30;43:ca=30;41:tw=30;42:ow=34;42:st=37;44:ex=01;32:*.tar=01;31:*.tgz=01;31:*.arc=01;31:*.arj=01;31:*.taz=01;31:*.lha=01;31:*.lz4=01;31:*.lzh=01;31:*.lzma=01;31:*.tlz=01;31:*.txz=01;31:*.tzo=01;31:*.t7z=01;31:*.zip=01;31:*.z=01;31:*.dz=01;31:*.gz=01;31:*.lrz=01;31:*.lz=01;31:*.lzo=01;31:*.xz=01;31:*.zst=01;31:*.tzst=01;31:*.bz2=01;31:*.bz=01;31:*.tbz=01;31:*.tbz2=01;31:*.tz=01;31:*.deb=01;31:*.rpm=01;31:*.jar=01;31:*.war=01;31:*.ear=01;31:*.sar=01;31:*.rar=01;31:*.alz=01;31:*.ace=01;31:*.zoo=01;31:*.cpio=01;31:*.7z=01;31:*.rz=01;31:*.cab=01;31:*.wim=01;31:*.swm=01;31:*.dwm=01;31:*.esd=01;31:*.jpg=01;35:*.jpeg=01;35:*.mjpg=01;35:*.mjpeg=01;35:*.gif=01;35:*.bmp=01;35:*.pbm=01;35:*.pgm=01;35:*.ppm=01;35:*.tga=01;35:*.xbm=01;35:*.xpm=01;35:*.tif=01;35:*.tiff=01;35:*.png=01;35:*.svg=01;35:*.svgz=01;35:*.mng=01;35:*.pcx=01;35:*.mov=01;35:*.mpg=01;35:*.mpeg=01;35:*.m2v=01;35:*.mkv=01;35:*.webm=01;35:*.webp=01;35:*.ogm=01;35:*.mp4=01;35:*.m4v=01;35:*.mp4v=01;35:*.vob=01;35:*.qt=01;35:*.nuv=01;35:*.wmv=01;35:*.asf=01;35:*.rm=01;35:*.rmvb=01;35:*.flc=01;35:*.avi=01;35:*.fli=01;35:*.flv=01;35:*.gl=01;35:*.dl=01;35:*.xcf=01;35:*.xwd=01;35:*.yuv=01;35:*.cgm=01;35:*.emf=01;35:*.ogv=01;35:*.ogx=01;35:*.aac=00;36:*.au=00;36:*.flac=00;36:*.m4a=00;36:*.mid=00;36:*.midi=00;36:*.mka=00;36:*.mp3=00;36:*.mpc=00;36:*.ogg=00;36:*.ra=00;36:*.wav=00;36:*.oga=00;36:*.opus=00;36:*.spx=00;36:*.xspf=00;36:'), ('VSCODE_GIT_IPC_HANDLE', '/run/user/1000/vscode-git-d6a1acb6aa.sock'), ('TERM_PROGRAM', 'vscode'), ('AMENT_PREFIX_PATH', '/opt/ros/humble'), ('SHELL', '/bin/bash'), ('LESSCLOSE', '/usr/bin/lesspipe %s %s'), ('VSCODE_GIT_ASKPASS_EXTRA_ARGS', ''), ('PWD', '/home/dev/respeaker_deep_audio/build/ei_whistle_cpp'), ('LC_ALL', 'en_US.UTF-8'), ('SSH_CONNECTION', '192.168.0.53 54172 192.168.0.17 22'), ('XDG_DATA_DIRS', '/usr/share/gnome:/usr/local/share:/usr/share:/var/lib/snapd/desktop'), ('PYTHONPATH', '/opt/ros/humble/lib/python3.10/site-packages:/opt/ros/humble/local/lib/python3.10/dist-packages'), ('COLCON', '1')]), 'shell': False}
[10.370785] (-) TimerEvent: {}
[10.471630] (-) TimerEvent: {}
[10.572509] (-) TimerEvent: {}
[10.591181] (ei_whistle_cpp) StderrLine: {'line': b"gmake[2]: Warning: File '/home/dev/respeaker_deep_audio/src/ei_whistle_cpp/edge-impulse-sdk/classifier/ei_run_classifier_c.cpp' has modification time 14982 s in the future\n"}
[10.627549] (ei_whistle_cpp) StdoutLine: {'line': b'[  0%] \x1b[32mBuilding CXX object CMakeFiles/whistle_node.dir/whistle_node.cpp.o\x1b[0m\n'}
[10.634038] (ei_whistle_cpp) StdoutLine: {'line': b'[  1%] \x1b[32mBuilding CXX object CMakeFiles/whistle_node.dir/edge-impulse-sdk/dsp/dct/fast-dct-fft.cpp.o\x1b[0m\n'}
[10.634870] (ei_whistle_cpp) StdoutLine: {'line': b'[  1%] \x1b[32mBuilding CXX object CMakeFiles/whistle_node.dir/edge-impulse-sdk/classifier/ei_run_classifier_c.cpp.o\x1b[0m\n'}
[10.653906] (ei_whistle_cpp) StdoutLine: {'line': b'[  2%] \x1b[32mBuilding CXX object CMakeFiles/whistle_node.dir/edge-impulse-sdk/dsp/image/processing.cpp.o\x1b[0m\n'}
[10.672974] (-) TimerEvent: {}
[10.775599] (-) TimerEvent: {}
[10.789912] (ei_whistle_cpp) StdoutLine: {'line': b'[  3%] \x1b[32mBuilding CXX object CMakeFiles/whistle_node.dir/edge-impulse-sdk/dsp/kissfft/kiss_fft.cpp.o\x1b[0m\n'}
[10.797286] (ei_whistle_cpp) StdoutLine: {'line': b'[  3%] \x1b[32mBuilding CXX object CMakeFiles/whistle_node.dir/edge-impulse-sdk/dsp/kissfft/kiss_fftr.cpp.o\x1b[0m\n'}
[10.875778] (-) TimerEvent: {}
[10.976519] (-) TimerEvent: {}
[11.077684] (-) TimerEvent: {}
[11.178394] (-) TimerEvent: {}
[11.216333] (ei_whistle_cpp) StdoutLine: {'line': b'[  4%] \x1b[32mBuilding CXX object CMakeFiles/whistle_node.dir/edge-impulse-sdk/dsp/memory.cpp.o\x1b[0m\n'}
[11.278639] (-) TimerEvent: {}
[11.379496] (-) TimerEvent: {}
[11.480365] (-) TimerEvent: {}
[11.581470] (-) TimerEvent: {}
[11.682392] (-) TimerEvent: {}
[11.783211] (-) TimerEvent: {}
[11.884135] (-) TimerEvent: {}
[11.985147] (-) TimerEvent: {}
[12.087235] (-) TimerEvent: {}
[12.126174] (ei_whistle_cpp) StdoutLine: {'line': b'[  4%] \x1b[32mBuilding CXX object CMakeFiles/whistle_node.dir/edge-impulse-sdk/porting/posix/debug_log.cpp.o\x1b[0m\n'}
[12.187482] (-) TimerEvent: {}
[12.211293] (ei_whistle_cpp) StdoutLine: {'line': b'[  5%] \x1b[32mBuilding CXX object CMakeFiles/whistle_node.dir/edge-impulse-sdk/porting/posix/ei_classifier_porting.cpp.o\x1b[0m\n'}
[12.287759] (-) TimerEvent: {}
[12.388607] (-) TimerEvent: {}
[12.490492] (-) TimerEvent: {}
[12.562391] (ei_whistle_cpp) StdoutLine: {'line': b'[  6%] \x1b[32mBuilding C object CMakeFiles/whistle_node.dir/edge-impulse-sdk/tensorflow/lite/c/common.c.o\x1b[0m\n'}
[12.590731] (-) TimerEvent: {}
[12.692737] (-) TimerEvent: {}
[12.730043] (ei_whistle_cpp) StdoutLine: {'line': b'[  6%] \x1b[32mBuilding CXX object CMakeFiles/whistle_node.dir/edge-impulse-sdk/tensorflow/lite/core/api/common.cc.o\x1b[0m\n'}
[12.792972] (-) TimerEvent: {}
[12.894995] (-) TimerEvent: {}
[12.995966] (-) TimerEvent: {}
[13.096859] (-) TimerEvent: {}
[13.197939] (-) TimerEvent: {}
[13.268120] (ei_whistle_cpp) StdoutLine: {'line': b'[  7%] \x1b[32mBuilding CXX object CMakeFiles/whistle_node.dir/edge-impulse-sdk/tensorflow/lite/core/api/error_reporter.cc.o\x1b[0m\n'}
[13.298176] (-) TimerEvent: {}
[13.400335] (-) TimerEvent: {}
[13.468571] (ei_whistle_cpp) StdoutLine: {'line': b'[  7%] \x1b[32mBuilding CXX object CMakeFiles/whistle_node.dir/edge-impulse-sdk/tensorflow/lite/core/api/flatbuffer_conversions.cc.o\x1b[0m\n'}
[13.500533] (-) TimerEvent: {}
[13.503317] (ei_whistle_cpp) StdoutLine: {'line': b'[  8%] \x1b[32mBuilding CXX object CMakeFiles/whistle_node.dir/edge-impulse-sdk/tensorflow/lite/core/api/op_resolver.cc.o\x1b[0m\n'}
[13.527250] (ei_whistle_cpp) StdoutLine: {'line': b'[  9%] \x1b[32mBuilding CXX object CMakeFiles/whistle_node.dir/edge-impulse-sdk/tensorflow/lite/core/api/tensor_utils.cc.o\x1b[0m\n'}
[13.600728] (-) TimerEvent: {}
[13.702898] (-) TimerEvent: {}
[13.787590] (ei_whistle_cpp) StdoutLine: {'line': b'[  9%] \x1b[32mBuilding CXX object CMakeFiles/whistle_node.dir/edge-impulse-sdk/tensorflow/lite/kernels/custom/tree_ensemble_classifier.cc.o\x1b[0m\n'}
[13.803117] (-) TimerEvent: {}
[13.905617] (-) TimerEvent: {}
[14.007639] (-) TimerEvent: {}
[14.109897] (-) TimerEvent: {}
[14.211691] (-) TimerEvent: {}
[14.313361] (-) TimerEvent: {}
[14.415150] (-) TimerEvent: {}
[14.518100] (-) TimerEvent: {}
[14.620422] (-) TimerEvent: {}
[14.722820] (-) TimerEvent: {}
[14.826162] (-) TimerEvent: {}
[14.928666] (-) TimerEvent: {}
[15.031112] (-) TimerEvent: {}
[15.132264] (-) TimerEvent: {}
[15.233350] (-) TimerEvent: {}
[15.334758] (-) TimerEvent: {}
[15.435880] (-) TimerEvent: {}
[15.540555] (-) TimerEvent: {}
[15.645354] (-) TimerEvent: {}
[15.747952] (-) TimerEvent: {}
[15.850674] (-) TimerEvent: {}
[15.953204] (-) TimerEvent: {}
[16.055958] (-) TimerEvent: {}
[16.158886] (-) TimerEvent: {}
[16.261380] (-) TimerEvent: {}
[16.363868] (-) TimerEvent: {}
[16.466460] (-) TimerEvent: {}
[16.568975] (-) TimerEvent: {}
[16.671523] (-) TimerEvent: {}
[16.774309] (-) TimerEvent: {}
[16.876947] (-) TimerEvent: {}
[16.979428] (-) TimerEvent: {}
[17.091899] (-) TimerEvent: {}
[17.192986] (-) TimerEvent: {}
[17.294295] (-) TimerEvent: {}
[17.395414] (-) TimerEvent: {}
[17.496557] (-) TimerEvent: {}
[17.597610] (-) TimerEvent: {}
[17.698744] (-) TimerEvent: {}
[17.799870] (-) TimerEvent: {}
[17.817738] (ei_whistle_cpp) StdoutLine: {'line': b'[ 10%] \x1b[32mBuilding CXX object CMakeFiles/whistle_node.dir/edge-impulse-sdk/tensorflow/lite/kernels/internal/portable_tensor_utils.cc.o\x1b[0m\n'}
[17.900170] (-) TimerEvent: {}
[18.001250] (-) TimerEvent: {}
[18.102117] (-) TimerEvent: {}
[18.203019] (-) TimerEvent: {}
[18.304127] (-) TimerEvent: {}
[18.405186] (-) TimerEvent: {}
[18.506106] (-) TimerEvent: {}
[18.607014] (-) TimerEvent: {}
[18.708002] (-) TimerEvent: {}
[18.808942] (-) TimerEvent: {}
[18.909908] (-) TimerEvent: {}
[19.012356] (-) TimerEvent: {}
[19.116210] (-) TimerEvent: {}
[19.218734] (-) TimerEvent: {}
[19.321210] (-) TimerEvent: {}
[19.423567] (-) TimerEvent: {}
[19.526566] (-) TimerEvent: {}
[19.629428] (-) TimerEvent: {}
[19.732979] (-) TimerEvent: {}
[19.809767] (ei_whistle_cpp) StdoutLine: {'line': b'[ 10%] \x1b[32mBuilding CXX object CMakeFiles/whistle_node.dir/edge-impulse-sdk/tensorflow/lite/kernels/internal/quantization_util.cc.o\x1b[0m\n'}
[19.833298] (-) TimerEvent: {}
[19.935691] (-) TimerEvent: {}
[20.038435] (-) TimerEvent: {}
[20.145805] (-) TimerEvent: {}
[20.246685] (-) TimerEvent: {}
[20.330892] (ei_whistle_cpp) StdoutLine: {'line': b'[ 11%] \x1b[32mBuilding CXX object CMakeFiles/whistle_node.dir/edge-impulse-sdk/tensorflow/lite/kernels/internal/reference_portable_tensor_utils.cc.o\x1b[0m\n'}
[20.346922] (-) TimerEvent: {}
[20.448456] (-) TimerEvent: {}
[20.549312] (-) TimerEvent: {}
[20.650164] (-) TimerEvent: {}
[20.751111] (-) TimerEvent: {}
[20.852055] (-) TimerEvent: {}
[20.954289] (-) TimerEvent: {}
[21.055215] (-) TimerEvent: {}
[21.156219] (-) TimerEvent: {}
[21.257273] (-) TimerEvent: {}
[21.358345] (-) TimerEvent: {}
[21.459559] (-) TimerEvent: {}
[21.560660] (-) TimerEvent: {}
[21.661869] (-) TimerEvent: {}
[21.763070] (-) TimerEvent: {}
[21.873222] (-) TimerEvent: {}
[21.988991] (-) TimerEvent: {}
[22.098186] (-) TimerEvent: {}
[22.200953] (-) TimerEvent: {}
[22.303713] (-) TimerEvent: {}
[22.406551] (-) TimerEvent: {}
[22.509243] (-) TimerEvent: {}
[22.611546] (-) TimerEvent: {}
[22.722834] (-) TimerEvent: {}
[22.833220] (-) TimerEvent: {}
[22.941564] (-) TimerEvent: {}
[23.044358] (-) TimerEvent: {}
[23.147514] (-) TimerEvent: {}
[23.250263] (-) TimerEvent: {}
[23.282094] (ei_whistle_cpp) StdoutLine: {'line': b'[ 12%] \x1b[32mBuilding CXX object CMakeFiles/whistle_node.dir/edge-impulse-sdk/tensorflow/lite/kernels/internal/tensor_utils.cc.o\x1b[0m\n'}
[23.350630] (-) TimerEvent: {}
[23.455492] (-) TimerEvent: {}
[23.559190] (-) TimerEvent: {}
[23.662600] (-) TimerEvent: {}
[23.765253] (-) TimerEvent: {}
[23.866273] (-) TimerEvent: {}
[23.967354] (-) TimerEvent: {}
[24.069590] (-) TimerEvent: {}
[24.170556] (-) TimerEvent: {}
[24.271667] (-) TimerEvent: {}
[24.372745] (-) TimerEvent: {}
[24.475371] (-) TimerEvent: {}
[24.578061] (-) TimerEvent: {}
[24.680614] (-) TimerEvent: {}
[24.783375] (-) TimerEvent: {}
[24.886099] (-) TimerEvent: {}
[24.989626] (-) TimerEvent: {}
[25.092380] (-) TimerEvent: {}
[25.196663] (-) TimerEvent: {}
[25.299332] (-) TimerEvent: {}
[25.402865] (-) TimerEvent: {}
[25.505638] (-) TimerEvent: {}
[25.609138] (-) TimerEvent: {}
[25.711810] (-) TimerEvent: {}
[25.816139] (-) TimerEvent: {}
[25.969996] (-) TimerEvent: {}
[26.081187] (-) TimerEvent: {}
[26.184162] (-) TimerEvent: {}
[26.285194] (-) TimerEvent: {}
[26.397225] (-) TimerEvent: {}
[26.498223] (-) TimerEvent: {}
[26.617207] (-) TimerEvent: {}
[26.737199] (-) TimerEvent: {}
[26.844878] (-) TimerEvent: {}
[26.950511] (-) TimerEvent: {}
[27.067790] (-) TimerEvent: {}
[27.181147] (-) TimerEvent: {}
[27.282134] (-) TimerEvent: {}
[27.383730] (-) TimerEvent: {}
[27.485993] (-) TimerEvent: {}
[27.588336] (-) TimerEvent: {}
[27.691550] (-) TimerEvent: {}
[27.794241] (-) TimerEvent: {}
[27.897112] (-) TimerEvent: {}
[27.999696] (-) TimerEvent: {}
[28.102247] (-) TimerEvent: {}
[28.204724] (-) TimerEvent: {}
[28.307437] (-) TimerEvent: {}
[28.410018] (-) TimerEvent: {}
[28.512556] (-) TimerEvent: {}
[28.614967] (-) TimerEvent: {}
[28.717441] (-) TimerEvent: {}
[28.818734] (-) TimerEvent: {}
[28.920571] (-) TimerEvent: {}
[29.021623] (-) TimerEvent: {}
[29.122846] (-) TimerEvent: {}
[29.227327] (-) TimerEvent: {}
[29.329758] (-) TimerEvent: {}
[29.431936] (-) TimerEvent: {}
[29.486249] (ei_whistle_cpp) StdoutLine: {'line': b'[ 12%] \x1b[32mBuilding CXX object CMakeFiles/whistle_node.dir/edge-impulse-sdk/tensorflow/lite/kernels/kernel_util_lite.cc.o\x1b[0m\n'}
[29.537240] (-) TimerEvent: {}
[29.641318] (-) TimerEvent: {}
[29.743636] (-) TimerEvent: {}
[29.758300] (ei_whistle_cpp) StdoutLine: {'line': b'[ 13%] \x1b[32mBuilding CXX object CMakeFiles/whistle_node.dir/edge-impulse-sdk/tensorflow/lite/micro/all_ops_resolver.cc.o\x1b[0m\n'}
[29.857262] (-) TimerEvent: {}
[29.961212] (-) TimerEvent: {}
[30.072698] (-) TimerEvent: {}
[30.177210] (-) TimerEvent: {}
[30.279570] (-) TimerEvent: {}
[30.389240] (-) TimerEvent: {}
[30.505267] (-) TimerEvent: {}
[30.610181] (-) TimerEvent: {}
[30.712143] (-) TimerEvent: {}
[30.813881] (-) TimerEvent: {}
[30.916003] (-) TimerEvent: {}
[31.018690] (-) TimerEvent: {}
[31.120752] (-) TimerEvent: {}
[31.223168] (-) TimerEvent: {}
[31.324931] (-) TimerEvent: {}
[31.426911] (-) TimerEvent: {}
[31.537247] (-) TimerEvent: {}
[31.639362] (-) TimerEvent: {}
[31.741743] (-) TimerEvent: {}
[31.844322] (-) TimerEvent: {}
[31.946611] (-) TimerEvent: {}
[32.049138] (-) TimerEvent: {}
[32.162849] (-) TimerEvent: {}
[32.265269] (-) TimerEvent: {}
[32.367606] (-) TimerEvent: {}
[32.469797] (-) TimerEvent: {}
[32.572924] (-) TimerEvent: {}
[32.677336] (-) TimerEvent: {}
[32.778463] (-) TimerEvent: {}
[32.879516] (-) TimerEvent: {}
[32.985270] (-) TimerEvent: {}
[33.086246] (-) TimerEvent: {}
[33.188586] (-) TimerEvent: {}
[33.291180] (-) TimerEvent: {}
[33.398224] (-) TimerEvent: {}
[33.499368] (-) TimerEvent: {}
[33.600397] (-) TimerEvent: {}
[33.707961] (-) TimerEvent: {}
[33.808985] (-) TimerEvent: {}
[33.910067] (-) TimerEvent: {}
[34.011385] (-) TimerEvent: {}
[34.112467] (-) TimerEvent: {}
[34.213575] (-) TimerEvent: {}
[34.325328] (-) TimerEvent: {}
[34.426462] (-) TimerEvent: {}
[34.527561] (-) TimerEvent: {}
[34.641291] (-) TimerEvent: {}
[34.742384] (-) TimerEvent: {}
[34.843459] (-) TimerEvent: {}
[34.944435] (-) TimerEvent: {}
[35.045427] (-) TimerEvent: {}
[35.165370] (-) TimerEvent: {}
[35.266484] (-) TimerEvent: {}
[35.368815] (-) TimerEvent: {}
[35.470201] (-) TimerEvent: {}
[35.571695] (-) TimerEvent: {}
[35.672696] (-) TimerEvent: {}
[35.729602] (ei_whistle_cpp) StdoutLine: {'line': b'[ 13%] \x1b[32mBuilding CXX object CMakeFiles/whistle_node.dir/edge-impulse-sdk/tensorflow/lite/micro/fake_micro_context.cc.o\x1b[0m\n'}
[35.772932] (-) TimerEvent: {}
[35.873979] (-) TimerEvent: {}
[35.974911] (-) TimerEvent: {}
[36.075854] (-) TimerEvent: {}
[36.176854] (-) TimerEvent: {}
[36.277939] (-) TimerEvent: {}
[36.378950] (-) TimerEvent: {}
[36.480034] (-) TimerEvent: {}
[36.581137] (-) TimerEvent: {}
[36.682146] (-) TimerEvent: {}
[36.783144] (-) TimerEvent: {}
[36.884313] (-) TimerEvent: {}
[36.985420] (-) TimerEvent: {}
[37.089246] (-) TimerEvent: {}
[37.190304] (-) TimerEvent: {}
[37.291358] (-) TimerEvent: {}
[37.392392] (-) TimerEvent: {}
[37.493396] (-) TimerEvent: {}
[37.594476] (-) TimerEvent: {}
[37.695494] (-) TimerEvent: {}
[37.796502] (-) TimerEvent: {}
[37.897519] (-) TimerEvent: {}
[38.001261] (-) TimerEvent: {}
[38.102218] (-) TimerEvent: {}
[38.203274] (-) TimerEvent: {}
[38.304258] (-) TimerEvent: {}
[38.405346] (-) TimerEvent: {}
[38.506983] (-) TimerEvent: {}
[38.608037] (-) TimerEvent: {}
[38.711258] (-) TimerEvent: {}
[38.825226] (-) TimerEvent: {}
[38.926391] (-) TimerEvent: {}
[39.033296] (-) TimerEvent: {}
[39.134653] (-) TimerEvent: {}
[39.235754] (-) TimerEvent: {}
[39.336854] (-) TimerEvent: {}
[39.438554] (-) TimerEvent: {}
[39.539588] (-) TimerEvent: {}
[39.572817] (ei_whistle_cpp) StdoutLine: {'line': b'[ 14%] \x1b[32mBuilding CXX object CMakeFiles/whistle_node.dir/edge-impulse-sdk/tensorflow/lite/micro/flatbuffer_conversions_bridge.cc.o\x1b[0m\n'}
[39.639960] (-) TimerEvent: {}
[39.740935] (-) TimerEvent: {}
[39.841852] (-) TimerEvent: {}
[39.942882] (-) TimerEvent: {}
[40.043938] (-) TimerEvent: {}
[40.145063] (-) TimerEvent: {}
[40.246141] (-) TimerEvent: {}
[40.347257] (-) TimerEvent: {}
[40.448362] (-) TimerEvent: {}
[40.549962] (-) TimerEvent: {}
[40.651062] (-) TimerEvent: {}
[40.752188] (-) TimerEvent: {}
[40.853403] (-) TimerEvent: {}
[40.954561] (-) TimerEvent: {}
[41.055722] (-) TimerEvent: {}
[41.156894] (-) TimerEvent: {}
[41.258104] (-) TimerEvent: {}
[41.344374] (ei_whistle_cpp) StdoutLine: {'line': b'[ 15%] \x1b[32mBuilding CXX object CMakeFiles/whistle_node.dir/edge-impulse-sdk/tensorflow/lite/micro/flatbuffer_utils.cc.o\x1b[0m\n'}
[41.358332] (-) TimerEvent: {}
[41.459298] (-) TimerEvent: {}
[41.560345] (-) TimerEvent: {}
[41.661389] (-) TimerEvent: {}
[41.762455] (-) TimerEvent: {}
[41.864648] (-) TimerEvent: {}
[41.966880] (-) TimerEvent: {}
[42.069295] (-) TimerEvent: {}
[42.172094] (-) TimerEvent: {}
[42.274539] (-) TimerEvent: {}
[42.376803] (-) TimerEvent: {}
[42.479765] (-) TimerEvent: {}
[42.582768] (-) TimerEvent: {}
[42.684585] (-) TimerEvent: {}
[42.785715] (-) TimerEvent: {}
[42.886754] (-) TimerEvent: {}
[42.987873] (-) TimerEvent: {}
[43.088926] (-) TimerEvent: {}
[43.190011] (-) TimerEvent: {}
[43.291363] (-) TimerEvent: {}
[43.393088] (-) TimerEvent: {}
[43.494331] (-) TimerEvent: {}
[43.595393] (-) TimerEvent: {}
[43.697682] (-) TimerEvent: {}
[43.800163] (-) TimerEvent: {}
[43.905619] (-) TimerEvent: {}
[43.976966] (ei_whistle_cpp) StdoutLine: {'line': b'[ 15%] \x1b[32mBuilding CXX object CMakeFiles/whistle_node.dir/edge-impulse-sdk/tensorflow/lite/micro/kernels/activations.cc.o\x1b[0m\n'}
[44.005923] (-) TimerEvent: {}
[44.108817] (-) TimerEvent: {}
[44.215682] (-) TimerEvent: {}
[44.318199] (-) TimerEvent: {}
[44.420666] (-) TimerEvent: {}
[44.512157] (ei_whistle_cpp) StdoutLine: {'line': b'[ 16%] \x1b[32mBuilding CXX object CMakeFiles/whistle_node.dir/edge-impulse-sdk/tensorflow/lite/micro/kernels/activations_common.cc.o\x1b[0m\n'}
[44.521145] (-) TimerEvent: {}
[44.623248] (-) TimerEvent: {}
[44.724564] (-) TimerEvent: {}
[44.825781] (-) TimerEvent: {}
[44.926858] (-) TimerEvent: {}
[45.027737] (-) TimerEvent: {}
[45.128965] (-) TimerEvent: {}
[45.229967] (-) TimerEvent: {}
[45.330849] (-) TimerEvent: {}
[45.431801] (-) TimerEvent: {}
[45.532748] (-) TimerEvent: {}
[45.633750] (-) TimerEvent: {}
[45.734639] (-) TimerEvent: {}
[45.835692] (-) TimerEvent: {}
[45.936932] (-) TimerEvent: {}
[46.037973] (-) TimerEvent: {}
[46.139065] (-) TimerEvent: {}
[46.240141] (-) TimerEvent: {}
[46.341266] (-) TimerEvent: {}
[46.442261] (-) TimerEvent: {}
[46.543367] (-) TimerEvent: {}
[46.644501] (-) TimerEvent: {}
[46.745643] (-) TimerEvent: {}
[46.846922] (-) TimerEvent: {}
[46.948038] (-) TimerEvent: {}
[47.049274] (-) TimerEvent: {}
[47.150297] (-) TimerEvent: {}
[47.251252] (-) TimerEvent: {}
[47.360550] (-) TimerEvent: {}
[47.461510] (-) TimerEvent: {}
[47.562459] (-) TimerEvent: {}
[47.663526] (-) TimerEvent: {}
[47.764585] (-) TimerEvent: {}
[47.865864] (-) TimerEvent: {}
[47.966821] (-) TimerEvent: {}
[48.067826] (-) TimerEvent: {}
[48.168881] (-) TimerEvent: {}
[48.270082] (-) TimerEvent: {}
[48.371212] (-) TimerEvent: {}
[48.472463] (-) TimerEvent: {}
[48.573617] (-) TimerEvent: {}
[48.674768] (-) TimerEvent: {}
[48.775924] (-) TimerEvent: {}
[48.878151] (-) TimerEvent: {}
[48.979199] (-) TimerEvent: {}
[49.080428] (-) TimerEvent: {}
[49.181555] (-) TimerEvent: {}
[49.282524] (-) TimerEvent: {}
[49.383504] (-) TimerEvent: {}
[49.484548] (-) TimerEvent: {}
[49.585832] (-) TimerEvent: {}
[49.686827] (-) TimerEvent: {}
[49.787917] (-) TimerEvent: {}
[49.888989] (-) TimerEvent: {}
[49.990150] (-) TimerEvent: {}
[50.091101] (-) TimerEvent: {}
[50.192299] (-) TimerEvent: {}
[50.294126] (-) TimerEvent: {}
[50.397695] (-) TimerEvent: {}
[50.500696] (-) TimerEvent: {}
[50.603201] (-) TimerEvent: {}
[50.705632] (-) TimerEvent: {}
[50.808080] (-) TimerEvent: {}
[50.909973] (-) TimerEvent: {}
[51.010967] (-) TimerEvent: {}
[51.112040] (-) TimerEvent: {}
[51.213123] (-) TimerEvent: {}
[51.314120] (-) TimerEvent: {}
[51.415403] (-) TimerEvent: {}
[51.516395] (-) TimerEvent: {}
[51.617748] (-) TimerEvent: {}
[51.630967] (ei_whistle_cpp) StdoutLine: {'line': b'[ 16%] \x1b[32mBuilding CXX object CMakeFiles/whistle_node.dir/edge-impulse-sdk/tensorflow/lite/micro/kernels/add.cc.o\x1b[0m\n'}
[51.717950] (-) TimerEvent: {}
[51.818921] (-) TimerEvent: {}
[51.919924] (-) TimerEvent: {}
[52.020952] (-) TimerEvent: {}
[52.121965] (-) TimerEvent: {}
[52.222858] (-) TimerEvent: {}
[52.323796] (-) TimerEvent: {}
[52.424870] (-) TimerEvent: {}
[52.509193] (ei_whistle_cpp) StdoutLine: {'line': b'[ 17%] \x1b[32mBuilding CXX object CMakeFiles/whistle_node.dir/edge-impulse-sdk/tensorflow/lite/micro/kernels/add_common.cc.o\x1b[0m\n'}
[52.525090] (-) TimerEvent: {}
[52.625974] (-) TimerEvent: {}
[52.726930] (-) TimerEvent: {}
[52.827886] (-) TimerEvent: {}
[52.928825] (-) TimerEvent: {}
[53.030271] (-) TimerEvent: {}
[53.131386] (-) TimerEvent: {}
[53.232499] (-) TimerEvent: {}
[53.333535] (-) TimerEvent: {}
[53.434589] (-) TimerEvent: {}
[53.535713] (-) TimerEvent: {}
[53.636864] (-) TimerEvent: {}
[53.737934] (-) TimerEvent: {}
[53.838977] (-) TimerEvent: {}
[53.940100] (-) TimerEvent: {}
[54.041294] (-) TimerEvent: {}
[54.142437] (-) TimerEvent: {}
[54.243509] (-) TimerEvent: {}
[54.344728] (-) TimerEvent: {}
[54.446359] (-) TimerEvent: {}
[54.547320] (-) TimerEvent: {}
[54.648401] (-) TimerEvent: {}
[54.749410] (-) TimerEvent: {}
[54.850545] (-) TimerEvent: {}
[54.951758] (-) TimerEvent: {}
[55.052872] (-) TimerEvent: {}
[55.153945] (-) TimerEvent: {}
[55.254942] (-) TimerEvent: {}
[55.356052] (-) TimerEvent: {}
[55.457212] (-) TimerEvent: {}
[55.558291] (-) TimerEvent: {}
[55.659273] (-) TimerEvent: {}
[55.760247] (-) TimerEvent: {}
[55.861231] (-) TimerEvent: {}
[55.962172] (-) TimerEvent: {}
[56.063587] (-) TimerEvent: {}
[56.164844] (-) TimerEvent: {}
[56.266036] (-) TimerEvent: {}
[56.367098] (-) TimerEvent: {}
[56.468263] (-) TimerEvent: {}
[56.569551] (-) TimerEvent: {}
[56.670898] (-) TimerEvent: {}
[56.772201] (-) TimerEvent: {}
[56.873546] (-) TimerEvent: {}
[56.974673] (-) TimerEvent: {}
[57.075914] (-) TimerEvent: {}
[57.177097] (-) TimerEvent: {}
[57.278519] (-) TimerEvent: {}
[57.379941] (-) TimerEvent: {}
[57.481177] (-) TimerEvent: {}
[57.583731] (-) TimerEvent: {}
[57.686615] (-) TimerEvent: {}
[57.789619] (-) TimerEvent: {}
[57.894124] (-) TimerEvent: {}
[58.005332] (-) TimerEvent: {}
[58.117235] (-) TimerEvent: {}
[58.219779] (-) TimerEvent: {}
[58.322219] (-) TimerEvent: {}
[58.424568] (-) TimerEvent: {}
[58.527503] (-) TimerEvent: {}
[58.629818] (-) TimerEvent: {}
[58.734586] (-) TimerEvent: {}
[58.845262] (-) TimerEvent: {}
[58.946785] (-) TimerEvent: {}
[59.049173] (-) TimerEvent: {}
[59.152484] (-) TimerEvent: {}
[59.257282] (-) TimerEvent: {}
[59.358462] (-) TimerEvent: {}
[59.461281] (-) TimerEvent: {}
[59.564606] (-) TimerEvent: {}
[59.666911] (-) TimerEvent: {}
[59.769361] (-) TimerEvent: {}
[59.871566] (-) TimerEvent: {}
[59.973910] (-) TimerEvent: {}
[60.077586] (-) TimerEvent: {}
[60.179411] (-) TimerEvent: {}
[60.281733] (-) TimerEvent: {}
[60.384194] (-) TimerEvent: {}
[60.513949] (-) TimerEvent: {}
[60.634672] (-) TimerEvent: {}
[60.737260] (-) TimerEvent: {}
[60.839477] (-) TimerEvent: {}
[60.941953] (-) TimerEvent: {}
[61.044584] (-) TimerEvent: {}
[61.146918] (-) TimerEvent: {}
[61.249287] (-) TimerEvent: {}
[61.351695] (-) TimerEvent: {}
[61.453968] (-) TimerEvent: {}
[61.567252] (-) TimerEvent: {}
[61.680602] (-) TimerEvent: {}
[61.767244] (ei_whistle_cpp) StdoutLine: {'line': b'[ 18%] \x1b[32mBuilding CXX object CMakeFiles/whistle_node.dir/edge-impulse-sdk/tensorflow/lite/micro/kernels/add_n.cc.o\x1b[0m\n'}
[61.780853] (-) TimerEvent: {}
[61.883069] (-) TimerEvent: {}
[61.985262] (-) TimerEvent: {}
[62.088281] (-) TimerEvent: {}
[62.191336] (-) TimerEvent: {}
[62.293725] (-) TimerEvent: {}
[62.396065] (-) TimerEvent: {}
[62.498483] (-) TimerEvent: {}
[62.600787] (-) TimerEvent: {}
[62.703793] (-) TimerEvent: {}
[62.806869] (-) TimerEvent: {}
[62.909891] (-) TimerEvent: {}
[63.012775] (-) TimerEvent: {}
[63.114800] (-) TimerEvent: {}
[63.217209] (-) TimerEvent: {}
[63.319343] (-) TimerEvent: {}
[63.422729] (-) TimerEvent: {}
[63.525794] (-) TimerEvent: {}
[63.629319] (-) TimerEvent: {}
[63.732433] (-) TimerEvent: {}
[63.834694] (-) TimerEvent: {}
[63.936022] (-) TimerEvent: {}
[64.037149] (-) TimerEvent: {}
[64.138332] (-) TimerEvent: {}
[64.239484] (-) TimerEvent: {}
[64.340576] (-) TimerEvent: {}
[64.442980] (-) TimerEvent: {}
[64.545227] (-) TimerEvent: {}
[64.647659] (-) TimerEvent: {}
[64.750242] (-) TimerEvent: {}
[64.852646] (-) TimerEvent: {}
[64.954992] (-) TimerEvent: {}
[65.057983] (-) TimerEvent: {}
[65.161869] (-) TimerEvent: {}
[65.264464] (-) TimerEvent: {}
[65.368206] (-) TimerEvent: {}
[65.469439] (-) TimerEvent: {}
[65.572396] (-) TimerEvent: {}
[65.673509] (-) TimerEvent: {}
[65.774630] (-) TimerEvent: {}
[65.875813] (-) TimerEvent: {}
[65.977036] (-) TimerEvent: {}
[66.078242] (-) TimerEvent: {}
[66.179420] (-) TimerEvent: {}
[66.280661] (-) TimerEvent: {}
[66.381841] (-) TimerEvent: {}
[66.482972] (-) TimerEvent: {}
[66.584178] (-) TimerEvent: {}
[66.685499] (-) TimerEvent: {}
[66.786683] (-) TimerEvent: {}
[66.892068] (-) TimerEvent: {}
[66.993256] (-) TimerEvent: {}
[67.094419] (-) TimerEvent: {}
[67.195585] (-) TimerEvent: {}
[67.297088] (-) TimerEvent: {}
[67.398191] (-) TimerEvent: {}
[67.499445] (-) TimerEvent: {}
[67.600727] (-) TimerEvent: {}
[67.701958] (-) TimerEvent: {}
[67.803069] (-) TimerEvent: {}
[67.904291] (-) TimerEvent: {}
[68.005484] (-) TimerEvent: {}
[68.106793] (-) TimerEvent: {}
[68.208055] (-) TimerEvent: {}
[68.309191] (-) TimerEvent: {}
[68.410364] (-) TimerEvent: {}
[68.511560] (-) TimerEvent: {}
[68.612699] (-) TimerEvent: {}
[68.713911] (-) TimerEvent: {}
[68.819106] (-) TimerEvent: {}
[68.930038] (-) TimerEvent: {}
[69.033319] (-) TimerEvent: {}
[69.145224] (-) TimerEvent: {}
[69.253245] (-) TimerEvent: {}
[69.361295] (-) TimerEvent: {}
[69.466795] (-) TimerEvent: {}
[69.577227] (-) TimerEvent: {}
[69.685257] (-) TimerEvent: {}
[69.793284] (-) TimerEvent: {}
[69.901268] (-) TimerEvent: {}
[70.003654] (-) TimerEvent: {}
[70.109312] (-) TimerEvent: {}
[70.218626] (-) TimerEvent: {}
[70.329228] (-) TimerEvent: {}
[70.436226] (-) TimerEvent: {}
[70.538560] (-) TimerEvent: {}
[70.641521] (-) TimerEvent: {}
[70.743675] (-) TimerEvent: {}
[70.844635] (-) TimerEvent: {}
[70.957266] (-) TimerEvent: {}
[71.065252] (-) TimerEvent: {}
[71.169325] (-) TimerEvent: {}
[71.271756] (-) TimerEvent: {}
[71.374075] (-) TimerEvent: {}
[71.476474] (-) TimerEvent: {}
[71.578753] (-) TimerEvent: {}
[71.680886] (-) TimerEvent: {}
[71.710735] (ei_whistle_cpp) StdoutLine: {'line': b'[ 18%] \x1b[32mBuilding CXX object CMakeFiles/whistle_node.dir/edge-impulse-sdk/tensorflow/lite/micro/kernels/arg_min_max.cc.o\x1b[0m\n'}
[71.781226] (-) TimerEvent: {}
[71.882268] (-) TimerEvent: {}
[71.984581] (-) TimerEvent: {}
[72.087448] (-) TimerEvent: {}
[72.189714] (-) TimerEvent: {}
[72.292021] (-) TimerEvent: {}
[72.394348] (-) TimerEvent: {}
[72.496771] (-) TimerEvent: {}
[72.599079] (-) TimerEvent: {}
[72.702230] (-) TimerEvent: {}
[72.804804] (-) TimerEvent: {}
[72.907993] (-) TimerEvent: {}
[73.012721] (-) TimerEvent: {}
[73.115588] (-) TimerEvent: {}
[73.218298] (-) TimerEvent: {}
[73.320614] (-) TimerEvent: {}
[73.422988] (-) TimerEvent: {}
[73.525454] (-) TimerEvent: {}
[73.629246] (-) TimerEvent: {}
[73.732663] (-) TimerEvent: {}
[73.845351] (-) TimerEvent: {}
[73.949249] (-) TimerEvent: {}
[74.058918] (-) TimerEvent: {}
[74.163410] (-) TimerEvent: {}
[74.265709] (-) TimerEvent: {}
[74.368016] (-) TimerEvent: {}
[74.470230] (-) TimerEvent: {}
[74.572445] (-) TimerEvent: {}
[74.674404] (-) TimerEvent: {}
[74.776741] (-) TimerEvent: {}
[74.879164] (-) TimerEvent: {}
[74.982026] (-) TimerEvent: {}
[75.083165] (-) TimerEvent: {}
[75.185312] (-) TimerEvent: {}
[75.288861] (-) TimerEvent: {}
[75.390769] (-) TimerEvent: {}
[75.493359] (-) TimerEvent: {}
[75.596478] (-) TimerEvent: {}
[75.701218] (-) TimerEvent: {}
[75.802561] (-) TimerEvent: {}
[75.904809] (-) TimerEvent: {}
[76.007064] (-) TimerEvent: {}
[76.109552] (-) TimerEvent: {}
[76.210770] (-) TimerEvent: {}
[76.312209] (-) TimerEvent: {}
[76.413123] (-) TimerEvent: {}
[76.514031] (-) TimerEvent: {}
[76.614871] (-) TimerEvent: {}
[76.715686] (-) TimerEvent: {}
[76.816512] (-) TimerEvent: {}
[76.917840] (-) TimerEvent: {}
[77.022622] (-) TimerEvent: {}
[77.124119] (-) TimerEvent: {}
[77.225365] (-) TimerEvent: {}
[77.326255] (-) TimerEvent: {}
[77.404402] (ei_whistle_cpp) StdoutLine: {'line': b'[ 19%] \x1b[32mBuilding CXX object CMakeFiles/whistle_node.dir/edge-impulse-sdk/tensorflow/lite/micro/kernels/batch_matmul.cc.o\x1b[0m\n'}
[77.413296] (ei_whistle_cpp) StdoutLine: {'line': b'[ 19%] \x1b[32mBuilding CXX object CMakeFiles/whistle_node.dir/edge-impulse-sdk/tensorflow/lite/micro/kernels/assign_variable.cc.o\x1b[0m\n'}
[77.426588] (-) TimerEvent: {}
[77.527504] (-) TimerEvent: {}
[77.628456] (-) TimerEvent: {}
[77.730096] (-) TimerEvent: {}
[77.831834] (-) TimerEvent: {}
[77.934004] (-) TimerEvent: {}
[78.035145] (-) TimerEvent: {}
[78.136274] (-) TimerEvent: {}
[78.237346] (-) TimerEvent: {}
[78.338236] (-) TimerEvent: {}
[78.439773] (-) TimerEvent: {}
[78.498808] (ei_whistle_cpp) StdoutLine: {'line': b'[ 20%] \x1b[32mBuilding CXX object CMakeFiles/whistle_node.dir/edge-impulse-sdk/tensorflow/lite/micro/kernels/batch_to_space_nd.cc.o\x1b[0m\n'}
[78.539995] (-) TimerEvent: {}
[78.642060] (-) TimerEvent: {}
[78.745200] (-) TimerEvent: {}
[78.846179] (-) TimerEvent: {}
[78.947159] (-) TimerEvent: {}
[79.048423] (-) TimerEvent: {}
[79.151050] (-) TimerEvent: {}
[79.253170] (-) TimerEvent: {}
[79.355238] (-) TimerEvent: {}
[79.457442] (-) TimerEvent: {}
[79.560027] (-) TimerEvent: {}
[79.662105] (-) TimerEvent: {}
[79.764246] (-) TimerEvent: {}
[79.866579] (-) TimerEvent: {}
[79.968926] (-) TimerEvent: {}
[80.074387] (-) TimerEvent: {}
[80.181130] (-) TimerEvent: {}
[80.283452] (-) TimerEvent: {}
[80.384695] (-) TimerEvent: {}
[80.485758] (-) TimerEvent: {}
[80.490253] (ei_whistle_cpp) StdoutLine: {'line': b'[ 21%] \x1b[32mBuilding CXX object CMakeFiles/whistle_node.dir/edge-impulse-sdk/tensorflow/lite/micro/kernels/broadcast_args.cc.o\x1b[0m\n'}
[80.585997] (-) TimerEvent: {}
[80.688257] (-) TimerEvent: {}
[80.792949] (-) TimerEvent: {}
[80.895652] (-) TimerEvent: {}
[81.006700] (-) TimerEvent: {}
[81.109043] (-) TimerEvent: {}
[81.211119] (-) TimerEvent: {}
[81.313405] (-) TimerEvent: {}
[81.415533] (-) TimerEvent: {}
[81.517802] (-) TimerEvent: {}
[81.620203] (-) TimerEvent: {}
[81.722550] (-) TimerEvent: {}
[81.825226] (-) TimerEvent: {}
[81.927698] (-) TimerEvent: {}
[82.030300] (-) TimerEvent: {}
[82.133056] (-) TimerEvent: {}
[82.236114] (-) TimerEvent: {}
[82.338379] (-) TimerEvent: {}
[82.440747] (-) TimerEvent: {}
[82.543057] (-) TimerEvent: {}
[82.645721] (-) TimerEvent: {}
[82.748076] (-) TimerEvent: {}
[82.850378] (-) TimerEvent: {}
[82.952824] (-) TimerEvent: {}
[83.055188] (-) TimerEvent: {}
[83.157848] (-) TimerEvent: {}
[83.260480] (-) TimerEvent: {}
[83.362775] (-) TimerEvent: {}
[83.465175] (-) TimerEvent: {}
[83.568234] (-) TimerEvent: {}
[83.670663] (-) TimerEvent: {}
[83.773546] (-) TimerEvent: {}
[83.877488] (-) TimerEvent: {}
[83.978760] (-) TimerEvent: {}
[84.085583] (-) TimerEvent: {}
[84.102396] (ei_whistle_cpp) StdoutLine: {'line': b'[ 21%] \x1b[32mBuilding CXX object CMakeFiles/whistle_node.dir/edge-impulse-sdk/tensorflow/lite/micro/kernels/broadcast_to.cc.o\x1b[0m\n'}
[84.185800] (-) TimerEvent: {}
[84.286915] (-) TimerEvent: {}
[84.387964] (-) TimerEvent: {}
[84.488959] (-) TimerEvent: {}
[84.590044] (-) TimerEvent: {}
[84.691082] (-) TimerEvent: {}
[84.792327] (-) TimerEvent: {}
[84.894028] (-) TimerEvent: {}
[84.995121] (-) TimerEvent: {}
[85.096146] (-) TimerEvent: {}
[85.197198] (-) TimerEvent: {}
[85.299700] (-) TimerEvent: {}
[85.400781] (-) TimerEvent: {}
[85.418634] (ei_whistle_cpp) StdoutLine: {'line': b'[ 22%] \x1b[32mBuilding CXX object CMakeFiles/whistle_node.dir/edge-impulse-sdk/tensorflow/lite/micro/kernels/call_once.cc.o\x1b[0m\n'}
[85.501318] (-) TimerEvent: {}
[85.509680] (ei_whistle_cpp) StdoutLine: {'line': b'[ 22%] \x1b[32mBuilding CXX object CMakeFiles/whistle_node.dir/edge-impulse-sdk/tensorflow/lite/micro/kernels/cast.cc.o\x1b[0m\n'}
[85.601809] (-) TimerEvent: {}
[85.702783] (-) TimerEvent: {}
[85.803875] (-) TimerEvent: {}
[85.904886] (-) TimerEvent: {}
[86.014005] (-) TimerEvent: {}
[86.115064] (-) TimerEvent: {}
[86.216128] (-) TimerEvent: {}
[86.317198] (-) TimerEvent: {}
[86.418269] (-) TimerEvent: {}
[86.519327] (-) TimerEvent: {}
[86.620530] (-) TimerEvent: {}
[86.721668] (-) TimerEvent: {}
[86.824002] (-) TimerEvent: {}
[86.926888] (-) TimerEvent: {}
[87.029303] (-) TimerEvent: {}
[87.131706] (-) TimerEvent: {}
[87.234379] (-) TimerEvent: {}
[87.337354] (-) TimerEvent: {}
[87.440436] (-) TimerEvent: {}
[87.541560] (-) TimerEvent: {}
[87.644056] (-) TimerEvent: {}
[87.746598] (-) TimerEvent: {}
[87.849056] (-) TimerEvent: {}
[87.951320] (-) TimerEvent: {}
[88.053880] (-) TimerEvent: {}
[88.156405] (-) TimerEvent: {}
[88.259049] (-) TimerEvent: {}
[88.361618] (-) TimerEvent: {}
[88.464138] (-) TimerEvent: {}
[88.566815] (-) TimerEvent: {}
[88.669567] (-) TimerEvent: {}
[88.773209] (-) TimerEvent: {}
[88.874222] (-) TimerEvent: {}
[88.975290] (-) TimerEvent: {}
[89.076357] (-) TimerEvent: {}
[89.177493] (-) TimerEvent: {}
[89.279404] (-) TimerEvent: {}
[89.382165] (-) TimerEvent: {}
[89.483173] (-) TimerEvent: {}
[89.584575] (-) TimerEvent: {}
[89.685660] (-) TimerEvent: {}
[89.786684] (-) TimerEvent: {}
[89.887767] (-) TimerEvent: {}
[89.988795] (-) TimerEvent: {}
[90.090223] (-) TimerEvent: {}
[90.193094] (-) TimerEvent: {}
[90.294204] (-) TimerEvent: {}
[90.395321] (-) TimerEvent: {}
[90.496478] (-) TimerEvent: {}
[90.597654] (-) TimerEvent: {}
[90.698640] (-) TimerEvent: {}
[90.799614] (-) TimerEvent: {}
[90.900491] (-) TimerEvent: {}
[91.002923] (-) TimerEvent: {}
[91.110560] (-) TimerEvent: {}
[91.211593] (-) TimerEvent: {}
[91.312597] (-) TimerEvent: {}
[91.413612] (-) TimerEvent: {}
[91.514646] (-) TimerEvent: {}
[91.615623] (-) TimerEvent: {}
[91.717039] (-) TimerEvent: {}
[91.818013] (-) TimerEvent: {}
[91.918959] (-) TimerEvent: {}
[92.020431] (-) TimerEvent: {}
[92.121932] (-) TimerEvent: {}
[92.223387] (-) TimerEvent: {}
[92.324840] (-) TimerEvent: {}
[92.426320] (-) TimerEvent: {}
[92.527780] (-) TimerEvent: {}
[92.629246] (-) TimerEvent: {}
[92.730659] (-) TimerEvent: {}
[92.832180] (-) TimerEvent: {}
[92.921750] (ei_whistle_cpp) StdoutLine: {'line': b'[ 23%] \x1b[32mBuilding CXX object CMakeFiles/whistle_node.dir/edge-impulse-sdk/tensorflow/lite/micro/kernels/circular_buffer.cc.o\x1b[0m\n'}
[92.932435] (-) TimerEvent: {}
[93.034659] (-) TimerEvent: {}
[93.136717] (-) TimerEvent: {}
[93.238821] (-) TimerEvent: {}
[93.341168] (-) TimerEvent: {}
[93.457617] (-) TimerEvent: {}
[93.559746] (-) TimerEvent: {}
[93.660682] (-) TimerEvent: {}
[93.761851] (-) TimerEvent: {}
[93.862730] (-) TimerEvent: {}
[93.965094] (-) TimerEvent: {}
[93.980637] (ei_whistle_cpp) StdoutLine: {'line': b'[ 24%] \x1b[32mBuilding CXX object CMakeFiles/whistle_node.dir/edge-impulse-sdk/tensorflow/lite/micro/kernels/ceil.cc.o\x1b[0m\n'}
[94.065300] (-) TimerEvent: {}
[94.166175] (-) TimerEvent: {}
[94.267138] (-) TimerEvent: {}
[94.368105] (-) TimerEvent: {}
[94.469242] (-) TimerEvent: {}
[94.570414] (-) TimerEvent: {}
[94.671905] (-) TimerEvent: {}
[94.773371] (-) TimerEvent: {}
[94.874644] (-) TimerEvent: {}
[94.977059] (-) TimerEvent: {}
[95.080122] (-) TimerEvent: {}
[95.182132] (-) TimerEvent: {}
[95.283166] (-) TimerEvent: {}
[95.303609] (ei_whistle_cpp) StdoutLine: {'line': b'[ 24%] \x1b[32mBuilding CXX object CMakeFiles/whistle_node.dir/edge-impulse-sdk/tensorflow/lite/micro/kernels/circular_buffer_common.cc.o\x1b[0m\n'}
[95.383388] (-) TimerEvent: {}
[95.485556] (-) TimerEvent: {}
[95.588092] (-) TimerEvent: {}
[95.689200] (-) TimerEvent: {}
[95.791447] (-) TimerEvent: {}
[95.893673] (-) TimerEvent: {}
[95.995757] (-) TimerEvent: {}
[96.097983] (-) TimerEvent: {}
[96.211480] (-) TimerEvent: {}
[96.319884] (-) TimerEvent: {}
[96.424114] (-) TimerEvent: {}
[96.526663] (-) TimerEvent: {}
[96.628711] (-) TimerEvent: {}
[96.731276] (-) TimerEvent: {}
[96.833745] (-) TimerEvent: {}
[96.936004] (-) TimerEvent: {}
[97.038588] (-) TimerEvent: {}
[97.139870] (-) TimerEvent: {}
[97.241102] (-) TimerEvent: {}
[97.342231] (-) TimerEvent: {}
[97.443281] (-) TimerEvent: {}
[97.544329] (-) TimerEvent: {}
[97.651019] (-) TimerEvent: {}
[97.752265] (-) TimerEvent: {}
[97.853527] (-) TimerEvent: {}
[97.954662] (-) TimerEvent: {}
[98.055835] (-) TimerEvent: {}
[98.157058] (-) TimerEvent: {}
[98.258128] (-) TimerEvent: {}
[98.359303] (-) TimerEvent: {}
[98.461519] (-) TimerEvent: {}
[98.562517] (-) TimerEvent: {}
[98.663580] (-) TimerEvent: {}
[98.764557] (-) TimerEvent: {}
[98.865763] (-) TimerEvent: {}
[98.967868] (-) TimerEvent: {}
[99.069226] (-) TimerEvent: {}
[99.170600] (-) TimerEvent: {}
[99.271475] (-) TimerEvent: {}
[99.372350] (-) TimerEvent: {}
[99.473266] (-) TimerEvent: {}
[99.574206] (-) TimerEvent: {}
[99.675364] (-) TimerEvent: {}
[99.776190] (-) TimerEvent: {}
[99.877130] (-) TimerEvent: {}
[99.979047] (-) TimerEvent: {}
[100.080985] (-) TimerEvent: {}
[100.181834] (-) TimerEvent: {}
[100.282675] (-) TimerEvent: {}
[100.383551] (-) TimerEvent: {}
[100.484370] (-) TimerEvent: {}
[100.585210] (-) TimerEvent: {}
[100.686068] (-) TimerEvent: {}
[100.786894] (-) TimerEvent: {}
[100.887747] (-) TimerEvent: {}
[100.988552] (-) TimerEvent: {}
[101.089406] (-) TimerEvent: {}
[101.190154] (-) TimerEvent: {}
[101.291392] (-) TimerEvent: {}
[101.392167] (-) TimerEvent: {}
[101.492965] (-) TimerEvent: {}
[101.593744] (-) TimerEvent: {}
[101.694609] (-) TimerEvent: {}
[101.795483] (-) TimerEvent: {}
[101.896315] (-) TimerEvent: {}
[101.997122] (-) TimerEvent: {}
[102.097890] (-) TimerEvent: {}
[102.198720] (-) TimerEvent: {}
[102.299566] (-) TimerEvent: {}
[102.400405] (-) TimerEvent: {}
[102.501243] (-) TimerEvent: {}
[102.601988] (-) TimerEvent: {}
[102.677743] (ei_whistle_cpp) StdoutLine: {'line': b'[ 25%] \x1b[32mBuilding CXX object CMakeFiles/whistle_node.dir/edge-impulse-sdk/tensorflow/lite/micro/kernels/concatenation.cc.o\x1b[0m\n'}
[102.678804] (ei_whistle_cpp) StdoutLine: {'line': b'[ 25%] \x1b[32mBuilding CXX object CMakeFiles/whistle_node.dir/edge-impulse-sdk/tensorflow/lite/micro/kernels/complex_abs.cc.o\x1b[0m\n'}
[102.702239] (-) TimerEvent: {}
[102.803124] (-) TimerEvent: {}
[102.903838] (-) TimerEvent: {}
[103.004584] (-) TimerEvent: {}
[103.105380] (-) TimerEvent: {}
[103.206182] (-) TimerEvent: {}
[103.307169] (-) TimerEvent: {}
[103.407894] (-) TimerEvent: {}
[103.508661] (-) TimerEvent: {}
[103.610929] (-) TimerEvent: {}
[103.712143] (-) TimerEvent: {}
[103.728605] (ei_whistle_cpp) StdoutLine: {'line': b'[ 26%] \x1b[32mBuilding CXX object CMakeFiles/whistle_node.dir/edge-impulse-sdk/tensorflow/lite/micro/kernels/conv.cc.o\x1b[0m\n'}
[103.812396] (-) TimerEvent: {}
[103.914391] (-) TimerEvent: {}
[104.015874] (-) TimerEvent: {}
[104.116757] (-) TimerEvent: {}
[104.218074] (-) TimerEvent: {}
[104.319137] (-) TimerEvent: {}
[104.421212] (-) TimerEvent: {}
[104.523258] (-) TimerEvent: {}
[104.626289] (-) TimerEvent: {}
[104.727226] (-) TimerEvent: {}
[104.785432] (ei_whistle_cpp) StdoutLine: {'line': b'[ 27%] \x1b[32mBuilding CXX object CMakeFiles/whistle_node.dir/edge-impulse-sdk/tensorflow/lite/micro/kernels/comparisons.cc.o\x1b[0m\n'}
[104.827476] (-) TimerEvent: {}
[104.930241] (-) TimerEvent: {}
[105.032286] (-) TimerEvent: {}
[105.133247] (-) TimerEvent: {}
[105.234315] (-) TimerEvent: {}
[105.335349] (-) TimerEvent: {}
[105.436517] (-) TimerEvent: {}
[105.537588] (-) TimerEvent: {}
[105.638564] (-) TimerEvent: {}
[105.739946] (-) TimerEvent: {}
[105.841649] (-) TimerEvent: {}
[105.942589] (-) TimerEvent: {}
[106.043673] (-) TimerEvent: {}
[106.144693] (-) TimerEvent: {}
[106.245666] (-) TimerEvent: {}
[106.346820] (-) TimerEvent: {}
[106.447864] (-) TimerEvent: {}
[106.549077] (-) TimerEvent: {}
[106.650154] (-) TimerEvent: {}
[106.751140] (-) TimerEvent: {}
[106.852236] (-) TimerEvent: {}
[106.968689] (-) TimerEvent: {}
[107.069852] (-) TimerEvent: {}
[107.170850] (-) TimerEvent: {}
[107.272082] (-) TimerEvent: {}
[107.373331] (-) TimerEvent: {}
[107.474396] (-) TimerEvent: {}
[107.575472] (-) TimerEvent: {}
[107.676452] (-) TimerEvent: {}
[107.777539] (-) TimerEvent: {}
[107.878544] (-) TimerEvent: {}
[107.979509] (-) TimerEvent: {}
[108.080485] (-) TimerEvent: {}
[108.177470] (ei_whistle_cpp) StdoutLine: {'line': b'[ 27%] \x1b[32mBuilding CXX object CMakeFiles/whistle_node.dir/edge-impulse-sdk/tensorflow/lite/micro/kernels/conv_common.cc.o\x1b[0m\n'}
[108.180739] (-) TimerEvent: {}
[108.293430] (-) TimerEvent: {}
[108.395221] (-) TimerEvent: {}
[108.496199] (-) TimerEvent: {}
[108.597653] (-) TimerEvent: {}
[108.698772] (-) TimerEvent: {}
[108.809244] (-) TimerEvent: {}
[108.910341] (-) TimerEvent: {}
[109.011309] (-) TimerEvent: {}
[109.112329] (-) TimerEvent: {}
[109.213288] (-) TimerEvent: {}
[109.314202] (-) TimerEvent: {}
[109.415110] (-) TimerEvent: {}
[109.516203] (-) TimerEvent: {}
[109.617311] (-) TimerEvent: {}
[109.718512] (-) TimerEvent: {}
[109.819494] (-) TimerEvent: {}
[109.920429] (-) TimerEvent: {}
[110.021529] (-) TimerEvent: {}
[110.122674] (-) TimerEvent: {}
[110.223789] (-) TimerEvent: {}
[110.229593] (ei_whistle_cpp) StdoutLine: {'line': b'[ 28%] \x1b[32mBuilding CXX object CMakeFiles/whistle_node.dir/edge-impulse-sdk/tensorflow/lite/micro/kernels/cumsum.cc.o\x1b[0m\n'}
[110.324060] (-) TimerEvent: {}
[110.424996] (-) TimerEvent: {}
[110.526073] (-) TimerEvent: {}
[110.626977] (-) TimerEvent: {}
[110.727882] (-) TimerEvent: {}
[110.828821] (-) TimerEvent: {}
[110.929685] (-) TimerEvent: {}
[111.030623] (-) TimerEvent: {}
[111.131696] (-) TimerEvent: {}
[111.232750] (-) TimerEvent: {}
[111.333686] (-) TimerEvent: {}
[111.407533] (ei_whistle_cpp) StdoutLine: {'line': b'[ 28%] \x1b[32mBuilding CXX object CMakeFiles/whistle_node.dir/edge-impulse-sdk/tensorflow/lite/micro/kernels/depth_to_space.cc.o\x1b[0m\n'}
[111.433920] (-) TimerEvent: {}
[111.534801] (-) TimerEvent: {}
[111.635758] (-) TimerEvent: {}
[111.737092] (-) TimerEvent: {}
[111.837951] (-) TimerEvent: {}
[111.938852] (-) TimerEvent: {}
[112.046274] (-) TimerEvent: {}
[112.148260] (-) TimerEvent: {}
[112.250488] (-) TimerEvent: {}
[112.351437] (-) TimerEvent: {}
[112.452354] (-) TimerEvent: {}
[112.553321] (-) TimerEvent: {}
[112.654266] (-) TimerEvent: {}
[112.755236] (-) TimerEvent: {}
[112.856263] (-) TimerEvent: {}
[112.957453] (-) TimerEvent: {}
[113.054660] (ei_whistle_cpp) StdoutLine: {'line': b'[ 29%] \x1b[32mBuilding CXX object CMakeFiles/whistle_node.dir/edge-impulse-sdk/tensorflow/lite/micro/kernels/depthwise_conv.cc.o\x1b[0m\n'}
[113.057729] (-) TimerEvent: {}
[113.091738] (ei_whistle_cpp) StdoutLine: {'line': b'[ 30%] \x1b[32mBuilding CXX object CMakeFiles/whistle_node.dir/edge-impulse-sdk/tensorflow/lite/micro/kernels/depthwise_conv_common.cc.o\x1b[0m\n'}
[113.157948] (-) TimerEvent: {}
[113.258925] (-) TimerEvent: {}
[113.360030] (-) TimerEvent: {}
[113.461158] (-) TimerEvent: {}
[113.562202] (-) TimerEvent: {}
[113.663154] (-) TimerEvent: {}
[113.769261] (-) TimerEvent: {}
[113.871627] (-) TimerEvent: {}
[113.972748] (-) TimerEvent: {}
[114.074003] (-) TimerEvent: {}
[114.174929] (-) TimerEvent: {}
[114.276092] (-) TimerEvent: {}
[114.377448] (-) TimerEvent: {}
[114.478435] (-) TimerEvent: {}
[114.579502] (-) TimerEvent: {}
[114.680452] (-) TimerEvent: {}
[114.781420] (-) TimerEvent: {}
[114.882478] (-) TimerEvent: {}
[114.983490] (-) TimerEvent: {}
[115.084443] (-) TimerEvent: {}
[115.192118] (-) TimerEvent: {}
[115.293311] (-) TimerEvent: {}
[115.394384] (-) TimerEvent: {}
[115.495640] (-) TimerEvent: {}
[115.596589] (-) TimerEvent: {}
[115.697620] (-) TimerEvent: {}
[115.798561] (-) TimerEvent: {}
[115.899551] (-) TimerEvent: {}
[116.000697] (-) TimerEvent: {}
[116.101759] (-) TimerEvent: {}
[116.202813] (-) TimerEvent: {}
[116.254118] (ei_whistle_cpp) StdoutLine: {'line': b'[ 30%] \x1b[32mBuilding CXX object CMakeFiles/whistle_node.dir/edge-impulse-sdk/tensorflow/lite/micro/kernels/dequantize.cc.o\x1b[0m\n'}
[116.303113] (-) TimerEvent: {}
[116.405233] (-) TimerEvent: {}
[116.507247] (-) TimerEvent: {}
[116.609595] (-) TimerEvent: {}
[116.711524] (-) TimerEvent: {}
[116.813462] (-) TimerEvent: {}
[116.915394] (-) TimerEvent: {}
[117.017365] (-) TimerEvent: {}
[117.118426] (-) TimerEvent: {}
[117.219626] (-) TimerEvent: {}
[117.320988] (-) TimerEvent: {}
[117.422038] (-) TimerEvent: {}
[117.523250] (-) TimerEvent: {}
[117.567022] (ei_whistle_cpp) StdoutLine: {'line': b'[ 31%] \x1b[32mBuilding CXX object CMakeFiles/whistle_node.dir/edge-impulse-sdk/tensorflow/lite/micro/kernels/dequantize_common.cc.o\x1b[0m\n'}
[117.623551] (-) TimerEvent: {}
[117.724901] (-) TimerEvent: {}
[117.826056] (-) TimerEvent: {}
[117.926967] (-) TimerEvent: {}
[118.028021] (-) TimerEvent: {}
[118.128906] (-) TimerEvent: {}
[118.229863] (-) TimerEvent: {}
[118.330859] (-) TimerEvent: {}
[118.432313] (-) TimerEvent: {}
[118.534465] (-) TimerEvent: {}
[118.636374] (-) TimerEvent: {}
[118.740234] (-) TimerEvent: {}
[118.841289] (-) TimerEvent: {}
[118.942524] (-) TimerEvent: {}
[119.043566] (-) TimerEvent: {}
[119.144688] (-) TimerEvent: {}
[119.245833] (-) TimerEvent: {}
[119.346955] (-) TimerEvent: {}
[119.448082] (-) TimerEvent: {}
[119.549160] (-) TimerEvent: {}
[119.650281] (-) TimerEvent: {}
[119.751722] (-) TimerEvent: {}
[119.852800] (-) TimerEvent: {}
[119.955199] (-) TimerEvent: {}
[120.060751] (-) TimerEvent: {}
[120.163288] (-) TimerEvent: {}
[120.235701] (ei_whistle_cpp) StdoutLine: {'line': b'[ 31%] \x1b[32mBuilding CXX object CMakeFiles/whistle_node.dir/edge-impulse-sdk/tensorflow/lite/micro/kernels/detection_postprocess.cc.o\x1b[0m\n'}
[120.263545] (-) TimerEvent: {}
[120.367040] (-) TimerEvent: {}
[120.468336] (-) TimerEvent: {}
[120.475960] (ei_whistle_cpp) StdoutLine: {'line': b'[ 32%] \x1b[32mBuilding CXX object CMakeFiles/whistle_node.dir/edge-impulse-sdk/tensorflow/lite/micro/kernels/div.cc.o\x1b[0m\n'}
[120.568637] (-) TimerEvent: {}
[120.670339] (-) TimerEvent: {}
[120.772226] (-) TimerEvent: {}
[120.875128] (-) TimerEvent: {}
[120.978060] (-) TimerEvent: {}
[121.080019] (-) TimerEvent: {}
[121.182137] (-) TimerEvent: {}
[121.284764] (-) TimerEvent: {}
[121.386562] (-) TimerEvent: {}
[121.488385] (-) TimerEvent: {}
[121.590901] (-) TimerEvent: {}
[121.693889] (-) TimerEvent: {}
[121.795794] (-) TimerEvent: {}
[121.896796] (-) TimerEvent: {}
[121.997728] (-) TimerEvent: {}
[122.098696] (-) TimerEvent: {}
[122.208154] (-) TimerEvent: {}
[122.310742] (-) TimerEvent: {}
[122.412815] (-) TimerEvent: {}
[122.515176] (-) TimerEvent: {}
[122.616208] (-) TimerEvent: {}
[122.717442] (-) TimerEvent: {}
[122.818620] (-) TimerEvent: {}
[122.920099] (-) TimerEvent: {}
[123.021271] (-) TimerEvent: {}
[123.122354] (-) TimerEvent: {}
[123.223351] (-) TimerEvent: {}
[123.324345] (-) TimerEvent: {}
[123.425320] (-) TimerEvent: {}
[123.526840] (-) TimerEvent: {}
[123.627841] (-) TimerEvent: {}
[123.708495] (ei_whistle_cpp) StdoutLine: {'line': b'[ 33%] \x1b[32mBuilding CXX object CMakeFiles/whistle_node.dir/edge-impulse-sdk/tensorflow/lite/micro/kernels/elementwise.cc.o\x1b[0m\n'}
[123.728090] (-) TimerEvent: {}
[123.829054] (-) TimerEvent: {}
[123.932225] (-) TimerEvent: {}
[124.033391] (-) TimerEvent: {}
[124.134547] (-) TimerEvent: {}
[124.235542] (-) TimerEvent: {}
[124.336624] (-) TimerEvent: {}
[124.437753] (-) TimerEvent: {}
[124.538724] (-) TimerEvent: {}
[124.640390] (-) TimerEvent: {}
[124.738629] (ei_whistle_cpp) StdoutLine: {'line': b'[ 33%] \x1b[32mBuilding CXX object CMakeFiles/whistle_node.dir/edge-impulse-sdk/tensorflow/lite/micro/kernels/elu.cc.o\x1b[0m\n'}
[124.740634] (-) TimerEvent: {}
[124.841716] (-) TimerEvent: {}
[124.942663] (-) TimerEvent: {}
[125.043712] (-) TimerEvent: {}
[125.145403] (-) TimerEvent: {}
[125.246316] (-) TimerEvent: {}
[125.347341] (-) TimerEvent: {}
[125.448325] (-) TimerEvent: {}
[125.549357] (-) TimerEvent: {}
[125.650281] (-) TimerEvent: {}
[125.753527] (-) TimerEvent: {}
[125.855433] (-) TimerEvent: {}
[125.960025] (-) TimerEvent: {}
[126.062209] (-) TimerEvent: {}
[126.164540] (-) TimerEvent: {}
[126.267202] (-) TimerEvent: {}
[126.373775] (-) TimerEvent: {}
[126.474820] (-) TimerEvent: {}
[126.575777] (-) TimerEvent: {}
[126.676734] (-) TimerEvent: {}
[126.777929] (-) TimerEvent: {}
[126.878917] (-) TimerEvent: {}
[126.980046] (-) TimerEvent: {}
[127.081151] (-) TimerEvent: {}
[127.182291] (-) TimerEvent: {}
[127.291934] (-) TimerEvent: {}
[127.393078] (-) TimerEvent: {}
[127.494242] (-) TimerEvent: {}
[127.595383] (-) TimerEvent: {}
[127.696589] (-) TimerEvent: {}
[127.797936] (-) TimerEvent: {}
[127.899261] (-) TimerEvent: {}
[128.000554] (-) TimerEvent: {}
[128.103354] (-) TimerEvent: {}
[128.174553] (ei_whistle_cpp) StdoutLine: {'line': b'[ 34%] \x1b[32mBuilding CXX object CMakeFiles/whistle_node.dir/edge-impulse-sdk/tensorflow/lite/micro/kernels/ethosu.cc.o\x1b[0m\n'}
[128.203689] (-) TimerEvent: {}
[128.264109] (ei_whistle_cpp) StdoutLine: {'line': b'[ 34%] \x1b[32mBuilding CXX object CMakeFiles/whistle_node.dir/edge-impulse-sdk/tensorflow/lite/micro/kernels/exp.cc.o\x1b[0m\n'}
[128.303942] (-) TimerEvent: {}
[128.406098] (-) TimerEvent: {}
[128.508455] (-) TimerEvent: {}
[128.610327] (-) TimerEvent: {}
[128.712228] (-) TimerEvent: {}
[128.814428] (-) TimerEvent: {}
[128.916296] (-) TimerEvent: {}
[129.017292] (-) TimerEvent: {}
[129.118256] (-) TimerEvent: {}
[129.219334] (-) TimerEvent: {}
[129.320338] (-) TimerEvent: {}
[129.421432] (-) TimerEvent: {}
[129.522464] (-) TimerEvent: {}
[129.624043] (-) TimerEvent: {}
[129.725074] (-) TimerEvent: {}
[129.826062] (-) TimerEvent: {}
[129.927282] (-) TimerEvent: {}
[130.028462] (-) TimerEvent: {}
[130.129892] (-) TimerEvent: {}
[130.231020] (-) TimerEvent: {}
[130.332020] (-) TimerEvent: {}
[130.351119] (ei_whistle_cpp) StdoutLine: {'line': b'[ 35%] \x1b[32mBuilding CXX object CMakeFiles/whistle_node.dir/edge-impulse-sdk/tensorflow/lite/micro/kernels/expand_dims.cc.o\x1b[0m\n'}
[130.432334] (-) TimerEvent: {}
[130.533748] (-) TimerEvent: {}
[130.634802] (-) TimerEvent: {}
[130.735788] (-) TimerEvent: {}
[130.837446] (-) TimerEvent: {}
[130.938459] (-) TimerEvent: {}
[131.039524] (-) TimerEvent: {}
[131.140640] (-) TimerEvent: {}
[131.241680] (-) TimerEvent: {}
[131.342732] (-) TimerEvent: {}
[131.443897] (-) TimerEvent: {}
[131.545097] (-) TimerEvent: {}
[131.646176] (-) TimerEvent: {}
[131.660936] (ei_whistle_cpp) StdoutLine: {'line': b'[ 36%] \x1b[32mBuilding CXX object CMakeFiles/whistle_node.dir/edge-impulse-sdk/tensorflow/lite/micro/kernels/fill.cc.o\x1b[0m\n'}
[131.746396] (-) TimerEvent: {}
[131.848528] (-) TimerEvent: {}
[131.950451] (-) TimerEvent: {}
[132.052331] (-) TimerEvent: {}
[132.154258] (-) TimerEvent: {}
[132.256138] (-) TimerEvent: {}
[132.367803] (-) TimerEvent: {}
[132.468831] (-) TimerEvent: {}
[132.570119] (-) TimerEvent: {}
[132.671553] (-) TimerEvent: {}
[132.772509] (-) TimerEvent: {}
[132.873561] (-) TimerEvent: {}
[132.903278] (ei_whistle_cpp) StdoutLine: {'line': b'[ 36%] \x1b[32mBuilding CXX object CMakeFiles/whistle_node.dir/edge-impulse-sdk/tensorflow/lite/micro/kernels/floor.cc.o\x1b[0m\n'}
[132.973783] (-) TimerEvent: {}
[133.074770] (-) TimerEvent: {}
[133.175814] (-) TimerEvent: {}
[133.276929] (-) TimerEvent: {}
[133.377976] (-) TimerEvent: {}
[133.478991] (-) TimerEvent: {}
[133.580133] (-) TimerEvent: {}
[133.681257] (-) TimerEvent: {}
[133.702271] (ei_whistle_cpp) StdoutLine: {'line': b'[ 37%] \x1b[32mBuilding CXX object CMakeFiles/whistle_node.dir/edge-impulse-sdk/tensorflow/lite/micro/kernels/floor_div.cc.o\x1b[0m\n'}
[133.781443] (-) TimerEvent: {}
[133.882477] (-) TimerEvent: {}
[133.983647] (-) TimerEvent: {}
[134.085407] (-) TimerEvent: {}
[134.187196] (-) TimerEvent: {}
[134.289273] (-) TimerEvent: {}
[134.390265] (-) TimerEvent: {}
[134.491249] (-) TimerEvent: {}
[134.592197] (-) TimerEvent: {}
[134.693240] (-) TimerEvent: {}
[134.794216] (-) TimerEvent: {}
[134.895127] (-) TimerEvent: {}
[134.996538] (-) TimerEvent: {}
[135.097620] (-) TimerEvent: {}
[135.198587] (-) TimerEvent: {}
[135.299576] (-) TimerEvent: {}
[135.400581] (-) TimerEvent: {}
[135.501718] (-) TimerEvent: {}
[135.602706] (-) TimerEvent: {}
[135.703780] (-) TimerEvent: {}
[135.804990] (-) TimerEvent: {}
[135.890737] (ei_whistle_cpp) StdoutLine: {'line': b'[ 37%] \x1b[32mBuilding CXX object CMakeFiles/whistle_node.dir/edge-impulse-sdk/tensorflow/lite/micro/kernels/floor_mod.cc.o\x1b[0m\n'}
[135.905242] (-) TimerEvent: {}
[136.007455] (-) TimerEvent: {}
[136.109434] (-) TimerEvent: {}
[136.211392] (-) TimerEvent: {}
[136.314925] (-) TimerEvent: {}
[136.417100] (-) TimerEvent: {}
[136.518893] (-) TimerEvent: {}
[136.620911] (-) TimerEvent: {}
[136.723028] (-) TimerEvent: {}
[136.824983] (-) TimerEvent: {}
[136.925959] (-) TimerEvent: {}
[137.026889] (-) TimerEvent: {}
[137.124302] (ei_whistle_cpp) StdoutLine: {'line': b'[ 38%] \x1b[32mBuilding CXX object CMakeFiles/whistle_node.dir/edge-impulse-sdk/tensorflow/lite/micro/kernels/fully_connected.cc.o\x1b[0m\n'}
[137.127180] (-) TimerEvent: {}
[137.228138] (-) TimerEvent: {}
[137.328978] (-) TimerEvent: {}
[137.430919] (-) TimerEvent: {}
[137.532885] (-) TimerEvent: {}
[137.634801] (-) TimerEvent: {}
[137.736580] (-) TimerEvent: {}
[137.838898] (-) TimerEvent: {}
[137.939924] (-) TimerEvent: {}
[138.041056] (-) TimerEvent: {}
[138.142113] (-) TimerEvent: {}
[138.243077] (-) TimerEvent: {}
[138.293151] (ei_whistle_cpp) StdoutLine: {'line': b'[ 39%] \x1b[32mBuilding CXX object CMakeFiles/whistle_node.dir/edge-impulse-sdk/tensorflow/lite/micro/kernels/fully_connected_common.cc.o\x1b[0m\n'}
[138.343431] (-) TimerEvent: {}
[138.444896] (-) TimerEvent: {}
[138.545877] (-) TimerEvent: {}
[138.646802] (-) TimerEvent: {}
[138.757479] (-) TimerEvent: {}
[138.858495] (-) TimerEvent: {}
[138.960793] (-) TimerEvent: {}
[139.063143] (-) TimerEvent: {}
[139.165237] (-) TimerEvent: {}
[139.267109] (-) TimerEvent: {}
[139.369205] (-) TimerEvent: {}
[139.471096] (-) TimerEvent: {}
[139.573153] (-) TimerEvent: {}
[139.675070] (-) TimerEvent: {}
[139.777110] (-) TimerEvent: {}
[139.879133] (-) TimerEvent: {}
[139.980110] (-) TimerEvent: {}
[140.082841] (-) TimerEvent: {}
[140.183960] (-) TimerEvent: {}
[140.285607] (-) TimerEvent: {}
[140.386578] (-) TimerEvent: {}
[140.487563] (-) TimerEvent: {}
[140.588696] (-) TimerEvent: {}
[140.689801] (-) TimerEvent: {}
[140.790806] (-) TimerEvent: {}
[140.891893] (-) TimerEvent: {}
[140.993085] (-) TimerEvent: {}
[141.094292] (-) TimerEvent: {}
[141.153348] (ei_whistle_cpp) StdoutLine: {'line': b'[ 39%] \x1b[32mBuilding CXX object CMakeFiles/whistle_node.dir/edge-impulse-sdk/tensorflow/lite/micro/kernels/gather.cc.o\x1b[0m\n'}
[141.194548] (-) TimerEvent: {}
[141.295513] (-) TimerEvent: {}
[141.396514] (-) TimerEvent: {}
[141.497437] (-) TimerEvent: {}
[141.598407] (-) TimerEvent: {}
[141.699376] (-) TimerEvent: {}
[141.800271] (-) TimerEvent: {}
[141.901345] (-) TimerEvent: {}
[142.003595] (-) TimerEvent: {}
[142.104513] (-) TimerEvent: {}
[142.205391] (-) TimerEvent: {}
[142.306277] (-) TimerEvent: {}
[142.415624] (-) TimerEvent: {}
[142.516581] (-) TimerEvent: {}
[142.618958] (-) TimerEvent: {}
[142.722546] (-) TimerEvent: {}
[142.824752] (-) TimerEvent: {}
[142.926993] (-) TimerEvent: {}
[143.029314] (-) TimerEvent: {}
[143.129236] (ei_whistle_cpp) StdoutLine: {'line': b'[ 40%] \x1b[32mBuilding CXX object CMakeFiles/whistle_node.dir/edge-impulse-sdk/tensorflow/lite/micro/kernels/gather_nd.cc.o\x1b[0m\n'}
[143.130256] (-) TimerEvent: {}
[143.231435] (-) TimerEvent: {}
[143.332432] (-) TimerEvent: {}
[143.433491] (-) TimerEvent: {}
[143.534482] (-) TimerEvent: {}
[143.635564] (-) TimerEvent: {}
[143.736612] (-) TimerEvent: {}
[143.838716] (-) TimerEvent: {}
[143.942035] (-) TimerEvent: {}
[144.043009] (-) TimerEvent: {}
[144.143979] (-) TimerEvent: {}
[144.245601] (-) TimerEvent: {}
[144.346542] (-) TimerEvent: {}
[144.447685] (-) TimerEvent: {}
[144.500904] (ei_whistle_cpp) StdoutLine: {'line': b'[ 40%] \x1b[32mBuilding CXX object CMakeFiles/whistle_node.dir/edge-impulse-sdk/tensorflow/lite/micro/kernels/hard_swish.cc.o\x1b[0m\n'}
[144.547947] (-) TimerEvent: {}
[144.648929] (-) TimerEvent: {}
[144.749897] (-) TimerEvent: {}
[144.850767] (-) TimerEvent: {}
[144.951672] (-) TimerEvent: {}
[145.052637] (-) TimerEvent: {}
[145.154430] (-) TimerEvent: {}
[145.256130] (-) TimerEvent: {}
[145.357644] (-) TimerEvent: {}
[145.458613] (-) TimerEvent: {}
[145.559734] (-) TimerEvent: {}
[145.661062] (-) TimerEvent: {}
[145.762776] (-) TimerEvent: {}
[145.807664] (ei_whistle_cpp) StdoutLine: {'line': b'[ 41%] \x1b[32mBuilding CXX object CMakeFiles/whistle_node.dir/edge-impulse-sdk/tensorflow/lite/micro/kernels/hard_swish_common.cc.o\x1b[0m\n'}
[145.863051] (-) TimerEvent: {}
[145.964078] (-) TimerEvent: {}
[146.065180] (-) TimerEvent: {}
[146.166159] (-) TimerEvent: {}
[146.267194] (-) TimerEvent: {}
[146.368545] (-) TimerEvent: {}
[146.469587] (-) TimerEvent: {}
[146.570675] (-) TimerEvent: {}
[146.671883] (-) TimerEvent: {}
[146.772974] (-) TimerEvent: {}
[146.783318] (ei_whistle_cpp) StdoutLine: {'line': b'[ 42%] \x1b[32mBuilding CXX object CMakeFiles/whistle_node.dir/edge-impulse-sdk/tensorflow/lite/micro/kernels/if.cc.o\x1b[0m\n'}
[146.873349] (-) TimerEvent: {}
[146.974448] (-) TimerEvent: {}
[147.075695] (-) TimerEvent: {}
[147.176762] (-) TimerEvent: {}
[147.277824] (-) TimerEvent: {}
[147.378898] (-) TimerEvent: {}
[147.480166] (-) TimerEvent: {}
[147.582547] (-) TimerEvent: {}
[147.684697] (-) TimerEvent: {}
[147.786657] (-) TimerEvent: {}
[147.888686] (-) TimerEvent: {}
[147.990728] (-) TimerEvent: {}
[148.094183] (-) TimerEvent: {}
[148.196260] (-) TimerEvent: {}
[148.309490] (-) TimerEvent: {}
[148.411653] (-) TimerEvent: {}
[148.513451] (-) TimerEvent: {}
[148.521516] (ei_whistle_cpp) StdoutLine: {'line': b'[ 42%] \x1b[32mBuilding CXX object CMakeFiles/whistle_node.dir/edge-impulse-sdk/tensorflow/lite/micro/kernels/kernel_runner.cc.o\x1b[0m\n'}
[148.613683] (-) TimerEvent: {}
[148.715358] (-) TimerEvent: {}
[148.821206] (-) TimerEvent: {}
[148.922207] (-) TimerEvent: {}
[149.024476] (-) TimerEvent: {}
[149.126729] (-) TimerEvent: {}
[149.228964] (-) TimerEvent: {}
[149.331302] (-) TimerEvent: {}
[149.433786] (-) TimerEvent: {}
[149.536106] (-) TimerEvent: {}
[149.638244] (-) TimerEvent: {}
[149.739329] (-) TimerEvent: {}
[149.840544] (-) TimerEvent: {}
[149.941528] (-) TimerEvent: {}
[150.042529] (-) TimerEvent: {}
[150.143609] (-) TimerEvent: {}
[150.244718] (-) TimerEvent: {}
[150.345683] (-) TimerEvent: {}
[150.446719] (-) TimerEvent: {}
[150.547859] (-) TimerEvent: {}
[150.649038] (-) TimerEvent: {}
[150.750324] (-) TimerEvent: {}
[150.851457] (-) TimerEvent: {}
[150.952478] (-) TimerEvent: {}
[151.053734] (-) TimerEvent: {}
[151.154927] (-) TimerEvent: {}
[151.255977] (-) TimerEvent: {}
[151.356984] (-) TimerEvent: {}
[151.458712] (-) TimerEvent: {}
[151.559969] (-) TimerEvent: {}
[151.661153] (-) TimerEvent: {}
[151.716899] (ei_whistle_cpp) StdoutLine: {'line': b'[ 43%] \x1b[32mBuilding CXX object CMakeFiles/whistle_node.dir/edge-impulse-sdk/tensorflow/lite/micro/kernels/kernel_util_micro.cc.o\x1b[0m\n'}
[151.761448] (-) TimerEvent: {}
[151.862882] (-) TimerEvent: {}
[151.963918] (-) TimerEvent: {}
[152.064927] (-) TimerEvent: {}
[152.165894] (-) TimerEvent: {}
[152.266858] (-) TimerEvent: {}
[152.368070] (-) TimerEvent: {}
[152.469067] (-) TimerEvent: {}
[152.578292] (-) TimerEvent: {}
[152.679444] (-) TimerEvent: {}
[152.780523] (-) TimerEvent: {}
[152.881885] (-) TimerEvent: {}
[152.982824] (-) TimerEvent: {}
[153.083840] (-) TimerEvent: {}
[153.139154] (ei_whistle_cpp) StdoutLine: {'line': b'[ 43%] \x1b[32mBuilding CXX object CMakeFiles/whistle_node.dir/edge-impulse-sdk/tensorflow/lite/micro/kernels/l2_pool_2d.cc.o\x1b[0m\n'}
[153.184133] (-) TimerEvent: {}
[153.285281] (-) TimerEvent: {}
[153.386282] (-) TimerEvent: {}
[153.487359] (-) TimerEvent: {}
[153.588431] (-) TimerEvent: {}
[153.689715] (-) TimerEvent: {}
[153.790764] (-) TimerEvent: {}
[153.892767] (-) TimerEvent: {}
[153.994010] (-) TimerEvent: {}
[154.095311] (-) TimerEvent: {}
[154.196487] (-) TimerEvent: {}
[154.297591] (-) TimerEvent: {}
[154.398728] (-) TimerEvent: {}
[154.499984] (-) TimerEvent: {}
[154.601219] (-) TimerEvent: {}
[154.702368] (-) TimerEvent: {}
[154.803651] (-) TimerEvent: {}
[154.904824] (-) TimerEvent: {}
[155.007206] (-) TimerEvent: {}
[155.109200] (-) TimerEvent: {}
[155.211547] (-) TimerEvent: {}
[155.312708] (-) TimerEvent: {}
[155.414735] (-) TimerEvent: {}
[155.516710] (-) TimerEvent: {}
[155.619615] (-) TimerEvent: {}
[155.721756] (-) TimerEvent: {}
[155.823768] (-) TimerEvent: {}
[155.925797] (-) TimerEvent: {}
[156.028674] (-) TimerEvent: {}
[156.131044] (-) TimerEvent: {}
[156.233216] (-) TimerEvent: {}
[156.335227] (-) TimerEvent: {}
[156.437353] (-) TimerEvent: {}
[156.492248] (ei_whistle_cpp) StdoutLine: {'line': b'[ 44%] \x1b[32mBuilding CXX object CMakeFiles/whistle_node.dir/edge-impulse-sdk/tensorflow/lite/micro/kernels/l2norm.cc.o\x1b[0m\n'}
[156.537626] (-) TimerEvent: {}
[156.638691] (-) TimerEvent: {}
[156.739664] (-) TimerEvent: {}
[156.840625] (-) TimerEvent: {}
[156.941582] (-) TimerEvent: {}
[157.042708] (-) TimerEvent: {}
[157.144095] (-) TimerEvent: {}
[157.245212] (-) TimerEvent: {}
[157.346705] (-) TimerEvent: {}
[157.447944] (-) TimerEvent: {}
[157.549207] (-) TimerEvent: {}
[157.650307] (-) TimerEvent: {}
[157.751696] (-) TimerEvent: {}
[157.852838] (-) TimerEvent: {}
[157.953890] (-) TimerEvent: {}
[158.055117] (-) TimerEvent: {}
[158.156224] (-) TimerEvent: {}
[158.257413] (-) TimerEvent: {}
[158.358588] (-) TimerEvent: {}
[158.459874] (-) TimerEvent: {}
[158.561249] (-) TimerEvent: {}
[158.662505] (-) TimerEvent: {}
[158.777211] (-) TimerEvent: {}
[158.878394] (-) TimerEvent: {}
[158.979596] (-) TimerEvent: {}
[159.082290] (-) TimerEvent: {}
[159.184610] (-) TimerEvent: {}
[159.301461] (-) TimerEvent: {}
[159.403476] (-) TimerEvent: {}
[159.505794] (-) TimerEvent: {}
[159.607993] (-) TimerEvent: {}
[159.710076] (-) TimerEvent: {}
[159.812097] (-) TimerEvent: {}
[159.914070] (-) TimerEvent: {}
[160.015071] (-) TimerEvent: {}
[160.116124] (-) TimerEvent: {}
[160.218086] (-) TimerEvent: {}
[160.319178] (-) TimerEvent: {}
[160.420297] (-) TimerEvent: {}
[160.521467] (-) TimerEvent: {}
[160.622469] (-) TimerEvent: {}
[160.723859] (-) TimerEvent: {}
[160.825190] (-) TimerEvent: {}
[160.926274] (-) TimerEvent: {}
[161.019910] (ei_whistle_cpp) StdoutLine: {'line': b'[ 45%] \x1b[32mBuilding CXX object CMakeFiles/whistle_node.dir/edge-impulse-sdk/tensorflow/lite/micro/kernels/leaky_relu.cc.o\x1b[0m\n'}
[161.026485] (-) TimerEvent: {}
[161.127665] (-) TimerEvent: {}
[161.228696] (-) TimerEvent: {}
[161.330635] (-) TimerEvent: {}
[161.431876] (-) TimerEvent: {}
[161.533127] (-) TimerEvent: {}
[161.634478] (-) TimerEvent: {}
[161.735722] (-) TimerEvent: {}
[161.836882] (-) TimerEvent: {}
[161.938078] (-) TimerEvent: {}
[162.039172] (-) TimerEvent: {}
[162.140288] (-) TimerEvent: {}
[162.242256] (-) TimerEvent: {}
[162.344168] (-) TimerEvent: {}
[162.446431] (-) TimerEvent: {}
[162.547495] (-) TimerEvent: {}
[162.648524] (-) TimerEvent: {}
[162.755235] (-) TimerEvent: {}
[162.857311] (-) TimerEvent: {}
[162.959358] (-) TimerEvent: {}
[163.061382] (-) TimerEvent: {}
[163.163653] (-) TimerEvent: {}
[163.265535] (-) TimerEvent: {}
[163.367573] (-) TimerEvent: {}
[163.469465] (-) TimerEvent: {}
[163.571429] (-) TimerEvent: {}
[163.673423] (-) TimerEvent: {}
[163.775422] (-) TimerEvent: {}
[163.877590] (-) TimerEvent: {}
[163.980908] (-) TimerEvent: {}
[164.083894] (-) TimerEvent: {}
[164.186049] (-) TimerEvent: {}
[164.288021] (-) TimerEvent: {}
[164.390336] (-) TimerEvent: {}
[164.478389] (ei_whistle_cpp) StdoutLine: {'line': b'[ 45%] \x1b[32mBuilding CXX object CMakeFiles/whistle_node.dir/edge-impulse-sdk/tensorflow/lite/micro/kernels/leaky_relu_common.cc.o\x1b[0m\n'}
[164.490646] (-) TimerEvent: {}
[164.592623] (-) TimerEvent: {}
[164.694377] (-) TimerEvent: {}
[164.796518] (-) TimerEvent: {}
[164.898224] (-) TimerEvent: {}
[164.999930] (-) TimerEvent: {}
[165.101693] (-) TimerEvent: {}
[165.203433] (-) TimerEvent: {}
[165.304442] (-) TimerEvent: {}
[165.405446] (-) TimerEvent: {}
[165.506416] (-) TimerEvent: {}
[165.532766] (ei_whistle_cpp) StdoutLine: {'line': b'[ 46%] \x1b[32mBuilding CXX object CMakeFiles/whistle_node.dir/edge-impulse-sdk/tensorflow/lite/micro/kernels/log_softmax.cc.o\x1b[0m\n'}
[165.606682] (-) TimerEvent: {}
[165.708213] (-) TimerEvent: {}
[165.809761] (-) TimerEvent: {}
[165.911633] (-) TimerEvent: {}
[166.013391] (-) TimerEvent: {}
[166.114423] (-) TimerEvent: {}
[166.215425] (-) TimerEvent: {}
[166.316370] (-) TimerEvent: {}
[166.417471] (-) TimerEvent: {}
[166.518487] (-) TimerEvent: {}
[166.619550] (-) TimerEvent: {}
[166.720589] (-) TimerEvent: {}
[166.821674] (-) TimerEvent: {}
[166.922719] (-) TimerEvent: {}
[167.023864] (-) TimerEvent: {}
[167.124930] (-) TimerEvent: {}
[167.226028] (-) TimerEvent: {}
[167.328231] (-) TimerEvent: {}
[167.430420] (-) TimerEvent: {}
[167.532585] (-) TimerEvent: {}
[167.634590] (-) TimerEvent: {}
[167.736521] (-) TimerEvent: {}
[167.845342] (-) TimerEvent: {}
[167.947414] (-) TimerEvent: {}
[168.049447] (-) TimerEvent: {}
[168.152200] (-) TimerEvent: {}
[168.254501] (-) TimerEvent: {}
[168.356480] (-) TimerEvent: {}
[168.458508] (-) TimerEvent: {}
[168.560418] (-) TimerEvent: {}
[168.662269] (-) TimerEvent: {}
[168.761499] (ei_whistle_cpp) StdoutLine: {'line': b'[ 46%] \x1b[32mBuilding CXX object CMakeFiles/whistle_node.dir/edge-impulse-sdk/tensorflow/lite/micro/kernels/logical.cc.o\x1b[0m\n'}
[168.762402] (-) TimerEvent: {}
[168.863394] (-) TimerEvent: {}
[168.964509] (-) TimerEvent: {}
[169.065623] (-) TimerEvent: {}
[169.166746] (-) TimerEvent: {}
[169.267823] (-) TimerEvent: {}
[169.368803] (-) TimerEvent: {}
[169.469890] (-) TimerEvent: {}
[169.571083] (-) TimerEvent: {}
[169.672153] (-) TimerEvent: {}
[169.773244] (-) TimerEvent: {}
[169.874213] (-) TimerEvent: {}
[169.975377] (-) TimerEvent: {}
[170.076358] (-) TimerEvent: {}
[170.178106] (-) TimerEvent: {}
[170.280060] (-) TimerEvent: {}
[170.382331] (-) TimerEvent: {}
[170.484520] (-) TimerEvent: {}
[170.586729] (-) TimerEvent: {}
[170.688549] (-) TimerEvent: {}
[170.702200] (ei_whistle_cpp) StdoutLine: {'line': b'[ 47%] \x1b[32mBuilding CXX object CMakeFiles/whistle_node.dir/edge-impulse-sdk/tensorflow/lite/micro/kernels/logical_common.cc.o\x1b[0m\n'}
[170.793300] (-) TimerEvent: {}
[170.898129] (-) TimerEvent: {}
[171.000387] (-) TimerEvent: {}
[171.102169] (-) TimerEvent: {}
[171.204232] (-) TimerEvent: {}
[171.306066] (-) TimerEvent: {}
[171.407809] (-) TimerEvent: {}
[171.509665] (-) TimerEvent: {}
[171.612068] (-) TimerEvent: {}
[171.709977] (ei_whistle_cpp) StdoutLine: {'line': b'[ 48%] \x1b[32mBuilding CXX object CMakeFiles/whistle_node.dir/edge-impulse-sdk/tensorflow/lite/micro/kernels/logistic.cc.o\x1b[0m\n'}
[171.712368] (-) TimerEvent: {}
[171.813355] (-) TimerEvent: {}
[171.914262] (-) TimerEvent: {}
[172.015175] (-) TimerEvent: {}
[172.116173] (-) TimerEvent: {}
[172.217269] (-) TimerEvent: {}
[172.318506] (-) TimerEvent: {}
[172.419595] (-) TimerEvent: {}
[172.520658] (-) TimerEvent: {}
[172.621748] (-) TimerEvent: {}
[172.722816] (-) TimerEvent: {}
[172.823899] (-) TimerEvent: {}
[172.925086] (-) TimerEvent: {}
[173.026119] (-) TimerEvent: {}
[173.127100] (-) TimerEvent: {}
[173.228208] (-) TimerEvent: {}
[173.291576] (ei_whistle_cpp) StdoutLine: {'line': b'[ 48%] \x1b[32mBuilding CXX object CMakeFiles/whistle_node.dir/edge-impulse-sdk/tensorflow/lite/micro/kernels/logistic_common.cc.o\x1b[0m\n'}
[173.328383] (-) TimerEvent: {}
[173.429574] (-) TimerEvent: {}
[173.530897] (-) TimerEvent: {}
[173.632213] (-) TimerEvent: {}
[173.734043] (-) TimerEvent: {}
[173.835058] (-) TimerEvent: {}
[173.936885] (-) TimerEvent: {}
[174.038206] (-) TimerEvent: {}
[174.140178] (-) TimerEvent: {}
[174.242359] (-) TimerEvent: {}
[174.344129] (-) TimerEvent: {}
[174.445916] (-) TimerEvent: {}
[174.547697] (-) TimerEvent: {}
[174.649387] (-) TimerEvent: {}
[174.750333] (-) TimerEvent: {}
[174.851399] (-) TimerEvent: {}
[174.952358] (-) TimerEvent: {}
[175.053335] (-) TimerEvent: {}
[175.154199] (-) TimerEvent: {}
[175.255158] (-) TimerEvent: {}
[175.356787] (-) TimerEvent: {}
[175.457799] (-) TimerEvent: {}
[175.558754] (-) TimerEvent: {}
[175.659731] (-) TimerEvent: {}
[175.760617] (-) TimerEvent: {}
[175.826425] (ei_whistle_cpp) StdoutLine: {'line': b'[ 49%] \x1b[32mBuilding CXX object CMakeFiles/whistle_node.dir/edge-impulse-sdk/tensorflow/lite/micro/kernels/lstm_eval.cc.o\x1b[0m\n'}
[175.860876] (-) TimerEvent: {}
[175.961864] (-) TimerEvent: {}
[176.062828] (-) TimerEvent: {}
[176.163830] (-) TimerEvent: {}
[176.264779] (-) TimerEvent: {}
[176.365788] (-) TimerEvent: {}
[176.466744] (-) TimerEvent: {}
[176.567705] (-) TimerEvent: {}
[176.668720] (-) TimerEvent: {}
[176.769853] (-) TimerEvent: {}
[176.870842] (-) TimerEvent: {}
[176.971931] (-) TimerEvent: {}
[177.072978] (-) TimerEvent: {}
[177.174033] (-) TimerEvent: {}
[177.275952] (-) TimerEvent: {}
[177.377984] (-) TimerEvent: {}
[177.479980] (-) TimerEvent: {}
[177.581942] (-) TimerEvent: {}
[177.684146] (-) TimerEvent: {}
[177.787479] (-) TimerEvent: {}
[177.890018] (-) TimerEvent: {}
[177.945715] (ei_whistle_cpp) StdoutLine: {'line': b'[ 50%] \x1b[32mBuilding CXX object CMakeFiles/whistle_node.dir/edge-impulse-sdk/tensorflow/lite/micro/kernels/maximum_minimum.cc.o\x1b[0m\n'}
[177.990242] (-) TimerEvent: {}
[178.092038] (-) TimerEvent: {}
[178.193819] (-) TimerEvent: {}
[178.295497] (-) TimerEvent: {}
[178.396439] (-) TimerEvent: {}
[178.497273] (-) TimerEvent: {}
[178.598286] (-) TimerEvent: {}
[178.699472] (-) TimerEvent: {}
[178.801262] (-) TimerEvent: {}
[178.902174] (-) TimerEvent: {}
[179.003195] (-) TimerEvent: {}
[179.104182] (-) TimerEvent: {}
[179.205129] (-) TimerEvent: {}
[179.305994] (-) TimerEvent: {}
[179.406918] (-) TimerEvent: {}
[179.434784] (ei_whistle_cpp) StdoutLine: {'line': b'[ 50%] \x1b[32mBuilding CXX object CMakeFiles/whistle_node.dir/edge-impulse-sdk/tensorflow/lite/micro/kernels/micro_tensor_utils.cc.o\x1b[0m\n'}
[179.507573] (-) TimerEvent: {}
[179.608661] (-) TimerEvent: {}
[179.709669] (-) TimerEvent: {}
[179.810731] (-) TimerEvent: {}
[179.911864] (-) TimerEvent: {}
[180.012897] (-) TimerEvent: {}
[180.115378] (-) TimerEvent: {}
[180.217331] (-) TimerEvent: {}
[180.318788] (-) TimerEvent: {}
[180.419816] (-) TimerEvent: {}
[180.520905] (-) TimerEvent: {}
[180.594060] (ei_whistle_cpp) StdoutLine: {'line': b'[ 51%] \x1b[32mBuilding CXX object CMakeFiles/whistle_node.dir/edge-impulse-sdk/tensorflow/lite/micro/kernels/mirror_pad.cc.o\x1b[0m\n'}
[180.621216] (-) TimerEvent: {}
[180.722141] (-) TimerEvent: {}
[180.823072] (-) TimerEvent: {}
[180.924080] (-) TimerEvent: {}
[181.025067] (-) TimerEvent: {}
[181.126551] (-) TimerEvent: {}
[181.227546] (-) TimerEvent: {}
[181.328500] (-) TimerEvent: {}
[181.430191] (-) TimerEvent: {}
[181.531254] (-) TimerEvent: {}
[181.632227] (-) TimerEvent: {}
[181.733278] (-) TimerEvent: {}
[181.834384] (-) TimerEvent: {}
[181.937485] (-) TimerEvent: {}
[182.038819] (-) TimerEvent: {}
[182.140479] (-) TimerEvent: {}
[182.241510] (-) TimerEvent: {}
[182.342518] (-) TimerEvent: {}
[182.443668] (-) TimerEvent: {}
[182.544816] (-) TimerEvent: {}
[182.645965] (-) TimerEvent: {}
[182.747105] (-) TimerEvent: {}
[182.857866] (-) TimerEvent: {}
[182.958856] (-) TimerEvent: {}
[183.059961] (-) TimerEvent: {}
[183.161061] (-) TimerEvent: {}
[183.262169] (-) TimerEvent: {}
[183.363551] (-) TimerEvent: {}
[183.464732] (-) TimerEvent: {}
[183.565989] (-) TimerEvent: {}
[183.667143] (-) TimerEvent: {}
[183.768364] (-) TimerEvent: {}
[183.869405] (-) TimerEvent: {}
[183.970569] (-) TimerEvent: {}
[184.071417] (-) TimerEvent: {}
[184.172311] (-) TimerEvent: {}
[184.273302] (-) TimerEvent: {}
[184.374136] (-) TimerEvent: {}
[184.475020] (-) TimerEvent: {}
[184.575863] (-) TimerEvent: {}
[184.676690] (-) TimerEvent: {}
[184.777681] (-) TimerEvent: {}
[184.878507] (-) TimerEvent: {}
[184.979625] (-) TimerEvent: {}
[185.080583] (-) TimerEvent: {}
[185.181446] (-) TimerEvent: {}
[185.264646] (ei_whistle_cpp) StdoutLine: {'line': b'[ 52%] \x1b[32mBuilding CXX object CMakeFiles/whistle_node.dir/edge-impulse-sdk/tensorflow/lite/micro/kernels/mul.cc.o\x1b[0m\n'}
[185.281624] (-) TimerEvent: {}
[185.382378] (-) TimerEvent: {}
[185.483094] (-) TimerEvent: {}
[185.583813] (-) TimerEvent: {}
[185.684487] (-) TimerEvent: {}
[185.785263] (-) TimerEvent: {}
[185.885970] (-) TimerEvent: {}
[185.986713] (-) TimerEvent: {}
[186.087458] (-) TimerEvent: {}
[186.188152] (-) TimerEvent: {}
[186.288814] (-) TimerEvent: {}
[186.389519] (-) TimerEvent: {}
[186.490234] (-) TimerEvent: {}
[186.591046] (-) TimerEvent: {}
[186.691801] (-) TimerEvent: {}
[186.792576] (-) TimerEvent: {}
[186.893359] (-) TimerEvent: {}
[186.994143] (-) TimerEvent: {}
[187.094904] (-) TimerEvent: {}
[187.195669] (-) TimerEvent: {}
[187.296419] (-) TimerEvent: {}
[187.311481] (ei_whistle_cpp) StdoutLine: {'line': b'[ 52%] \x1b[32mBuilding CXX object CMakeFiles/whistle_node.dir/edge-impulse-sdk/tensorflow/lite/micro/kernels/mul_common.cc.o\x1b[0m\n'}
[187.396655] (-) TimerEvent: {}
[187.497494] (-) TimerEvent: {}
[187.598364] (-) TimerEvent: {}
[187.699167] (-) TimerEvent: {}
[187.799950] (-) TimerEvent: {}
[187.902690] (-) TimerEvent: {}
[188.003520] (-) TimerEvent: {}
[188.104305] (-) TimerEvent: {}
[188.205183] (-) TimerEvent: {}
[188.305938] (-) TimerEvent: {}
[188.359595] (ei_whistle_cpp) StdoutLine: {'line': b'[ 53%] \x1b[32mBuilding CXX object CMakeFiles/whistle_node.dir/edge-impulse-sdk/tensorflow/lite/micro/kernels/mli_slicers.cc.o\x1b[0m\n'}
[188.406166] (-) TimerEvent: {}
[188.508554] (-) TimerEvent: {}
[188.518966] (ei_whistle_cpp) StdoutLine: {'line': b'[ 53%] \x1b[32mBuilding CXX object CMakeFiles/whistle_node.dir/edge-impulse-sdk/tensorflow/lite/micro/kernels/mli_interface.cc.o\x1b[0m\n'}
[188.608764] (-) TimerEvent: {}
[188.667675] (ei_whistle_cpp) StdoutLine: {'line': b'[ 54%] \x1b[32mBuilding CXX object CMakeFiles/whistle_node.dir/edge-impulse-sdk/tensorflow/lite/micro/kernels/neg.cc.o\x1b[0m\n'}
[188.709185] (-) TimerEvent: {}
[188.810248] (-) TimerEvent: {}
[188.912241] (-) TimerEvent: {}
[189.013289] (-) TimerEvent: {}
[189.114308] (-) TimerEvent: {}
[189.215203] (-) TimerEvent: {}
[189.316183] (-) TimerEvent: {}
[189.417229] (-) TimerEvent: {}
[189.518387] (-) TimerEvent: {}
[189.619342] (-) TimerEvent: {}
[189.720263] (-) TimerEvent: {}
[189.733067] (ei_whistle_cpp) StdoutLine: {'line': b'[ 54%] \x1b[32mBuilding CXX object CMakeFiles/whistle_node.dir/edge-impulse-sdk/tensorflow/lite/micro/kernels/pack.cc.o\x1b[0m\n'}
[189.820518] (-) TimerEvent: {}
[189.922676] (-) TimerEvent: {}
[190.024793] (-) TimerEvent: {}
[190.125889] (-) TimerEvent: {}
[190.226916] (-) TimerEvent: {}
[190.327883] (-) TimerEvent: {}
[190.428947] (-) TimerEvent: {}
[190.529979] (-) TimerEvent: {}
[190.630926] (-) TimerEvent: {}
[190.731912] (-) TimerEvent: {}
[190.833192] (-) TimerEvent: {}
[190.934282] (-) TimerEvent: {}
[191.035229] (-) TimerEvent: {}
[191.136511] (-) TimerEvent: {}
[191.237713] (-) TimerEvent: {}
[191.338962] (-) TimerEvent: {}
[191.440227] (-) TimerEvent: {}
[191.541627] (-) TimerEvent: {}
[191.643086] (-) TimerEvent: {}
[191.744614] (-) TimerEvent: {}
[191.846309] (-) TimerEvent: {}
[191.947515] (-) TimerEvent: {}
[192.048636] (-) TimerEvent: {}
[192.150599] (-) TimerEvent: {}
[192.251734] (-) TimerEvent: {}
[192.352819] (-) TimerEvent: {}
[192.453910] (-) TimerEvent: {}
[192.554981] (-) TimerEvent: {}
[192.657324] (-) TimerEvent: {}
[192.759128] (-) TimerEvent: {}
[192.863979] (-) TimerEvent: {}
[192.965212] (-) TimerEvent: {}
[193.066310] (-) TimerEvent: {}
[193.167404] (-) TimerEvent: {}
[193.268505] (-) TimerEvent: {}
[193.369472] (-) TimerEvent: {}
[193.456728] (ei_whistle_cpp) StdoutLine: {'line': b'[ 55%] \x1b[32mBuilding CXX object CMakeFiles/whistle_node.dir/edge-impulse-sdk/tensorflow/lite/micro/kernels/pad.cc.o\x1b[0m\n'}
[193.469707] (-) TimerEvent: {}
[193.571637] (-) TimerEvent: {}
[193.673687] (-) TimerEvent: {}
[193.775523] (-) TimerEvent: {}
[193.878709] (-) TimerEvent: {}
[193.979948] (-) TimerEvent: {}
[194.081000] (-) TimerEvent: {}
[194.182490] (-) TimerEvent: {}
[194.283540] (-) TimerEvent: {}
[194.384599] (-) TimerEvent: {}
[194.485988] (-) TimerEvent: {}
[194.588594] (-) TimerEvent: {}
[194.623109] (ei_whistle_cpp) StdoutLine: {'line': b'[ 56%] \x1b[32mBuilding CXX object CMakeFiles/whistle_node.dir/edge-impulse-sdk/tensorflow/lite/micro/kernels/pooling.cc.o\x1b[0m\n'}
[194.688908] (-) TimerEvent: {}
[194.790822] (-) TimerEvent: {}
[194.891879] (-) TimerEvent: {}
[194.992933] (-) TimerEvent: {}
[195.094721] (-) TimerEvent: {}
[195.196546] (-) TimerEvent: {}
[195.297593] (-) TimerEvent: {}
[195.398609] (-) TimerEvent: {}
[195.499648] (-) TimerEvent: {}
[195.600618] (-) TimerEvent: {}
[195.701751] (-) TimerEvent: {}
[195.802826] (-) TimerEvent: {}
[195.904180] (-) TimerEvent: {}
[196.005291] (-) TimerEvent: {}
[196.106410] (-) TimerEvent: {}
[196.207711] (-) TimerEvent: {}
[196.308875] (-) TimerEvent: {}
[196.410161] (-) TimerEvent: {}
[196.511273] (-) TimerEvent: {}
[196.612416] (-) TimerEvent: {}
[196.713763] (-) TimerEvent: {}
[196.814841] (-) TimerEvent: {}
[196.915945] (-) TimerEvent: {}
[197.017057] (-) TimerEvent: {}
[197.118269] (-) TimerEvent: {}
[197.219340] (-) TimerEvent: {}
[197.320489] (-) TimerEvent: {}
[197.421786] (-) TimerEvent: {}
[197.522893] (-) TimerEvent: {}
[197.625100] (-) TimerEvent: {}
[197.726162] (-) TimerEvent: {}
[197.827374] (-) TimerEvent: {}
[197.929064] (-) TimerEvent: {}
[198.030237] (-) TimerEvent: {}
[198.139400] (-) TimerEvent: {}
[198.240513] (-) TimerEvent: {}
[198.341596] (-) TimerEvent: {}
[198.442671] (-) TimerEvent: {}
[198.545215] (-) TimerEvent: {}
[198.646276] (-) TimerEvent: {}
[198.747425] (-) TimerEvent: {}
[198.849457] (-) TimerEvent: {}
[198.951367] (-) TimerEvent: {}
[199.054196] (-) TimerEvent: {}
[199.129591] (ei_whistle_cpp) StdoutLine: {'line': b'[ 56%] \x1b[32mBuilding CXX object CMakeFiles/whistle_node.dir/edge-impulse-sdk/tensorflow/lite/micro/kernels/pooling_common.cc.o\x1b[0m\n'}
[199.154387] (-) TimerEvent: {}
[199.256369] (-) TimerEvent: {}
[199.358160] (-) TimerEvent: {}
[199.460006] (-) TimerEvent: {}
[199.561894] (-) TimerEvent: {}
[199.663916] (-) TimerEvent: {}
[199.766072] (-) TimerEvent: {}
[199.868278] (-) TimerEvent: {}
[199.970128] (-) TimerEvent: {}
[200.072019] (-) TimerEvent: {}
[200.174064] (-) TimerEvent: {}
[200.275108] (-) TimerEvent: {}
[200.376094] (-) TimerEvent: {}
[200.477101] (-) TimerEvent: {}
[200.578163] (-) TimerEvent: {}
[200.679271] (-) TimerEvent: {}
[200.780373] (-) TimerEvent: {}
[200.881548] (-) TimerEvent: {}
[200.982734] (-) TimerEvent: {}
[201.083911] (-) TimerEvent: {}
[201.185092] (-) TimerEvent: {}
[201.286159] (-) TimerEvent: {}
[201.387281] (-) TimerEvent: {}
[201.488554] (-) TimerEvent: {}
[201.589657] (-) TimerEvent: {}
[201.690729] (-) TimerEvent: {}
[201.791950] (-) TimerEvent: {}
[201.893162] (-) TimerEvent: {}
[201.994465] (-) TimerEvent: {}
[202.096059] (-) TimerEvent: {}
[202.197227] (-) TimerEvent: {}
[202.298369] (-) TimerEvent: {}
[202.400991] (-) TimerEvent: {}
[202.466815] (ei_whistle_cpp) StdoutLine: {'line': b'[ 57%] \x1b[32mBuilding CXX object CMakeFiles/whistle_node.dir/edge-impulse-sdk/tensorflow/lite/micro/kernels/prelu.cc.o\x1b[0m\n'}
[202.501265] (-) TimerEvent: {}
[202.602732] (-) TimerEvent: {}
[202.703837] (-) TimerEvent: {}
[202.805343] (-) TimerEvent: {}
[202.906252] (-) TimerEvent: {}
[203.007238] (-) TimerEvent: {}
[203.108324] (-) TimerEvent: {}
[203.210249] (-) TimerEvent: {}
[203.311366] (-) TimerEvent: {}
[203.412456] (-) TimerEvent: {}
[203.513764] (-) TimerEvent: {}
[203.614835] (-) TimerEvent: {}
[203.715974] (-) TimerEvent: {}
[203.817733] (-) TimerEvent: {}
[203.918747] (-) TimerEvent: {}
[204.020603] (-) TimerEvent: {}
[204.122568] (-) TimerEvent: {}
[204.224606] (-) TimerEvent: {}
[204.326022] (-) TimerEvent: {}
[204.427487] (-) TimerEvent: {}
[204.528703] (-) TimerEvent: {}
[204.629946] (-) TimerEvent: {}
[204.731397] (-) TimerEvent: {}
[204.794160] (ei_whistle_cpp) StdoutLine: {'line': b'[ 57%] \x1b[32mBuilding CXX object CMakeFiles/whistle_node.dir/edge-impulse-sdk/tensorflow/lite/micro/kernels/prelu_common.cc.o\x1b[0m\n'}
[204.831647] (-) TimerEvent: {}
[204.932720] (-) TimerEvent: {}
[205.033699] (-) TimerEvent: {}
[205.135409] (-) TimerEvent: {}
[205.236911] (-) TimerEvent: {}
[205.338022] (-) TimerEvent: {}
[205.439112] (-) TimerEvent: {}
[205.540173] (-) TimerEvent: {}
[205.641238] (-) TimerEvent: {}
[205.742269] (-) TimerEvent: {}
[205.843886] (-) TimerEvent: {}
[205.944898] (-) TimerEvent: {}
[206.045985] (-) TimerEvent: {}
[206.147047] (-) TimerEvent: {}
[206.248203] (-) TimerEvent: {}
[206.349328] (-) TimerEvent: {}
[206.450610] (-) TimerEvent: {}
[206.551815] (-) TimerEvent: {}
[206.653649] (-) TimerEvent: {}
[206.757788] (-) TimerEvent: {}
[206.785542] (ei_whistle_cpp) StdoutLine: {'line': b'[ 58%] \x1b[32mBuilding CXX object CMakeFiles/whistle_node.dir/edge-impulse-sdk/tensorflow/lite/micro/kernels/quantize.cc.o\x1b[0m\n'}
[206.858032] (-) TimerEvent: {}
[206.959137] (-) TimerEvent: {}
[207.060228] (-) TimerEvent: {}
[207.161443] (-) TimerEvent: {}
[207.262601] (-) TimerEvent: {}
[207.363851] (-) TimerEvent: {}
[207.464961] (-) TimerEvent: {}
[207.566053] (-) TimerEvent: {}
[207.667054] (-) TimerEvent: {}
[207.768036] (-) TimerEvent: {}
[207.869163] (-) TimerEvent: {}
[207.970274] (-) TimerEvent: {}
[208.071365] (-) TimerEvent: {}
[208.172514] (-) TimerEvent: {}
[208.274006] (-) TimerEvent: {}
[208.375092] (-) TimerEvent: {}
[208.476183] (-) TimerEvent: {}
[208.577210] (-) TimerEvent: {}
[208.678203] (-) TimerEvent: {}
[208.789430] (-) TimerEvent: {}
[208.890451] (-) TimerEvent: {}
[208.992563] (-) TimerEvent: {}
[209.094413] (-) TimerEvent: {}
[209.145402] (ei_whistle_cpp) StdoutLine: {'line': b'[ 59%] \x1b[32mBuilding CXX object CMakeFiles/whistle_node.dir/edge-impulse-sdk/tensorflow/lite/micro/kernels/quantize_common.cc.o\x1b[0m\n'}
[209.194675] (-) TimerEvent: {}
[209.295774] (-) TimerEvent: {}
[209.396776] (-) TimerEvent: {}
[209.497851] (-) TimerEvent: {}
[209.599818] (-) TimerEvent: {}
[209.702087] (-) TimerEvent: {}
[209.803965] (-) TimerEvent: {}
[209.906129] (-) TimerEvent: {}
[210.007876] (-) TimerEvent: {}
[210.110265] (-) TimerEvent: {}
[210.193180] (ei_whistle_cpp) StdoutLine: {'line': b'[ 59%] \x1b[32mBuilding CXX object CMakeFiles/whistle_node.dir/edge-impulse-sdk/tensorflow/lite/micro/kernels/read_variable.cc.o\x1b[0m\n'}
[210.210497] (-) TimerEvent: {}
[210.311490] (-) TimerEvent: {}
[210.412516] (-) TimerEvent: {}
[210.513545] (-) TimerEvent: {}
[210.614536] (-) TimerEvent: {}
[210.715656] (-) TimerEvent: {}
[210.816672] (-) TimerEvent: {}
[210.917783] (-) TimerEvent: {}
[211.018826] (-) TimerEvent: {}
[211.119883] (-) TimerEvent: {}
[211.221164] (-) TimerEvent: {}
[211.322218] (-) TimerEvent: {}
[211.423142] (-) TimerEvent: {}
[211.524187] (-) TimerEvent: {}
[211.625147] (-) TimerEvent: {}
[211.726193] (-) TimerEvent: {}
[211.827529] (-) TimerEvent: {}
[211.928534] (-) TimerEvent: {}
[212.029499] (-) TimerEvent: {}
[212.114607] (ei_whistle_cpp) StdoutLine: {'line': b'[ 60%] \x1b[32mBuilding CXX object CMakeFiles/whistle_node.dir/edge-impulse-sdk/tensorflow/lite/micro/kernels/real.cc.o\x1b[0m\n'}
[212.129733] (-) TimerEvent: {}
[212.245618] (-) TimerEvent: {}
[212.347955] (-) TimerEvent: {}
[212.450009] (-) TimerEvent: {}
[212.551581] (-) TimerEvent: {}
[212.653230] (-) TimerEvent: {}
[212.754884] (-) TimerEvent: {}
[212.856551] (-) TimerEvent: {}
[212.957527] (-) TimerEvent: {}
[213.059505] (-) TimerEvent: {}
[213.161437] (-) TimerEvent: {}
[213.263077] (-) TimerEvent: {}
[213.365151] (-) TimerEvent: {}
[213.466058] (-) TimerEvent: {}
[213.567023] (-) TimerEvent: {}
[213.668304] (-) TimerEvent: {}
[213.777267] (-) TimerEvent: {}
[213.878522] (-) TimerEvent: {}
[213.979362] (-) TimerEvent: {}
[214.080335] (-) TimerEvent: {}
[214.181650] (-) TimerEvent: {}
[214.282813] (-) TimerEvent: {}
[214.383942] (-) TimerEvent: {}
[214.484916] (-) TimerEvent: {}
[214.587067] (-) TimerEvent: {}
[214.689051] (-) TimerEvent: {}
[214.791401] (-) TimerEvent: {}
[214.893714] (-) TimerEvent: {}
[214.999694] (-) TimerEvent: {}
[215.101074] (-) TimerEvent: {}
[215.202262] (-) TimerEvent: {}
[215.303376] (-) TimerEvent: {}
[215.404516] (-) TimerEvent: {}
[215.506222] (-) TimerEvent: {}
[215.607573] (-) TimerEvent: {}
[215.709205] (-) TimerEvent: {}
[215.810247] (-) TimerEvent: {}
[215.911253] (-) TimerEvent: {}
[216.012307] (-) TimerEvent: {}
[216.113360] (-) TimerEvent: {}
[216.214284] (-) TimerEvent: {}
[216.315629] (-) TimerEvent: {}
[216.416446] (-) TimerEvent: {}
[216.517262] (-) TimerEvent: {}
[216.618105] (-) TimerEvent: {}
[216.719005] (-) TimerEvent: {}
[216.819916] (-) TimerEvent: {}
[216.920762] (-) TimerEvent: {}
[217.021653] (-) TimerEvent: {}
[217.122593] (-) TimerEvent: {}
[217.223430] (-) TimerEvent: {}
[217.324275] (-) TimerEvent: {}
[217.394543] (ei_whistle_cpp) StdoutLine: {'line': b'[ 61%] \x1b[32mBuilding CXX object CMakeFiles/whistle_node.dir/edge-impulse-sdk/tensorflow/lite/micro/kernels/reduce_common.cc.o\x1b[0m\n'}
[217.424509] (-) TimerEvent: {}
[217.525376] (-) TimerEvent: {}
[217.626167] (-) TimerEvent: {}
[217.726996] (-) TimerEvent: {}
[217.827778] (-) TimerEvent: {}
[217.928613] (-) TimerEvent: {}
[218.029451] (-) TimerEvent: {}
[218.130242] (-) TimerEvent: {}
[218.231066] (-) TimerEvent: {}
[218.331834] (-) TimerEvent: {}
[218.432768] (-) TimerEvent: {}
[218.446970] (ei_whistle_cpp) StdoutLine: {'line': b'[ 62%] \x1b[32mBuilding CXX object CMakeFiles/whistle_node.dir/edge-impulse-sdk/tensorflow/lite/micro/kernels/reshape.cc.o\x1b[0m\n'}
[218.532982] (-) TimerEvent: {}
[218.633862] (-) TimerEvent: {}
[218.734775] (-) TimerEvent: {}
[218.835846] (-) TimerEvent: {}
[218.937108] (-) TimerEvent: {}
[219.038053] (-) TimerEvent: {}
[219.139180] (-) TimerEvent: {}
[219.240235] (-) TimerEvent: {}
[219.341319] (-) TimerEvent: {}
[219.442328] (-) TimerEvent: {}
[219.505344] (ei_whistle_cpp) StdoutLine: {'line': b'[ 62%] \x1b[32mBuilding CXX object CMakeFiles/whistle_node.dir/edge-impulse-sdk/tensorflow/lite/micro/kernels/reduce.cc.o\x1b[0m\n'}
[219.542570] (-) TimerEvent: {}
[219.644395] (-) TimerEvent: {}
[219.746451] (-) TimerEvent: {}
[219.847396] (-) TimerEvent: {}
[219.948375] (-) TimerEvent: {}
[220.050654] (-) TimerEvent: {}
[220.151665] (-) TimerEvent: {}
[220.252672] (-) TimerEvent: {}
[220.353843] (-) TimerEvent: {}
[220.454897] (-) TimerEvent: {}
[220.555858] (-) TimerEvent: {}
[220.656883] (-) TimerEvent: {}
[220.757943] (-) TimerEvent: {}
[220.858869] (-) TimerEvent: {}
[220.959740] (-) TimerEvent: {}
[221.060957] (-) TimerEvent: {}
[221.162145] (-) TimerEvent: {}
[221.263191] (-) TimerEvent: {}
[221.364304] (-) TimerEvent: {}
[221.465383] (-) TimerEvent: {}
[221.566652] (-) TimerEvent: {}
[221.667840] (-) TimerEvent: {}
[221.769078] (-) TimerEvent: {}
[221.870153] (-) TimerEvent: {}
[221.971336] (-) TimerEvent: {}
[222.072495] (-) TimerEvent: {}
[222.173613] (-) TimerEvent: {}
[222.274718] (-) TimerEvent: {}
[222.375913] (-) TimerEvent: {}
[222.477063] (-) TimerEvent: {}
[222.580405] (-) TimerEvent: {}
[222.681520] (-) TimerEvent: {}
[222.782596] (-) TimerEvent: {}
[222.883686] (-) TimerEvent: {}
[222.984904] (-) TimerEvent: {}
[223.086181] (-) TimerEvent: {}
[223.187597] (-) TimerEvent: {}
[223.288690] (-) TimerEvent: {}
[223.390753] (-) TimerEvent: {}
[223.492874] (-) TimerEvent: {}
[223.600698] (-) TimerEvent: {}
[223.701656] (-) TimerEvent: {}
[223.802611] (-) TimerEvent: {}
[223.919166] (-) TimerEvent: {}
[224.021268] (-) TimerEvent: {}
[224.123161] (-) TimerEvent: {}
[224.227481] (-) TimerEvent: {}
[224.329538] (-) TimerEvent: {}
[224.431417] (-) TimerEvent: {}
[224.537589] (-) TimerEvent: {}
[224.639821] (-) TimerEvent: {}
[224.741794] (-) TimerEvent: {}
[224.843751] (-) TimerEvent: {}
[224.944885] (-) TimerEvent: {}
[225.045943] (-) TimerEvent: {}
[225.148272] (-) TimerEvent: {}
[225.249170] (-) TimerEvent: {}
[225.345944] (ei_whistle_cpp) StdoutLine: {'line': b'[ 62%] \x1b[32mBuilding CXX object CMakeFiles/whistle_node.dir/edge-impulse-sdk/tensorflow/lite/micro/kernels/resize_bilinear.cc.o\x1b[0m\n'}
[225.349382] (-) TimerEvent: {}
[225.451171] (-) TimerEvent: {}
[225.552842] (-) TimerEvent: {}
[225.654696] (-) TimerEvent: {}
[225.756354] (-) TimerEvent: {}
[225.858913] (-) TimerEvent: {}
[225.960012] (-) TimerEvent: {}
[226.060977] (-) TimerEvent: {}
[226.161942] (-) TimerEvent: {}
[226.263791] (-) TimerEvent: {}
[226.366183] (-) TimerEvent: {}
[226.468432] (-) TimerEvent: {}
[226.571485] (-) TimerEvent: {}
[226.673642] (-) TimerEvent: {}
[226.775949] (-) TimerEvent: {}
[226.878128] (-) TimerEvent: {}
[226.979922] (-) TimerEvent: {}
[227.081421] (-) TimerEvent: {}
[227.130416] (ei_whistle_cpp) StdoutLine: {'line': b'[ 63%] \x1b[32mBuilding CXX object CMakeFiles/whistle_node.dir/edge-impulse-sdk/tensorflow/lite/micro/kernels/resize_nearest_neighbor.cc.o\x1b[0m\n'}
[227.179330] (ei_whistle_cpp) StdoutLine: {'line': b'[ 63%] \x1b[32mBuilding CXX object CMakeFiles/whistle_node.dir/edge-impulse-sdk/tensorflow/lite/micro/kernels/rfft2d.cc.o\x1b[0m\n'}
[227.181721] (-) TimerEvent: {}
[227.284110] (-) TimerEvent: {}
[227.385640] (-) TimerEvent: {}
[227.487218] (-) TimerEvent: {}
[227.588759] (-) TimerEvent: {}
[227.690235] (-) TimerEvent: {}
[227.791680] (-) TimerEvent: {}
[227.893363] (-) TimerEvent: {}
[227.995096] (-) TimerEvent: {}
[228.096511] (-) TimerEvent: {}
[228.198263] (-) TimerEvent: {}
[228.300078] (-) TimerEvent: {}
[228.401871] (-) TimerEvent: {}
[228.503629] (-) TimerEvent: {}
[228.613134] (-) TimerEvent: {}
[228.714149] (-) TimerEvent: {}
[228.816247] (-) TimerEvent: {}
[228.920216] (-) TimerEvent: {}
[229.023505] (-) TimerEvent: {}
[229.124744] (-) TimerEvent: {}
[229.226081] (-) TimerEvent: {}
[229.327260] (-) TimerEvent: {}
[229.428455] (-) TimerEvent: {}
[229.529578] (-) TimerEvent: {}
[229.631754] (-) TimerEvent: {}
[229.733817] (-) TimerEvent: {}
[229.836077] (-) TimerEvent: {}
[229.938384] (-) TimerEvent: {}
[230.040338] (-) TimerEvent: {}
[230.142270] (-) TimerEvent: {}
[230.244371] (-) TimerEvent: {}
[230.345597] (-) TimerEvent: {}
[230.446696] (-) TimerEvent: {}
[230.547963] (-) TimerEvent: {}
[230.649229] (-) TimerEvent: {}
[230.750387] (-) TimerEvent: {}
[230.851564] (-) TimerEvent: {}
[230.953420] (-) TimerEvent: {}
[231.055671] (-) TimerEvent: {}
[231.157984] (-) TimerEvent: {}
[231.259577] (-) TimerEvent: {}
[231.261441] (ei_whistle_cpp) StdoutLine: {'line': b'[ 64%] \x1b[32mBuilding CXX object CMakeFiles/whistle_node.dir/edge-impulse-sdk/tensorflow/lite/micro/kernels/round.cc.o\x1b[0m\n'}
[231.359887] (-) TimerEvent: {}
[231.461560] (-) TimerEvent: {}
[231.563525] (-) TimerEvent: {}
[231.665275] (-) TimerEvent: {}
[231.766994] (-) TimerEvent: {}
[231.867908] (-) TimerEvent: {}
[231.968961] (-) TimerEvent: {}
[232.070017] (-) TimerEvent: {}
[232.170993] (-) TimerEvent: {}
[232.271961] (-) TimerEvent: {}
[232.373045] (-) TimerEvent: {}
[232.474034] (-) TimerEvent: {}
[232.575072] (-) TimerEvent: {}
[232.676301] (-) TimerEvent: {}
[232.739604] (ei_whistle_cpp) StdoutLine: {'line': b'[ 65%] \x1b[32mBuilding CXX object CMakeFiles/whistle_node.dir/edge-impulse-sdk/tensorflow/lite/micro/kernels/scatter_nd.cc.o\x1b[0m\n'}
[232.776622] (-) TimerEvent: {}
[232.877689] (-) TimerEvent: {}
[232.978766] (-) TimerEvent: {}
[233.079741] (-) TimerEvent: {}
[233.181407] (-) TimerEvent: {}
[233.243272] (ei_whistle_cpp) StdoutLine: {'line': b'[ 65%] \x1b[32mBuilding CXX object CMakeFiles/whistle_node.dir/edge-impulse-sdk/tensorflow/lite/micro/kernels/scratch_buf_mgr.cc.o\x1b[0m\n'}
[233.281645] (-) TimerEvent: {}
[233.382535] (-) TimerEvent: {}
[233.404801] (ei_whistle_cpp) StdoutLine: {'line': b'[ 66%] \x1b[32mBuilding CXX object CMakeFiles/whistle_node.dir/edge-impulse-sdk/tensorflow/lite/micro/kernels/scratch_buffers.cc.o\x1b[0m\n'}
[233.482766] (-) TimerEvent: {}
[233.567974] (ei_whistle_cpp) StdoutLine: {'line': b'[ 66%] \x1b[32mBuilding CXX object CMakeFiles/whistle_node.dir/edge-impulse-sdk/tensorflow/lite/micro/kernels/select.cc.o\x1b[0m\n'}
[233.583058] (-) TimerEvent: {}
[233.684153] (-) TimerEvent: {}
[233.785185] (-) TimerEvent: {}
[233.887093] (-) TimerEvent: {}
[233.988803] (-) TimerEvent: {}
[234.090582] (-) TimerEvent: {}
[234.192191] (-) TimerEvent: {}
[234.293925] (-) TimerEvent: {}
[234.395614] (-) TimerEvent: {}
[234.497317] (-) TimerEvent: {}
[234.599097] (-) TimerEvent: {}
[234.701101] (-) TimerEvent: {}
[234.802963] (-) TimerEvent: {}
[234.905372] (-) TimerEvent: {}
[235.007002] (-) TimerEvent: {}
[235.110466] (-) TimerEvent: {}
[235.211457] (-) TimerEvent: {}
[235.313367] (-) TimerEvent: {}
[235.414843] (-) TimerEvent: {}
[235.518695] (-) TimerEvent: {}
[235.620529] (-) TimerEvent: {}
[235.721658] (-) TimerEvent: {}
[235.822877] (-) TimerEvent: {}
[235.924066] (-) TimerEvent: {}
[236.025295] (-) TimerEvent: {}
[236.126531] (-) TimerEvent: {}
[236.227715] (-) TimerEvent: {}
[236.328929] (-) TimerEvent: {}
[236.430227] (-) TimerEvent: {}
[236.531429] (-) TimerEvent: {}
[236.632599] (-) TimerEvent: {}
[236.733711] (-) TimerEvent: {}
[236.834797] (-) TimerEvent: {}
[236.847005] (ei_whistle_cpp) StdoutLine: {'line': b'[ 67%] \x1b[32mBuilding CXX object CMakeFiles/whistle_node.dir/edge-impulse-sdk/tensorflow/lite/micro/kernels/shape.cc.o\x1b[0m\n'}
[236.935258] (-) TimerEvent: {}
[237.037905] (-) TimerEvent: {}
[237.139016] (-) TimerEvent: {}
[237.186797] (ei_whistle_cpp) StdoutLine: {'line': b'[ 68%] \x1b[32mBuilding CXX object CMakeFiles/whistle_node.dir/edge-impulse-sdk/tensorflow/lite/micro/kernels/slice.cc.o\x1b[0m\n'}
[237.239203] (-) TimerEvent: {}
[237.340254] (-) TimerEvent: {}
[237.441228] (-) TimerEvent: {}
[237.542225] (-) TimerEvent: {}
[237.644093] (-) TimerEvent: {}
[237.745312] (-) TimerEvent: {}
[237.846503] (-) TimerEvent: {}
[237.948161] (-) TimerEvent: {}
[238.049232] (-) TimerEvent: {}
[238.150248] (-) TimerEvent: {}
[238.251291] (-) TimerEvent: {}
[238.353081] (-) TimerEvent: {}
[238.455207] (-) TimerEvent: {}
[238.557116] (-) TimerEvent: {}
[238.659019] (-) TimerEvent: {}
[238.769321] (-) TimerEvent: {}
[238.871738] (-) TimerEvent: {}
[238.972786] (-) TimerEvent: {}
[239.075138] (-) TimerEvent: {}
[239.177299] (-) TimerEvent: {}
[239.279387] (-) TimerEvent: {}
[239.381232] (-) TimerEvent: {}
[239.483145] (-) TimerEvent: {}
[239.584915] (-) TimerEvent: {}
[239.686756] (-) TimerEvent: {}
[239.788727] (-) TimerEvent: {}
[239.890874] (-) TimerEvent: {}
[239.994627] (-) TimerEvent: {}
[240.098352] (-) TimerEvent: {}
[240.200488] (-) TimerEvent: {}
[240.301601] (-) TimerEvent: {}
[240.402662] (-) TimerEvent: {}
[240.503843] (-) TimerEvent: {}
[240.583195] (ei_whistle_cpp) StdoutLine: {'line': b'[ 68%] \x1b[32mBuilding CXX object CMakeFiles/whistle_node.dir/edge-impulse-sdk/tensorflow/lite/micro/kernels/softmax.cc.o\x1b[0m\n'}
[240.604072] (-) TimerEvent: {}
[240.705051] (-) TimerEvent: {}
[240.805999] (-) TimerEvent: {}
[240.907029] (-) TimerEvent: {}
[241.008094] (-) TimerEvent: {}
[241.109553] (-) TimerEvent: {}
[241.210676] (-) TimerEvent: {}
[241.311960] (-) TimerEvent: {}
[241.412578] (ei_whistle_cpp) StdoutLine: {'line': b'[ 69%] \x1b[32mBuilding CXX object CMakeFiles/whistle_node.dir/edge-impulse-sdk/tensorflow/lite/micro/kernels/softmax_common.cc.o\x1b[0m\n'}
[241.413870] (-) TimerEvent: {}
[241.515035] (-) TimerEvent: {}
[241.616191] (-) TimerEvent: {}
[241.717592] (-) TimerEvent: {}
[241.818647] (-) TimerEvent: {}
[241.919650] (-) TimerEvent: {}
[242.020586] (-) TimerEvent: {}
[242.121519] (-) TimerEvent: {}
[242.222481] (-) TimerEvent: {}
[242.323752] (-) TimerEvent: {}
[242.425168] (-) TimerEvent: {}
[242.526065] (-) TimerEvent: {}
[242.626973] (-) TimerEvent: {}
[242.728593] (-) TimerEvent: {}
[242.743001] (ei_whistle_cpp) StdoutLine: {'line': b'[ 69%] \x1b[32mBuilding CXX object CMakeFiles/whistle_node.dir/edge-impulse-sdk/tensorflow/lite/micro/kernels/space_to_batch_nd.cc.o\x1b[0m\n'}
[242.828840] (-) TimerEvent: {}
[242.929813] (-) TimerEvent: {}
[243.030732] (-) TimerEvent: {}
[243.131608] (-) TimerEvent: {}
[243.232540] (-) TimerEvent: {}
[243.333621] (-) TimerEvent: {}
[243.434650] (-) TimerEvent: {}
[243.535734] (-) TimerEvent: {}
[243.636675] (-) TimerEvent: {}
[243.737540] (-) TimerEvent: {}
[243.843729] (-) TimerEvent: {}
[243.944767] (-) TimerEvent: {}
[244.046433] (-) TimerEvent: {}
[244.148174] (-) TimerEvent: {}
[244.249900] (-) TimerEvent: {}
[244.351968] (-) TimerEvent: {}
[244.452963] (-) TimerEvent: {}
[244.553925] (-) TimerEvent: {}
[244.654892] (-) TimerEvent: {}
[244.755899] (-) TimerEvent: {}
[244.856988] (-) TimerEvent: {}
[244.958044] (-) TimerEvent: {}
[245.059074] (-) TimerEvent: {}
[245.160749] (-) TimerEvent: {}
[245.264631] (-) TimerEvent: {}
[245.365735] (-) TimerEvent: {}
[245.466859] (-) TimerEvent: {}
[245.567929] (-) TimerEvent: {}
[245.668872] (-) TimerEvent: {}
[245.769968] (-) TimerEvent: {}
[245.871094] (-) TimerEvent: {}
[245.972163] (-) TimerEvent: {}
[246.073211] (-) TimerEvent: {}
[246.174275] (-) TimerEvent: {}
[246.275408] (-) TimerEvent: {}
[246.376498] (-) TimerEvent: {}
[246.477576] (-) TimerEvent: {}
[246.578620] (-) TimerEvent: {}
[246.679671] (-) TimerEvent: {}
[246.780795] (-) TimerEvent: {}
[246.881988] (-) TimerEvent: {}
[246.982961] (-) TimerEvent: {}
[247.084020] (-) TimerEvent: {}
[247.185154] (-) TimerEvent: {}
[247.286105] (-) TimerEvent: {}
[247.387229] (-) TimerEvent: {}
[247.488178] (-) TimerEvent: {}
[247.589279] (-) TimerEvent: {}
[247.700083] (-) TimerEvent: {}
[247.801945] (-) TimerEvent: {}
[247.903799] (-) TimerEvent: {}
[248.004921] (-) TimerEvent: {}
[248.105963] (-) TimerEvent: {}
[248.207019] (-) TimerEvent: {}
[248.308141] (-) TimerEvent: {}
[248.409106] (-) TimerEvent: {}
[248.510071] (-) TimerEvent: {}
[248.610956] (-) TimerEvent: {}
[248.711916] (-) TimerEvent: {}
[248.812885] (-) TimerEvent: {}
[248.915111] (-) TimerEvent: {}
[249.016061] (-) TimerEvent: {}
[249.116955] (-) TimerEvent: {}
[249.217817] (-) TimerEvent: {}
[249.318731] (-) TimerEvent: {}
[249.419595] (-) TimerEvent: {}
[249.520520] (-) TimerEvent: {}
[249.621440] (-) TimerEvent: {}
[249.722761] (-) TimerEvent: {}
[249.823580] (-) TimerEvent: {}
[249.924442] (-) TimerEvent: {}
[250.026074] (-) TimerEvent: {}
[250.126825] (-) TimerEvent: {}
[250.227616] (-) TimerEvent: {}
[250.328378] (-) TimerEvent: {}
[250.429167] (-) TimerEvent: {}
[250.529967] (-) TimerEvent: {}
[250.630706] (-) TimerEvent: {}
[250.731512] (-) TimerEvent: {}
[250.832275] (-) TimerEvent: {}
[250.933107] (-) TimerEvent: {}
[251.033886] (-) TimerEvent: {}
[251.134644] (-) TimerEvent: {}
[251.235390] (-) TimerEvent: {}
[251.336143] (-) TimerEvent: {}
[251.436924] (-) TimerEvent: {}
[251.537745] (-) TimerEvent: {}
[251.638489] (-) TimerEvent: {}
[251.739232] (-) TimerEvent: {}
[251.840001] (-) TimerEvent: {}
[251.940751] (-) TimerEvent: {}
[252.041637] (-) TimerEvent: {}
[252.142388] (-) TimerEvent: {}
[252.243159] (-) TimerEvent: {}
[252.343959] (-) TimerEvent: {}
[252.444704] (-) TimerEvent: {}
[252.545482] (-) TimerEvent: {}
[252.646278] (-) TimerEvent: {}
[252.747037] (-) TimerEvent: {}
[252.848045] (-) TimerEvent: {}
[252.948838] (-) TimerEvent: {}
[253.002804] (ei_whistle_cpp) StdoutLine: {'line': b'[ 69%] \x1b[32mBuilding CXX object CMakeFiles/whistle_node.dir/edge-impulse-sdk/tensorflow/lite/micro/kernels/split_v.cc.o\x1b[0m\n'}
[253.049151] (-) TimerEvent: {}
[253.150065] (-) TimerEvent: {}
[253.250889] (-) TimerEvent: {}
[253.352038] (-) TimerEvent: {}
[253.454182] (-) TimerEvent: {}
[253.555181] (-) TimerEvent: {}
[253.606912] (ei_whistle_cpp) StdoutLine: {'line': b'[ 70%] \x1b[32mBuilding CXX object CMakeFiles/whistle_node.dir/edge-impulse-sdk/tensorflow/lite/micro/kernels/split.cc.o\x1b[0m\n'}
[253.650705] (ei_whistle_cpp) StdoutLine: {'line': b'[ 71%] \x1b[32mBuilding CXX object CMakeFiles/whistle_node.dir/edge-impulse-sdk/tensorflow/lite/micro/kernels/squared_difference.cc.o\x1b[0m\n'}
[253.655398] (-) TimerEvent: {}
[253.761292] (-) TimerEvent: {}
[253.866824] (-) TimerEvent: {}
[253.967601] (-) TimerEvent: {}
[254.068415] (-) TimerEvent: {}
[254.169196] (-) TimerEvent: {}
[254.269973] (-) TimerEvent: {}
[254.370777] (-) TimerEvent: {}
[254.471569] (-) TimerEvent: {}
[254.572343] (-) TimerEvent: {}
[254.673208] (-) TimerEvent: {}
[254.705919] (ei_whistle_cpp) StdoutLine: {'line': b'[ 72%] \x1b[32mBuilding CXX object CMakeFiles/whistle_node.dir/edge-impulse-sdk/tensorflow/lite/micro/kernels/space_to_depth.cc.o\x1b[0m\n'}
[254.773414] (-) TimerEvent: {}
[254.875011] (-) TimerEvent: {}
[254.976388] (-) TimerEvent: {}
[255.080004] (-) TimerEvent: {}
[255.181198] (-) TimerEvent: {}
[255.282216] (-) TimerEvent: {}
[255.383492] (-) TimerEvent: {}
[255.484590] (-) TimerEvent: {}
[255.585532] (-) TimerEvent: {}
[255.686451] (-) TimerEvent: {}
[255.787455] (-) TimerEvent: {}
[255.888621] (-) TimerEvent: {}
[255.989855] (-) TimerEvent: {}
[256.090951] (-) TimerEvent: {}
[256.192304] (-) TimerEvent: {}
[256.293422] (-) TimerEvent: {}
[256.395267] (-) TimerEvent: {}
[256.497358] (-) TimerEvent: {}
[256.599201] (-) TimerEvent: {}
[256.701065] (-) TimerEvent: {}
[256.815010] (-) TimerEvent: {}
[256.917186] (-) TimerEvent: {}
[257.019122] (-) TimerEvent: {}
[257.120959] (-) TimerEvent: {}
[257.222980] (-) TimerEvent: {}
[257.324732] (-) TimerEvent: {}
[257.426727] (-) TimerEvent: {}
[257.528491] (-) TimerEvent: {}
[257.623664] (ei_whistle_cpp) StdoutLine: {'line': b'[ 72%] \x1b[32mBuilding CXX object CMakeFiles/whistle_node.dir/edge-impulse-sdk/tensorflow/lite/micro/kernels/squeeze.cc.o\x1b[0m\n'}
[257.628716] (-) TimerEvent: {}
[257.730510] (-) TimerEvent: {}
[257.832208] (-) TimerEvent: {}
[257.933903] (-) TimerEvent: {}
[258.035867] (-) TimerEvent: {}
[258.137379] (-) TimerEvent: {}
[258.238975] (-) TimerEvent: {}
[258.339597] (ei_whistle_cpp) StdoutLine: {'line': b'[ 73%] \x1b[32mBuilding CXX object CMakeFiles/whistle_node.dir/edge-impulse-sdk/tensorflow/lite/micro/kernels/strided_slice.cc.o\x1b[0m\n'}
[258.340490] (-) TimerEvent: {}
[258.441753] (-) TimerEvent: {}
[258.542797] (-) TimerEvent: {}
[258.644148] (-) TimerEvent: {}
[258.749309] (-) TimerEvent: {}
[258.850847] (-) TimerEvent: {}
[258.952130] (-) TimerEvent: {}
[259.059132] (-) TimerEvent: {}
[259.160655] (-) TimerEvent: {}
[259.262326] (-) TimerEvent: {}
[259.364064] (-) TimerEvent: {}
[259.465739] (-) TimerEvent: {}
[259.566646] (-) TimerEvent: {}
[259.590930] (ei_whistle_cpp) StdoutLine: {'line': b'[ 74%] \x1b[32mBuilding CXX object CMakeFiles/whistle_node.dir/edge-impulse-sdk/tensorflow/lite/micro/kernels/sub.cc.o\x1b[0m\n'}
[259.666863] (-) TimerEvent: {}
[259.768452] (-) TimerEvent: {}
[259.870212] (-) TimerEvent: {}
[259.971806] (-) TimerEvent: {}
[260.073381] (-) TimerEvent: {}
[260.175060] (-) TimerEvent: {}
[260.276869] (-) TimerEvent: {}
[260.378128] (-) TimerEvent: {}
[260.479101] (-) TimerEvent: {}
[260.581148] (-) TimerEvent: {}
[260.683059] (-) TimerEvent: {}
[260.783967] (-) TimerEvent: {}
[260.884861] (-) TimerEvent: {}
[260.985879] (-) TimerEvent: {}
[261.086900] (-) TimerEvent: {}
[261.100016] (ei_whistle_cpp) StdoutLine: {'line': b'[ 74%] \x1b[32mBuilding CXX object CMakeFiles/whistle_node.dir/edge-impulse-sdk/tensorflow/lite/micro/kernels/sub_common.cc.o\x1b[0m\n'}
[261.187168] (-) TimerEvent: {}
[261.288340] (-) TimerEvent: {}
[261.389922] (-) TimerEvent: {}
[261.491011] (-) TimerEvent: {}
[261.592153] (-) TimerEvent: {}
[261.693197] (-) TimerEvent: {}
[261.794145] (-) TimerEvent: {}
[261.895304] (-) TimerEvent: {}
[261.996949] (-) TimerEvent: {}
[262.098092] (-) TimerEvent: {}
[262.199108] (-) TimerEvent: {}
[262.300159] (-) TimerEvent: {}
[262.401230] (-) TimerEvent: {}
[262.502212] (-) TimerEvent: {}
[262.603169] (-) TimerEvent: {}
[262.704306] (-) TimerEvent: {}
[262.805305] (-) TimerEvent: {}
[262.915416] (-) TimerEvent: {}
[263.016410] (-) TimerEvent: {}
[263.117555] (-) TimerEvent: {}
[263.218710] (-) TimerEvent: {}
[263.319657] (-) TimerEvent: {}
[263.420695] (-) TimerEvent: {}
[263.521814] (-) TimerEvent: {}
[263.622979] (-) TimerEvent: {}
[263.724229] (-) TimerEvent: {}
[263.826128] (-) TimerEvent: {}
[263.927005] (-) TimerEvent: {}
[264.028071] (-) TimerEvent: {}
[264.129788] (-) TimerEvent: {}
[264.231550] (-) TimerEvent: {}
[264.333368] (-) TimerEvent: {}
[264.435429] (-) TimerEvent: {}
[264.537254] (-) TimerEvent: {}
[264.639205] (-) TimerEvent: {}
[264.741164] (-) TimerEvent: {}
[264.843410] (-) TimerEvent: {}
[264.944482] (-) TimerEvent: {}
[265.045402] (-) TimerEvent: {}
[265.146402] (-) TimerEvent: {}
[265.248432] (-) TimerEvent: {}
[265.349592] (-) TimerEvent: {}
[265.450684] (-) TimerEvent: {}
[265.551775] (-) TimerEvent: {}
[265.653064] (-) TimerEvent: {}
[265.754147] (-) TimerEvent: {}
[265.855380] (-) TimerEvent: {}
[265.956455] (-) TimerEvent: {}
[266.057531] (-) TimerEvent: {}
[266.158666] (-) TimerEvent: {}
[266.259758] (-) TimerEvent: {}
[266.360787] (-) TimerEvent: {}
[266.421986] (ei_whistle_cpp) StdoutLine: {'line': b'[ 75%] \x1b[32mBuilding CXX object CMakeFiles/whistle_node.dir/edge-impulse-sdk/tensorflow/lite/micro/kernels/svdf.cc.o\x1b[0m\n'}
[266.461121] (-) TimerEvent: {}
[266.563081] (-) TimerEvent: {}
[266.664667] (-) TimerEvent: {}
[266.766359] (-) TimerEvent: {}
[266.868262] (-) TimerEvent: {}
[266.970103] (-) TimerEvent: {}
[267.071093] (-) TimerEvent: {}
[267.173206] (-) TimerEvent: {}
[267.258231] (ei_whistle_cpp) StdoutLine: {'line': b'[ 75%] \x1b[32mBuilding CXX object CMakeFiles/whistle_node.dir/edge-impulse-sdk/tensorflow/lite/micro/kernels/svdf_common.cc.o\x1b[0m\n'}
[267.273396] (-) TimerEvent: {}
[267.374254] (-) TimerEvent: {}
[267.475104] (-) TimerEvent: {}
[267.576110] (-) TimerEvent: {}
[267.677088] (-) TimerEvent: {}
[267.778072] (-) TimerEvent: {}
[267.879025] (-) TimerEvent: {}
[267.980180] (-) TimerEvent: {}
[268.081216] (-) TimerEvent: {}
[268.182248] (-) TimerEvent: {}
[268.283409] (-) TimerEvent: {}
[268.384796] (-) TimerEvent: {}
[268.485825] (-) TimerEvent: {}
[268.527879] (ei_whistle_cpp) StdoutLine: {'line': b'[ 76%] \x1b[32mBuilding CXX object CMakeFiles/whistle_node.dir/edge-impulse-sdk/tensorflow/lite/micro/kernels/tanh.cc.o\x1b[0m\n'}
[268.586093] (-) TimerEvent: {}
[268.687172] (-) TimerEvent: {}
[268.788286] (-) TimerEvent: {}
[268.897553] (-) TimerEvent: {}
[268.999146] (-) TimerEvent: {}
[269.100911] (-) TimerEvent: {}
[269.202879] (-) TimerEvent: {}
[269.304509] (-) TimerEvent: {}
[269.406223] (-) TimerEvent: {}
[269.508270] (-) TimerEvent: {}
[269.610485] (-) TimerEvent: {}
[269.712521] (-) TimerEvent: {}
[269.814787] (-) TimerEvent: {}
[269.916696] (-) TimerEvent: {}
[270.017806] (-) TimerEvent: {}
[270.118847] (-) TimerEvent: {}
[270.219795] (-) TimerEvent: {}
[270.320920] (-) TimerEvent: {}
[270.422374] (-) TimerEvent: {}
[270.525849] (-) TimerEvent: {}
[270.627985] (-) TimerEvent: {}
[270.730002] (-) TimerEvent: {}
[270.831915] (-) TimerEvent: {}
[270.933731] (-) TimerEvent: {}
[271.034682] (-) TimerEvent: {}
[271.135814] (-) TimerEvent: {}
[271.236931] (-) TimerEvent: {}
[271.338220] (-) TimerEvent: {}
[271.439350] (-) TimerEvent: {}
[271.540469] (-) TimerEvent: {}
[271.641673] (-) TimerEvent: {}
[271.742853] (-) TimerEvent: {}
[271.844171] (-) TimerEvent: {}
[271.945274] (-) TimerEvent: {}
[272.046663] (-) TimerEvent: {}
[272.147783] (-) TimerEvent: {}
[272.248841] (-) TimerEvent: {}
[272.350186] (-) TimerEvent: {}
[272.451471] (-) TimerEvent: {}
[272.552593] (-) TimerEvent: {}
[272.653695] (-) TimerEvent: {}
[272.754822] (-) TimerEvent: {}
[272.855914] (-) TimerEvent: {}
[272.957095] (-) TimerEvent: {}
[273.058192] (-) TimerEvent: {}
[273.159316] (-) TimerEvent: {}
[273.260468] (-) TimerEvent: {}
[273.361532] (-) TimerEvent: {}
[273.462637] (-) TimerEvent: {}
[273.563739] (-) TimerEvent: {}
[273.664863] (-) TimerEvent: {}
[273.766150] (-) TimerEvent: {}
[273.868374] (-) TimerEvent: {}
[273.969908] (-) TimerEvent: {}
[273.978465] (ei_whistle_cpp) StdoutLine: {'line': b'[ 77%] \x1b[32mBuilding CXX object CMakeFiles/whistle_node.dir/edge-impulse-sdk/tensorflow/lite/micro/kernels/tile.cc.o\x1b[0m\n'}
[274.070214] (-) TimerEvent: {}
[274.171302] (-) TimerEvent: {}
[274.272326] (-) TimerEvent: {}
[274.373365] (-) TimerEvent: {}
[274.474376] (-) TimerEvent: {}
[274.575388] (-) TimerEvent: {}
[274.676370] (-) TimerEvent: {}
[274.685602] (ei_whistle_cpp) StdoutLine: {'line': b'[ 77%] \x1b[32mBuilding CXX object CMakeFiles/whistle_node.dir/edge-impulse-sdk/tensorflow/lite/micro/kernels/topk_v2.cc.o\x1b[0m\n'}
[274.776623] (-) TimerEvent: {}
[274.878256] (-) TimerEvent: {}
[274.979873] (-) TimerEvent: {}
[275.082519] (-) TimerEvent: {}
[275.183598] (-) TimerEvent: {}
[275.284720] (-) TimerEvent: {}
[275.386544] (-) TimerEvent: {}
[275.487738] (-) TimerEvent: {}
[275.588928] (-) TimerEvent: {}
[275.690108] (-) TimerEvent: {}
[275.791374] (-) TimerEvent: {}
[275.893051] (-) TimerEvent: {}
[275.994514] (-) TimerEvent: {}
[276.096620] (-) TimerEvent: {}
[276.198635] (-) TimerEvent: {}
[276.302459] (-) TimerEvent: {}
[276.404280] (-) TimerEvent: {}
[276.506008] (-) TimerEvent: {}
[276.608112] (-) TimerEvent: {}
[276.710694] (-) TimerEvent: {}
[276.760873] (ei_whistle_cpp) StdoutLine: {'line': b'[ 78%] \x1b[32mBuilding CXX object CMakeFiles/whistle_node.dir/edge-impulse-sdk/tensorflow/lite/micro/kernels/transpose.cc.o\x1b[0m\n'}
[276.810953] (-) TimerEvent: {}
[276.813507] (ei_whistle_cpp) StdoutLine: {'line': b'[ 78%] \x1b[32mBuilding CXX object CMakeFiles/whistle_node.dir/edge-impulse-sdk/tensorflow/lite/micro/kernels/transpose_conv.cc.o\x1b[0m\n'}
[276.911191] (-) TimerEvent: {}
[277.012977] (-) TimerEvent: {}
[277.114906] (-) TimerEvent: {}
[277.216477] (-) TimerEvent: {}
[277.318120] (-) TimerEvent: {}
[277.420101] (-) TimerEvent: {}
[277.522145] (-) TimerEvent: {}
[277.623808] (-) TimerEvent: {}
[277.725517] (-) TimerEvent: {}
[277.827425] (-) TimerEvent: {}
[277.929064] (-) TimerEvent: {}
[278.030628] (-) TimerEvent: {}
[278.132360] (-) TimerEvent: {}
[278.234086] (-) TimerEvent: {}
[278.335862] (-) TimerEvent: {}
[278.437712] (-) TimerEvent: {}
[278.539558] (-) TimerEvent: {}
[278.641268] (-) TimerEvent: {}
[278.742941] (-) TimerEvent: {}
[278.843989] (-) TimerEvent: {}
[278.945910] (-) TimerEvent: {}
[279.046963] (-) TimerEvent: {}
[279.148844] (-) TimerEvent: {}
[279.250726] (-) TimerEvent: {}
[279.352634] (-) TimerEvent: {}
[279.454617] (-) TimerEvent: {}
[279.556301] (-) TimerEvent: {}
[279.658025] (-) TimerEvent: {}
[279.759161] (-) TimerEvent: {}
[279.860228] (-) TimerEvent: {}
[279.961255] (-) TimerEvent: {}
[280.068914] (-) TimerEvent: {}
[280.170433] (-) TimerEvent: {}
[280.271433] (-) TimerEvent: {}
[280.372286] (-) TimerEvent: {}
[280.474119] (-) TimerEvent: {}
[280.575971] (-) TimerEvent: {}
[280.678194] (-) TimerEvent: {}
[280.780013] (-) TimerEvent: {}
[280.881854] (-) TimerEvent: {}
[280.983768] (-) TimerEvent: {}
[281.085625] (-) TimerEvent: {}
[281.187433] (-) TimerEvent: {}
[281.289210] (-) TimerEvent: {}
[281.390526] (-) TimerEvent: {}
[281.491567] (-) TimerEvent: {}
[281.592479] (-) TimerEvent: {}
[281.693358] (-) TimerEvent: {}
[281.794302] (-) TimerEvent: {}
[281.895154] (-) TimerEvent: {}
[281.996003] (-) TimerEvent: {}
[282.096884] (-) TimerEvent: {}
[282.197752] (-) TimerEvent: {}
[282.298597] (-) TimerEvent: {}
[282.399488] (-) TimerEvent: {}
[282.500327] (-) TimerEvent: {}
[282.523344] (ei_whistle_cpp) StdoutLine: {'line': b'[ 79%] \x1b[32mBuilding CXX object CMakeFiles/whistle_node.dir/edge-impulse-sdk/tensorflow/lite/micro/kernels/unidirectional_sequence_lstm.cc.o\x1b[0m\n'}
[282.600557] (-) TimerEvent: {}
[282.701676] (-) TimerEvent: {}
[282.803257] (-) TimerEvent: {}
[282.904926] (-) TimerEvent: {}
[283.005936] (-) TimerEvent: {}
[283.106913] (-) TimerEvent: {}
[283.207777] (-) TimerEvent: {}
[283.308596] (-) TimerEvent: {}
[283.410323] (-) TimerEvent: {}
[283.492528] (ei_whistle_cpp) StdoutLine: {'line': b'[ 80%] \x1b[32mBuilding CXX object CMakeFiles/whistle_node.dir/edge-impulse-sdk/tensorflow/lite/micro/kernels/tree_ensemble_classifier.cc.o\x1b[0m\n'}
[283.510572] (-) TimerEvent: {}
[283.611896] (-) TimerEvent: {}
[283.713848] (-) TimerEvent: {}
[283.815369] (-) TimerEvent: {}
[283.846843] (ei_whistle_cpp) StdoutLine: {'line': b'[ 80%] \x1b[32mBuilding CXX object CMakeFiles/whistle_node.dir/edge-impulse-sdk/tensorflow/lite/micro/kernels/unpack.cc.o\x1b[0m\n'}
[283.915580] (-) TimerEvent: {}
[284.016958] (-) TimerEvent: {}
[284.118671] (-) TimerEvent: {}
[284.220240] (-) TimerEvent: {}
[284.321355] (-) TimerEvent: {}
[284.422235] (-) TimerEvent: {}
[284.522998] (-) TimerEvent: {}
[284.623792] (-) TimerEvent: {}
[284.724616] (-) TimerEvent: {}
[284.825822] (-) TimerEvent: {}
[284.904498] (ei_whistle_cpp) StdoutLine: {'line': b'[ 81%] \x1b[32mBuilding CXX object CMakeFiles/whistle_node.dir/edge-impulse-sdk/tensorflow/lite/micro/kernels/var_handle.cc.o\x1b[0m\n'}
[284.928302] (-) TimerEvent: {}
[285.034602] (-) TimerEvent: {}
[285.135638] (-) TimerEvent: {}
[285.237192] (-) TimerEvent: {}
[285.338136] (-) TimerEvent: {}
[285.439320] (-) TimerEvent: {}
[285.540354] (-) TimerEvent: {}
[285.642490] (-) TimerEvent: {}
[285.743454] (-) TimerEvent: {}
[285.844480] (-) TimerEvent: {}
[285.945497] (-) TimerEvent: {}
[286.046670] (-) TimerEvent: {}
[286.147802] (-) TimerEvent: {}
[286.249243] (-) TimerEvent: {}
[286.350512] (-) TimerEvent: {}
[286.451543] (-) TimerEvent: {}
[286.553365] (-) TimerEvent: {}
[286.656171] (-) TimerEvent: {}
[286.759368] (-) TimerEvent: {}
[286.861453] (-) TimerEvent: {}
[286.966033] (-) TimerEvent: {}
[287.085091] (-) TimerEvent: {}
[287.187298] (-) TimerEvent: {}
[287.296615] (-) TimerEvent: {}
[287.397591] (-) TimerEvent: {}
[287.499719] (-) TimerEvent: {}
[287.601472] (-) TimerEvent: {}
[287.703273] (-) TimerEvent: {}
[287.805310] (-) TimerEvent: {}
[287.907082] (-) TimerEvent: {}
[288.009043] (-) TimerEvent: {}
[288.111071] (-) TimerEvent: {}
[288.212968] (-) TimerEvent: {}
[288.315368] (-) TimerEvent: {}
[288.416342] (-) TimerEvent: {}
[288.518335] (-) TimerEvent: {}
[288.620021] (-) TimerEvent: {}
[288.721798] (-) TimerEvent: {}
[288.841249] (-) TimerEvent: {}
[288.942739] (-) TimerEvent: {}
[289.044159] (-) TimerEvent: {}
[289.145389] (-) TimerEvent: {}
[289.246682] (-) TimerEvent: {}
[289.347442] (-) TimerEvent: {}
[289.448243] (-) TimerEvent: {}
[289.549097] (-) TimerEvent: {}
[289.649845] (-) TimerEvent: {}
[289.750641] (-) TimerEvent: {}
[289.851383] (-) TimerEvent: {}
[289.952162] (-) TimerEvent: {}
[290.053336] (-) TimerEvent: {}
[290.154074] (-) TimerEvent: {}
[290.254834] (-) TimerEvent: {}
[290.355661] (-) TimerEvent: {}
[290.456451] (-) TimerEvent: {}
[290.557353] (-) TimerEvent: {}
[290.658117] (-) TimerEvent: {}
[290.758914] (-) TimerEvent: {}
[290.859673] (-) TimerEvent: {}
[290.960419] (-) TimerEvent: {}
[291.061271] (-) TimerEvent: {}
[291.162024] (-) TimerEvent: {}
[291.262768] (-) TimerEvent: {}
[291.363534] (-) TimerEvent: {}
[291.464238] (-) TimerEvent: {}
[291.565047] (-) TimerEvent: {}
[291.665794] (-) TimerEvent: {}
[291.766566] (-) TimerEvent: {}
[291.867331] (-) TimerEvent: {}
[291.968088] (-) TimerEvent: {}
[292.068873] (-) TimerEvent: {}
[292.169708] (-) TimerEvent: {}
[292.270453] (-) TimerEvent: {}
[292.358320] (ei_whistle_cpp) StdoutLine: {'line': b'[ 82%] \x1b[32mBuilding CXX object CMakeFiles/whistle_node.dir/edge-impulse-sdk/tensorflow/lite/micro/memory_helpers.cc.o\x1b[0m\n'}
[292.370677] (-) TimerEvent: {}
[292.471577] (-) TimerEvent: {}
[292.572342] (-) TimerEvent: {}
[292.673131] (-) TimerEvent: {}
[292.773912] (-) TimerEvent: {}
[292.874651] (-) TimerEvent: {}
[292.975416] (-) TimerEvent: {}
[293.076221] (-) TimerEvent: {}
[293.177278] (-) TimerEvent: {}
[293.278093] (-) TimerEvent: {}
[293.378926] (-) TimerEvent: {}
[293.414565] (ei_whistle_cpp) StdoutLine: {'line': b'[ 83%] \x1b[32mBuilding CXX object CMakeFiles/whistle_node.dir/edge-impulse-sdk/tensorflow/lite/micro/kernels/zeros_like.cc.o\x1b[0m\n'}
[293.479172] (-) TimerEvent: {}
[293.581189] (-) TimerEvent: {}
[293.682742] (-) TimerEvent: {}
[293.785230] (-) TimerEvent: {}
[293.887618] (-) TimerEvent: {}
[293.988656] (-) TimerEvent: {}
[294.089633] (-) TimerEvent: {}
[294.190511] (-) TimerEvent: {}
[294.291597] (-) TimerEvent: {}
[294.392540] (-) TimerEvent: {}
[294.480718] (ei_whistle_cpp) StdoutLine: {'line': b'[ 83%] \x1b[32mBuilding CXX object CMakeFiles/whistle_node.dir/edge-impulse-sdk/tensorflow/lite/micro/kernels/while.cc.o\x1b[0m\n'}
[294.492775] (-) TimerEvent: {}
[294.594670] (-) TimerEvent: {}
[294.696434] (-) TimerEvent: {}
[294.798194] (-) TimerEvent: {}
[294.899253] (-) TimerEvent: {}
[295.000236] (-) TimerEvent: {}
[295.101215] (-) TimerEvent: {}
[295.202151] (-) TimerEvent: {}
[295.303098] (-) TimerEvent: {}
[295.404285] (-) TimerEvent: {}
[295.505425] (-) TimerEvent: {}
[295.606510] (-) TimerEvent: {}
[295.707508] (-) TimerEvent: {}
[295.808580] (-) TimerEvent: {}
[295.909770] (-) TimerEvent: {}
[296.011065] (-) TimerEvent: {}
[296.112340] (-) TimerEvent: {}
[296.213422] (-) TimerEvent: {}
[296.314531] (-) TimerEvent: {}
[296.415647] (-) TimerEvent: {}
[296.516721] (-) TimerEvent: {}
[296.617949] (-) TimerEvent: {}
[296.718980] (-) TimerEvent: {}
[296.819993] (-) TimerEvent: {}
[296.921065] (-) TimerEvent: {}
[297.022164] (-) TimerEvent: {}
[297.123102] (-) TimerEvent: {}
[297.224036] (-) TimerEvent: {}
[297.325144] (-) TimerEvent: {}
[297.426255] (-) TimerEvent: {}
[297.527545] (-) TimerEvent: {}
[297.628622] (-) TimerEvent: {}
[297.729738] (-) TimerEvent: {}
[297.830869] (-) TimerEvent: {}
[297.932240] (-) TimerEvent: {}
[298.033713] (-) TimerEvent: {}
[298.134805] (-) TimerEvent: {}
[298.235925] (-) TimerEvent: {}
[298.337043] (-) TimerEvent: {}
[298.437927] (-) TimerEvent: {}
[298.538812] (-) TimerEvent: {}
[298.639737] (-) TimerEvent: {}
[298.740711] (-) TimerEvent: {}
[298.841810] (-) TimerEvent: {}
[298.945474] (-) TimerEvent: {}
[299.046677] (-) TimerEvent: {}
[299.147759] (-) TimerEvent: {}
[299.248889] (-) TimerEvent: {}
[299.349796] (-) TimerEvent: {}
[299.450698] (-) TimerEvent: {}
[299.551687] (-) TimerEvent: {}
[299.652760] (-) TimerEvent: {}
[299.753745] (-) TimerEvent: {}
[299.854753] (-) TimerEvent: {}
[299.955867] (-) TimerEvent: {}
[300.056734] (-) TimerEvent: {}
[300.157685] (-) TimerEvent: {}
[300.258530] (-) TimerEvent: {}
[300.359398] (-) TimerEvent: {}
[300.460171] (-) TimerEvent: {}
[300.561048] (-) TimerEvent: {}
[300.661958] (-) TimerEvent: {}
[300.762768] (-) TimerEvent: {}
[300.863598] (-) TimerEvent: {}
[300.964455] (-) TimerEvent: {}
[301.065389] (-) TimerEvent: {}
[301.166318] (-) TimerEvent: {}
[301.267697] (-) TimerEvent: {}
[301.369059] (-) TimerEvent: {}
[301.470298] (-) TimerEvent: {}
[301.571593] (-) TimerEvent: {}
[301.672861] (-) TimerEvent: {}
[301.774154] (-) TimerEvent: {}
[301.875951] (-) TimerEvent: {}
[301.977563] (-) TimerEvent: {}
[302.079127] (-) TimerEvent: {}
[302.180844] (-) TimerEvent: {}
[302.282447] (-) TimerEvent: {}
[302.384040] (-) TimerEvent: {}
[302.485603] (-) TimerEvent: {}
[302.587221] (-) TimerEvent: {}
[302.688806] (-) TimerEvent: {}
[302.790693] (-) TimerEvent: {}
[302.892309] (-) TimerEvent: {}
[302.993326] (-) TimerEvent: {}
[303.083159] (ei_whistle_cpp) StderrLine: {'line': b'\x1b[01m\x1b[K/home/dev/respeaker_deep_audio/src/ei_whistle_cpp/edge-impulse-sdk/tensorflow/lite/micro/memory_helpers.cc:\x1b[m\x1b[K In function \xe2\x80\x98\x1b[01m\x1b[KTfLiteStatus tflite::BytesRequiredForTensor(const tflite::Tensor&, size_t*, size_t*)\x1b[m\x1b[K\xe2\x80\x99:\n'}
[303.084771] (ei_whistle_cpp) StderrLine: {'line': b'\x1b[01m\x1b[K/home/dev/respeaker_deep_audio/src/ei_whistle_cpp/edge-impulse-sdk/tensorflow/lite/micro/memory_helpers.cc:107:61:\x1b[m\x1b[K \x1b[01;35m\x1b[Kwarning: \x1b[m\x1b[K\xe2\x80\x98\x1b[01m\x1b[Kflatbuffers::uoffset_t flatbuffers::Vector<T>::Length() const [with T = int; flatbuffers::uoffset_t = unsigned int]\x1b[m\x1b[K\xe2\x80\x99 is deprecated: use size() instead [\x1b[01;35m\x1b[K\x1b]8;;https://gcc.gnu.org/onlinedocs/gcc/Warning-Options.html#index-Wdeprecated-declarations\x07-Wdeprecated-declarations\x1b]8;;\x07\x1b[m\x1b[K]\n'}
[303.085579] (ei_whistle_cpp) StderrLine: {'line': b'  107 |     for (size_t n = 0; n < \x1b[01;35m\x1b[Kflatbuffer_tensor.shape()->Length()\x1b[m\x1b[K; ++n) {\n'}
[303.086588] (ei_whistle_cpp) StderrLine: {'line': b'      |                            \x1b[01;35m\x1b[K~~~~~~~~~~~~~~~~~~~~~~~~~~~~~~~~~^~\x1b[m\x1b[K\n'}
[303.087443] (ei_whistle_cpp) StderrLine: {'line': b'In file included from \x1b[01m\x1b[K/home/dev/respeaker_deep_audio/src/ei_whistle_cpp/edge-impulse-sdk/third_party/flatbuffers/include/flatbuffers/fb_array.h:22\x1b[m\x1b[K,\n'}
[303.087998] (ei_whistle_cpp) StderrLine: {'line': b'                 from \x1b[01m\x1b[K/home/dev/respeaker_deep_audio/src/ei_whistle_cpp/edge-impulse-sdk/third_party/flatbuffers/include/flatbuffers/flatbuffers.h:22\x1b[m\x1b[K,\n'}
[303.088655] (ei_whistle_cpp) StderrLine: {'line': b'                 from \x1b[01m\x1b[K/home/dev/respeaker_deep_audio/src/ei_whistle_cpp/edge-impulse-sdk/tensorflow/lite/schema/schema_generated.h:4\x1b[m\x1b[K,\n'}
[303.089325] (ei_whistle_cpp) StderrLine: {'line': b'                 from \x1b[01m\x1b[K/home/dev/respeaker_deep_audio/src/ei_whistle_cpp/edge-impulse-sdk/tensorflow/lite/micro/memory_helpers.h:22\x1b[m\x1b[K,\n'}
[303.089898] (ei_whistle_cpp) StderrLine: {'line': b'                 from \x1b[01m\x1b[K/home/dev/respeaker_deep_audio/src/ei_whistle_cpp/edge-impulse-sdk/tensorflow/lite/micro/memory_helpers.cc:16\x1b[m\x1b[K:\n'}
[303.090474] (ei_whistle_cpp) StderrLine: {'line': b'\x1b[01m\x1b[K/home/dev/respeaker_deep_audio/src/ei_whistle_cpp/edge-impulse-sdk/third_party/flatbuffers/include/flatbuffers/fb_vector.h:163:13:\x1b[m\x1b[K \x1b[01;36m\x1b[Knote: \x1b[m\x1b[Kdeclared here\n'}
[303.091072] (ei_whistle_cpp) StderrLine: {'line': b'  163 |   uoffset_t \x1b[01;36m\x1b[KLength\x1b[m\x1b[K() const { return size(); }\n'}
[303.091711] (ei_whistle_cpp) StderrLine: {'line': b'      |             \x1b[01;36m\x1b[K^~~~~~\x1b[m\x1b[K\n'}
[303.093543] (-) TimerEvent: {}
[303.195092] (-) TimerEvent: {}
[303.296718] (-) TimerEvent: {}
[303.398388] (-) TimerEvent: {}
[303.504112] (-) TimerEvent: {}
[303.605114] (-) TimerEvent: {}
[303.705984] (-) TimerEvent: {}
[303.809229] (-) TimerEvent: {}
[303.910122] (-) TimerEvent: {}
[304.011007] (-) TimerEvent: {}
[304.111883] (-) TimerEvent: {}
[304.212724] (-) TimerEvent: {}
[304.313587] (-) TimerEvent: {}
[304.414429] (-) TimerEvent: {}
[304.515314] (-) TimerEvent: {}
[304.616276] (-) TimerEvent: {}
[304.717219] (-) TimerEvent: {}
[304.818091] (-) TimerEvent: {}
[304.918999] (-) TimerEvent: {}
[305.019936] (-) TimerEvent: {}
[305.120789] (-) TimerEvent: {}
[305.221721] (-) TimerEvent: {}
[305.322548] (-) TimerEvent: {}
[305.423407] (-) TimerEvent: {}
[305.524271] (-) TimerEvent: {}
[305.625221] (-) TimerEvent: {}
[305.726145] (-) TimerEvent: {}
[305.827071] (-) TimerEvent: {}
[305.927940] (-) TimerEvent: {}
[306.028899] (-) TimerEvent: {}
[306.129769] (-) TimerEvent: {}
[306.230607] (-) TimerEvent: {}
[306.331479] (-) TimerEvent: {}
[306.432220] (-) TimerEvent: {}
[306.533038] (-) TimerEvent: {}
[306.633803] (-) TimerEvent: {}
[306.734549] (-) TimerEvent: {}
[306.835297] (-) TimerEvent: {}
[306.936042] (-) TimerEvent: {}
[307.036815] (-) TimerEvent: {}
[307.137649] (-) TimerEvent: {}
[307.238376] (-) TimerEvent: {}
[307.339112] (-) TimerEvent: {}
[307.407587] (ei_whistle_cpp) StdoutLine: {'line': b'[ 83%] \x1b[32mBuilding CXX object CMakeFiles/whistle_node.dir/edge-impulse-sdk/tensorflow/lite/micro/memory_planner/non_persistent_buffer_planner_shim.cc.o\x1b[0m\n'}
[307.439355] (-) TimerEvent: {}
[307.540837] (-) TimerEvent: {}
[307.641673] (-) TimerEvent: {}
[307.742433] (-) TimerEvent: {}
[307.843242] (-) TimerEvent: {}
[307.944041] (-) TimerEvent: {}
[308.044828] (-) TimerEvent: {}
[308.145706] (-) TimerEvent: {}
[308.246515] (-) TimerEvent: {}
[308.347337] (-) TimerEvent: {}
[308.448211] (-) TimerEvent: {}
[308.459402] (ei_whistle_cpp) StdoutLine: {'line': b'[ 84%] \x1b[32mBuilding CXX object CMakeFiles/whistle_node.dir/edge-impulse-sdk/tensorflow/lite/micro/memory_planner/linear_memory_planner.cc.o\x1b[0m\n'}
[308.548500] (-) TimerEvent: {}
[308.650273] (-) TimerEvent: {}
[308.753202] (-) TimerEvent: {}
[308.770506] (ei_whistle_cpp) StdoutLine: {'line': b'[ 84%] \x1b[32mBuilding CXX object CMakeFiles/whistle_node.dir/edge-impulse-sdk/tensorflow/lite/micro/memory_planner/greedy_memory_planner.cc.o\x1b[0m\n'}
[308.853418] (-) TimerEvent: {}
[308.954379] (-) TimerEvent: {}
[309.055369] (-) TimerEvent: {}
[309.156447] (-) TimerEvent: {}
[309.172956] (ei_whistle_cpp) StdoutLine: {'line': b'[ 85%] \x1b[32mBuilding CXX object CMakeFiles/whistle_node.dir/edge-impulse-sdk/tensorflow/lite/micro/micro_allocation_info.cc.o\x1b[0m\n'}
[309.256668] (-) TimerEvent: {}
[309.358502] (-) TimerEvent: {}
[309.460215] (-) TimerEvent: {}
[309.561912] (-) TimerEvent: {}
[309.589818] (ei_whistle_cpp) StdoutLine: {'line': b'[ 86%] \x1b[32mBuilding CXX object CMakeFiles/whistle_node.dir/edge-impulse-sdk/tensorflow/lite/micro/micro_allocator.cc.o\x1b[0m\n'}
[309.642920] (ei_whistle_cpp) StdoutLine: {'line': b'[ 86%] \x1b[32mBuilding CXX object CMakeFiles/whistle_node.dir/edge-impulse-sdk/tensorflow/lite/micro/micro_context.cc.o\x1b[0m\n'}
[309.662124] (-) TimerEvent: {}
[309.763751] (-) TimerEvent: {}
[309.865523] (-) TimerEvent: {}
[309.967642] (-) TimerEvent: {}
[310.069184] (-) TimerEvent: {}
[310.170103] (-) TimerEvent: {}
[310.271132] (-) TimerEvent: {}
[310.361896] (ei_whistle_cpp) StdoutLine: {'line': b'[ 87%] \x1b[32mBuilding CXX object CMakeFiles/whistle_node.dir/edge-impulse-sdk/tensorflow/lite/micro/micro_error_reporter.cc.o\x1b[0m\n'}
[310.371343] (-) TimerEvent: {}
[310.472399] (-) TimerEvent: {}
[310.573651] (-) TimerEvent: {}
[310.648857] (ei_whistle_cpp) StdoutLine: {'line': b'[ 87%] \x1b[32mBuilding CXX object CMakeFiles/whistle_node.dir/edge-impulse-sdk/tensorflow/lite/micro/micro_graph.cc.o\x1b[0m\n'}
[310.673902] (-) TimerEvent: {}
[310.775872] (-) TimerEvent: {}
[310.877871] (-) TimerEvent: {}
[310.979877] (-) TimerEvent: {}
[311.081831] (-) TimerEvent: {}
[311.183638] (-) TimerEvent: {}
[311.285822] (-) TimerEvent: {}
[311.388075] (-) TimerEvent: {}
[311.491335] (-) TimerEvent: {}
[311.593837] (-) TimerEvent: {}
[311.697237] (-) TimerEvent: {}
[311.799253] (-) TimerEvent: {}
[311.902141] (-) TimerEvent: {}
[312.006954] (-) TimerEvent: {}
[312.109204] (-) TimerEvent: {}
[312.211106] (-) TimerEvent: {}
[312.313364] (-) TimerEvent: {}
[312.415576] (-) TimerEvent: {}
[312.517360] (-) TimerEvent: {}
[312.619214] (-) TimerEvent: {}
[312.720962] (-) TimerEvent: {}
[312.823597] (-) TimerEvent: {}
[312.925463] (-) TimerEvent: {}
[313.027336] (-) TimerEvent: {}
[313.129197] (-) TimerEvent: {}
[313.231458] (-) TimerEvent: {}
[313.333395] (-) TimerEvent: {}
[313.435288] (-) TimerEvent: {}
[313.537179] (-) TimerEvent: {}
[313.646518] (-) TimerEvent: {}
[313.748950] (-) TimerEvent: {}
[313.853573] (-) TimerEvent: {}
[313.954831] (-) TimerEvent: {}
[314.056859] (-) TimerEvent: {}
[314.158818] (-) TimerEvent: {}
[314.262195] (-) TimerEvent: {}
[314.366072] (-) TimerEvent: {}
[314.449332] (ei_whistle_cpp) StdoutLine: {'line': b'[ 88%] \x1b[32mBuilding CXX object CMakeFiles/whistle_node.dir/edge-impulse-sdk/tensorflow/lite/micro/micro_interpreter.cc.o\x1b[0m\n'}
[314.466365] (-) TimerEvent: {}
[314.568927] (-) TimerEvent: {}
[314.671027] (-) TimerEvent: {}
[314.773636] (-) TimerEvent: {}
[314.875817] (-) TimerEvent: {}
[314.977880] (-) TimerEvent: {}
[315.079849] (-) TimerEvent: {}
[315.180943] (-) TimerEvent: {}
[315.282121] (-) TimerEvent: {}
[315.383106] (-) TimerEvent: {}
[315.484246] (-) TimerEvent: {}
[315.585770] (-) TimerEvent: {}
[315.686935] (-) TimerEvent: {}
[315.788039] (-) TimerEvent: {}
[315.889244] (-) TimerEvent: {}
[315.990414] (-) TimerEvent: {}
[316.091625] (-) TimerEvent: {}
[316.192738] (-) TimerEvent: {}
[316.293922] (-) TimerEvent: {}
[316.395095] (-) TimerEvent: {}
[316.496239] (-) TimerEvent: {}
[316.597404] (-) TimerEvent: {}
[316.698556] (-) TimerEvent: {}
[316.799683] (-) TimerEvent: {}
[316.900897] (-) TimerEvent: {}
[317.002214] (-) TimerEvent: {}
[317.103344] (-) TimerEvent: {}
[317.205256] (-) TimerEvent: {}
[317.307339] (-) TimerEvent: {}
[317.409241] (-) TimerEvent: {}
[317.511255] (-) TimerEvent: {}
[317.613119] (-) TimerEvent: {}
[317.715044] (-) TimerEvent: {}
[317.817095] (-) TimerEvent: {}
[317.919078] (-) TimerEvent: {}
[318.021237] (-) TimerEvent: {}
[318.122316] (-) TimerEvent: {}
[318.223500] (-) TimerEvent: {}
[318.324567] (-) TimerEvent: {}
[318.425617] (-) TimerEvent: {}
[318.526739] (-) TimerEvent: {}
[318.627826] (-) TimerEvent: {}
[318.728956] (-) TimerEvent: {}
[318.833223] (-) TimerEvent: {}
[318.934417] (-) TimerEvent: {}
[319.037276] (-) TimerEvent: {}
[319.138604] (-) TimerEvent: {}
[319.239838] (-) TimerEvent: {}
[319.341134] (-) TimerEvent: {}
[319.442186] (-) TimerEvent: {}
[319.543228] (-) TimerEvent: {}
[319.644410] (-) TimerEvent: {}
[319.745444] (-) TimerEvent: {}
[319.846576] (-) TimerEvent: {}
[319.947900] (-) TimerEvent: {}
[320.049098] (-) TimerEvent: {}
[320.150465] (-) TimerEvent: {}
[320.252770] (-) TimerEvent: {}
[320.355169] (-) TimerEvent: {}
[320.456293] (-) TimerEvent: {}
[320.557574] (-) TimerEvent: {}
[320.658701] (-) TimerEvent: {}
[320.759819] (-) TimerEvent: {}
[320.860972] (-) TimerEvent: {}
[320.962095] (-) TimerEvent: {}
[321.063262] (-) TimerEvent: {}
[321.164405] (-) TimerEvent: {}
[321.265360] (-) TimerEvent: {}
[321.366439] (-) TimerEvent: {}
[321.467540] (-) TimerEvent: {}
[321.568537] (-) TimerEvent: {}
[321.669627] (-) TimerEvent: {}
[321.770675] (-) TimerEvent: {}
[321.871675] (-) TimerEvent: {}
[321.972580] (-) TimerEvent: {}
[322.073528] (-) TimerEvent: {}
[322.174507] (-) TimerEvent: {}
[322.275532] (-) TimerEvent: {}
[322.376562] (-) TimerEvent: {}
[322.477710] (-) TimerEvent: {}
[322.578799] (-) TimerEvent: {}
[322.679821] (-) TimerEvent: {}
[322.780796] (-) TimerEvent: {}
[322.882224] (-) TimerEvent: {}
[322.983228] (-) TimerEvent: {}
[323.084185] (-) TimerEvent: {}
[323.185328] (-) TimerEvent: {}
[323.286258] (-) TimerEvent: {}
[323.387444] (-) TimerEvent: {}
[323.488702] (-) TimerEvent: {}
[323.590256] (-) TimerEvent: {}
[323.691273] (-) TimerEvent: {}
[323.792284] (-) TimerEvent: {}
[323.894397] (-) TimerEvent: {}
[323.998316] (-) TimerEvent: {}
[324.100121] (-) TimerEvent: {}
[324.201850] (-) TimerEvent: {}
[324.303645] (-) TimerEvent: {}
[324.405466] (-) TimerEvent: {}
[324.507288] (-) TimerEvent: {}
[324.608269] (-) TimerEvent: {}
[324.709215] (-) TimerEvent: {}
[324.810232] (-) TimerEvent: {}
[324.911094] (-) TimerEvent: {}
[325.012178] (-) TimerEvent: {}
[325.113219] (-) TimerEvent: {}
[325.215044] (-) TimerEvent: {}
[325.315974] (-) TimerEvent: {}
[325.417056] (-) TimerEvent: {}
[325.518131] (-) TimerEvent: {}
[325.619241] (-) TimerEvent: {}
[325.720147] (-) TimerEvent: {}
[325.821176] (-) TimerEvent: {}
[325.922163] (-) TimerEvent: {}
[326.023201] (-) TimerEvent: {}
[326.124249] (-) TimerEvent: {}
[326.225243] (-) TimerEvent: {}
[326.326452] (-) TimerEvent: {}
[326.427606] (-) TimerEvent: {}
[326.528589] (-) TimerEvent: {}
[326.629668] (-) TimerEvent: {}
[326.730696] (-) TimerEvent: {}
[326.831733] (-) TimerEvent: {}
[326.932776] (-) TimerEvent: {}
[327.033738] (-) TimerEvent: {}
[327.134793] (-) TimerEvent: {}
[327.235934] (-) TimerEvent: {}
[327.337626] (-) TimerEvent: {}
[327.439810] (-) TimerEvent: {}
[327.522744] (ei_whistle_cpp) StdoutLine: {'line': b'[ 89%] \x1b[32mBuilding CXX object CMakeFiles/whistle_node.dir/edge-impulse-sdk/tensorflow/lite/micro/micro_log.cc.o\x1b[0m\n'}
[327.540456] (-) TimerEvent: {}
[327.641425] (-) TimerEvent: {}
[327.743107] (-) TimerEvent: {}
[327.790571] (ei_whistle_cpp) StdoutLine: {'line': b'[ 89%] \x1b[32mBuilding CXX object CMakeFiles/whistle_node.dir/edge-impulse-sdk/tensorflow/lite/micro/micro_profiler.cc.o\x1b[0m\n'}
[327.816228] (ei_whistle_cpp) StdoutLine: {'line': b'[ 90%] \x1b[32mBuilding CXX object CMakeFiles/whistle_node.dir/edge-impulse-sdk/tensorflow/lite/micro/micro_resource_variable.cc.o\x1b[0m\n'}
[327.843364] (-) TimerEvent: {}
[327.945214] (-) TimerEvent: {}
[328.046774] (-) TimerEvent: {}
[328.148300] (-) TimerEvent: {}
[328.250098] (-) TimerEvent: {}
[328.275732] (ei_whistle_cpp) StdoutLine: {'line': b'[ 90%] \x1b[32mBuilding CXX object CMakeFiles/whistle_node.dir/edge-impulse-sdk/tensorflow/lite/micro/micro_string.cc.o\x1b[0m\n'}
[328.350309] (-) TimerEvent: {}
[328.451074] (-) TimerEvent: {}
[328.552001] (-) TimerEvent: {}
[328.652954] (-) TimerEvent: {}
[328.686348] (ei_whistle_cpp) StdoutLine: {'line': b'[ 91%] \x1b[32mBuilding CXX object CMakeFiles/whistle_node.dir/edge-impulse-sdk/tensorflow/lite/micro/micro_time.cc.o\x1b[0m\n'}
[328.753623] (-) TimerEvent: {}
[328.855378] (-) TimerEvent: {}
[328.957220] (-) TimerEvent: {}
[329.058820] (-) TimerEvent: {}
[329.160390] (-) TimerEvent: {}
[329.214038] (ei_whistle_cpp) StdoutLine: {'line': b'[ 92%] \x1b[32mBuilding CXX object CMakeFiles/whistle_node.dir/edge-impulse-sdk/tensorflow/lite/micro/micro_utils.cc.o\x1b[0m\n'}
[329.260706] (-) TimerEvent: {}
[329.361652] (-) TimerEvent: {}
[329.367750] (ei_whistle_cpp) StdoutLine: {'line': b'[ 92%] \x1b[32mBuilding CXX object CMakeFiles/whistle_node.dir/edge-impulse-sdk/tensorflow/lite/micro/mock_micro_graph.cc.o\x1b[0m\n'}
[329.461886] (-) TimerEvent: {}
[329.562754] (-) TimerEvent: {}
[329.664473] (-) TimerEvent: {}
[329.766179] (-) TimerEvent: {}
[329.867763] (-) TimerEvent: {}
[329.970434] (-) TimerEvent: {}
[330.072183] (-) TimerEvent: {}
[330.179823] (-) TimerEvent: {}
[330.290216] (-) TimerEvent: {}
[330.391721] (-) TimerEvent: {}
[330.493064] (-) TimerEvent: {}
[330.594917] (-) TimerEvent: {}
[330.696832] (-) TimerEvent: {}
[330.799246] (-) TimerEvent: {}
[330.901243] (-) TimerEvent: {}
[331.003148] (-) TimerEvent: {}
[331.105532] (-) TimerEvent: {}
[331.207561] (-) TimerEvent: {}
[331.309429] (-) TimerEvent: {}
[331.411653] (-) TimerEvent: {}
[331.512649] (-) TimerEvent: {}
[331.613711] (-) TimerEvent: {}
[331.714675] (-) TimerEvent: {}
[331.815647] (-) TimerEvent: {}
[331.916713] (-) TimerEvent: {}
[332.017809] (-) TimerEvent: {}
[332.118855] (-) TimerEvent: {}
[332.220012] (-) TimerEvent: {}
[332.321294] (-) TimerEvent: {}
[332.422652] (-) TimerEvent: {}
[332.523667] (-) TimerEvent: {}
[332.624726] (-) TimerEvent: {}
[332.725805] (-) TimerEvent: {}
[332.826830] (-) TimerEvent: {}
[332.927759] (-) TimerEvent: {}
[333.028929] (-) TimerEvent: {}
[333.130142] (-) TimerEvent: {}
[333.231114] (-) TimerEvent: {}
[333.332217] (-) TimerEvent: {}
[333.433189] (-) TimerEvent: {}
[333.534187] (-) TimerEvent: {}
[333.635356] (-) TimerEvent: {}
[333.739738] (-) TimerEvent: {}
[333.853359] (-) TimerEvent: {}
[333.954601] (-) TimerEvent: {}
[334.056478] (-) TimerEvent: {}
[334.158434] (-) TimerEvent: {}
[334.260547] (-) TimerEvent: {}
[334.355586] (ei_whistle_cpp) StdoutLine: {'line': b'[ 93%] \x1b[32mBuilding CXX object CMakeFiles/whistle_node.dir/edge-impulse-sdk/tensorflow/lite/micro/non_persistent_arena_buffer_allocator.cc.o\x1b[0m\n'}
[334.361166] (-) TimerEvent: {}
[334.464156] (-) TimerEvent: {}
[334.565164] (-) TimerEvent: {}
[334.666209] (-) TimerEvent: {}
[334.767327] (-) TimerEvent: {}
[334.868322] (-) TimerEvent: {}
[334.969413] (-) TimerEvent: {}
[335.070421] (-) TimerEvent: {}
[335.172497] (-) TimerEvent: {}
[335.274399] (-) TimerEvent: {}
[335.375560] (-) TimerEvent: {}
[335.476700] (-) TimerEvent: {}
[335.577900] (-) TimerEvent: {}
[335.679334] (-) TimerEvent: {}
[335.781180] (-) TimerEvent: {}
[335.882106] (-) TimerEvent: {}
[335.983130] (-) TimerEvent: {}
[336.084329] (-) TimerEvent: {}
[336.185432] (-) TimerEvent: {}
[336.286414] (-) TimerEvent: {}
[336.387405] (-) TimerEvent: {}
[336.488407] (-) TimerEvent: {}
[336.589583] (-) TimerEvent: {}
[336.690662] (-) TimerEvent: {}
[336.791784] (-) TimerEvent: {}
[336.892894] (-) TimerEvent: {}
[336.994023] (-) TimerEvent: {}
[337.095240] (-) TimerEvent: {}
[337.197000] (-) TimerEvent: {}
[337.298230] (-) TimerEvent: {}
[337.342435] (ei_whistle_cpp) StdoutLine: {'line': b'[ 93%] \x1b[32mBuilding CXX object CMakeFiles/whistle_node.dir/edge-impulse-sdk/tensorflow/lite/micro/op_resolver_bridge.cc.o\x1b[0m\n'}
[337.398525] (-) TimerEvent: {}
[337.499816] (-) TimerEvent: {}
[337.601277] (-) TimerEvent: {}
[337.702572] (-) TimerEvent: {}
[337.803696] (-) TimerEvent: {}
[337.904782] (-) TimerEvent: {}
[338.006805] (-) TimerEvent: {}
[338.108624] (-) TimerEvent: {}
[338.210589] (-) TimerEvent: {}
[338.312585] (-) TimerEvent: {}
[338.415036] (-) TimerEvent: {}
[338.517206] (-) TimerEvent: {}
[338.618222] (-) TimerEvent: {}
[338.719292] (-) TimerEvent: {}
[338.820360] (-) TimerEvent: {}
[338.922811] (-) TimerEvent: {}
[339.024690] (-) TimerEvent: {}
[339.125983] (-) TimerEvent: {}
[339.227158] (-) TimerEvent: {}
[339.328495] (-) TimerEvent: {}
[339.429745] (-) TimerEvent: {}
[339.530881] (-) TimerEvent: {}
[339.631861] (-) TimerEvent: {}
[339.732930] (-) TimerEvent: {}
[339.834117] (-) TimerEvent: {}
[339.936241] (-) TimerEvent: {}
[340.038448] (-) TimerEvent: {}
[340.140331] (-) TimerEvent: {}
[340.242431] (-) TimerEvent: {}
[340.344363] (-) TimerEvent: {}
[340.446527] (-) TimerEvent: {}
[340.548360] (-) TimerEvent: {}
[340.649346] (-) TimerEvent: {}
[340.750501] (-) TimerEvent: {}
[340.851950] (-) TimerEvent: {}
[340.952948] (-) TimerEvent: {}
[341.054319] (-) TimerEvent: {}
[341.155388] (-) TimerEvent: {}
[341.256377] (-) TimerEvent: {}
[341.357421] (-) TimerEvent: {}
[341.458529] (-) TimerEvent: {}
[341.559515] (-) TimerEvent: {}
[341.660633] (-) TimerEvent: {}
[341.672147] (ei_whistle_cpp) StdoutLine: {'line': b'[ 94%] \x1b[32mBuilding CXX object CMakeFiles/whistle_node.dir/edge-impulse-sdk/tensorflow/lite/micro/persistent_arena_buffer_allocator.cc.o\x1b[0m\n'}
[341.760922] (-) TimerEvent: {}
[341.861978] (-) TimerEvent: {}
[341.962920] (-) TimerEvent: {}
[342.063939] (-) TimerEvent: {}
[342.164885] (-) TimerEvent: {}
[342.265892] (-) TimerEvent: {}
[342.366846] (-) TimerEvent: {}
[342.467894] (-) TimerEvent: {}
[342.568954] (-) TimerEvent: {}
[342.670026] (-) TimerEvent: {}
[342.771012] (-) TimerEvent: {}
[342.872057] (-) TimerEvent: {}
[342.973145] (-) TimerEvent: {}
[343.074097] (-) TimerEvent: {}
[343.175062] (-) TimerEvent: {}
[343.276078] (-) TimerEvent: {}
[343.377254] (-) TimerEvent: {}
[343.478505] (-) TimerEvent: {}
[343.579558] (-) TimerEvent: {}
[343.680611] (-) TimerEvent: {}
[343.781666] (-) TimerEvent: {}
[343.888191] (-) TimerEvent: {}
[343.989372] (-) TimerEvent: {}
[344.090522] (-) TimerEvent: {}
[344.198082] (-) TimerEvent: {}
[344.299124] (-) TimerEvent: {}
[344.400120] (-) TimerEvent: {}
[344.501238] (-) TimerEvent: {}
[344.602314] (-) TimerEvent: {}
[344.703577] (-) TimerEvent: {}
[344.804772] (-) TimerEvent: {}
[344.905907] (-) TimerEvent: {}
[345.007042] (-) TimerEvent: {}
[345.108304] (-) TimerEvent: {}
[345.209558] (-) TimerEvent: {}
[345.310922] (-) TimerEvent: {}
[345.412135] (-) TimerEvent: {}
[345.513342] (-) TimerEvent: {}
[345.614572] (-) TimerEvent: {}
[345.716828] (-) TimerEvent: {}
[345.817861] (-) TimerEvent: {}
[345.918925] (-) TimerEvent: {}
[346.019864] (-) TimerEvent: {}
[346.120833] (-) TimerEvent: {}
[346.222018] (-) TimerEvent: {}
[346.287184] (ei_whistle_cpp) StdoutLine: {'line': b'[ 95%] \x1b[32mBuilding CXX object CMakeFiles/whistle_node.dir/edge-impulse-sdk/tensorflow/lite/micro/recording_micro_allocator.cc.o\x1b[0m\n'}
[346.322242] (-) TimerEvent: {}
[346.423186] (-) TimerEvent: {}
[346.524209] (-) TimerEvent: {}
[346.593681] (ei_whistle_cpp) StdoutLine: {'line': b'[ 95%] \x1b[32mBuilding CXX object CMakeFiles/whistle_node.dir/edge-impulse-sdk/tensorflow/lite/micro/recording_single_arena_buffer_allocator.cc.o\x1b[0m\n'}
[346.624456] (-) TimerEvent: {}
[346.725300] (-) TimerEvent: {}
[346.826162] (-) TimerEvent: {}
[346.926972] (-) TimerEvent: {}
[347.027931] (-) TimerEvent: {}
[347.064867] (ei_whistle_cpp) StdoutLine: {'line': b'[ 96%] \x1b[32mBuilding CXX object CMakeFiles/whistle_node.dir/edge-impulse-sdk/tensorflow/lite/micro/schema_utils.cc.o\x1b[0m\n'}
[347.128151] (-) TimerEvent: {}
[347.229114] (-) TimerEvent: {}
[347.330269] (-) TimerEvent: {}
[347.431156] (-) TimerEvent: {}
[347.532240] (-) TimerEvent: {}
[347.633132] (-) TimerEvent: {}
[347.734059] (-) TimerEvent: {}
[347.835033] (-) TimerEvent: {}
[347.936030] (-) TimerEvent: {}
[348.037085] (-) TimerEvent: {}
[348.137999] (-) TimerEvent: {}
[348.238919] (-) TimerEvent: {}
[348.339960] (-) TimerEvent: {}
[348.440983] (-) TimerEvent: {}
[348.542107] (-) TimerEvent: {}
[348.643135] (-) TimerEvent: {}
[348.744554] (-) TimerEvent: {}
[348.849299] (-) TimerEvent: {}
[348.950288] (-) TimerEvent: {}
[349.051372] (-) TimerEvent: {}
[349.152620] (-) TimerEvent: {}
[349.260112] (-) TimerEvent: {}
[349.361295] (-) TimerEvent: {}
[349.462448] (-) TimerEvent: {}
[349.563837] (-) TimerEvent: {}
[349.664936] (-) TimerEvent: {}
[349.766048] (-) TimerEvent: {}
[349.867073] (-) TimerEvent: {}
[349.968089] (-) TimerEvent: {}
[350.069113] (-) TimerEvent: {}
[350.171678] (-) TimerEvent: {}
[350.273697] (-) TimerEvent: {}
[350.375122] (-) TimerEvent: {}
[350.476456] (-) TimerEvent: {}
[350.578318] (-) TimerEvent: {}
[350.679664] (-) TimerEvent: {}
[350.737338] (ei_whistle_cpp) StdoutLine: {'line': b'[ 96%] \x1b[32mBuilding CXX object CMakeFiles/whistle_node.dir/edge-impulse-sdk/tensorflow/lite/micro/single_arena_buffer_allocator.cc.o\x1b[0m\n'}
[350.779966] (-) TimerEvent: {}
[350.880997] (-) TimerEvent: {}
[350.982056] (-) TimerEvent: {}
[351.082991] (-) TimerEvent: {}
[351.157439] (ei_whistle_cpp) StdoutLine: {'line': b'[ 97%] \x1b[32mBuilding CXX object CMakeFiles/whistle_node.dir/edge-impulse-sdk/tensorflow/lite/micro/system_setup.cc.o\x1b[0m\n'}
[351.183200] (-) TimerEvent: {}
[351.284271] (-) TimerEvent: {}
[351.326955] (ei_whistle_cpp) StdoutLine: {'line': b'[ 98%] \x1b[32mBuilding CXX object CMakeFiles/whistle_node.dir/edge-impulse-sdk/tensorflow/lite/micro/test_helper_custom_ops.cc.o\x1b[0m\n'}
[351.384550] (-) TimerEvent: {}
[351.485660] (-) TimerEvent: {}
[351.586600] (-) TimerEvent: {}
[351.687619] (-) TimerEvent: {}
[351.788572] (-) TimerEvent: {}
[351.889592] (-) TimerEvent: {}
[351.990542] (-) TimerEvent: {}
[352.091393] (-) TimerEvent: {}
[352.192263] (-) TimerEvent: {}
[352.293186] (-) TimerEvent: {}
[352.394150] (-) TimerEvent: {}
[352.495214] (-) TimerEvent: {}
[352.596194] (-) TimerEvent: {}
[352.697189] (-) TimerEvent: {}
[352.798173] (-) TimerEvent: {}
[352.899212] (-) TimerEvent: {}
[353.000266] (-) TimerEvent: {}
[353.101312] (-) TimerEvent: {}
[353.202262] (-) TimerEvent: {}
[353.303287] (-) TimerEvent: {}
[353.404552] (-) TimerEvent: {}
[353.505784] (-) TimerEvent: {}
[353.606722] (-) TimerEvent: {}
[353.707692] (-) TimerEvent: {}
[353.808742] (-) TimerEvent: {}
[353.915183] (-) TimerEvent: {}
[354.016314] (-) TimerEvent: {}
[354.121787] (-) TimerEvent: {}
[354.223964] (-) TimerEvent: {}
[354.334688] (-) TimerEvent: {}
[354.436608] (-) TimerEvent: {}
[354.538664] (-) TimerEvent: {}
[354.640846] (-) TimerEvent: {}
[354.743112] (-) TimerEvent: {}
[354.845240] (-) TimerEvent: {}
[354.947285] (-) TimerEvent: {}
[355.048453] (-) TimerEvent: {}
[355.149463] (-) TimerEvent: {}
[355.254497] (-) TimerEvent: {}
[355.355574] (-) TimerEvent: {}
[355.456930] (-) TimerEvent: {}
[355.558097] (-) TimerEvent: {}
[355.659144] (-) TimerEvent: {}
[355.760253] (-) TimerEvent: {}
[355.861275] (-) TimerEvent: {}
[355.962284] (-) TimerEvent: {}
[356.063542] (-) TimerEvent: {}
[356.164659] (-) TimerEvent: {}
[356.265696] (-) TimerEvent: {}
[356.366727] (-) TimerEvent: {}
[356.467856] (-) TimerEvent: {}
[356.568897] (-) TimerEvent: {}
[356.669929] (-) TimerEvent: {}
[356.770882] (-) TimerEvent: {}
[356.871885] (-) TimerEvent: {}
[356.972966] (-) TimerEvent: {}
[357.073963] (-) TimerEvent: {}
[357.175016] (-) TimerEvent: {}
[357.276088] (-) TimerEvent: {}
[357.377059] (-) TimerEvent: {}
[357.478038] (-) TimerEvent: {}
[357.579086] (-) TimerEvent: {}
[357.680130] (-) TimerEvent: {}
[357.781208] (-) TimerEvent: {}
[357.882411] (-) TimerEvent: {}
[357.983747] (-) TimerEvent: {}
[358.084727] (-) TimerEvent: {}
[358.185748] (-) TimerEvent: {}
[358.286897] (-) TimerEvent: {}
[358.388953] (-) TimerEvent: {}
[358.490820] (-) TimerEvent: {}
[358.592685] (-) TimerEvent: {}
[358.694552] (-) TimerEvent: {}
[358.797266] (-) TimerEvent: {}
[358.899026] (-) TimerEvent: {}
[359.000729] (-) TimerEvent: {}
[359.102679] (-) TimerEvent: {}
[359.204314] (-) TimerEvent: {}
[359.305134] (-) TimerEvent: {}
[359.406106] (-) TimerEvent: {}
[359.507142] (-) TimerEvent: {}
[359.608149] (-) TimerEvent: {}
[359.709197] (-) TimerEvent: {}
[359.810256] (-) TimerEvent: {}
[359.911270] (-) TimerEvent: {}
[360.012292] (-) TimerEvent: {}
[360.113456] (-) TimerEvent: {}
[360.214358] (-) TimerEvent: {}
[360.315203] (-) TimerEvent: {}
[360.416037] (-) TimerEvent: {}
[360.516896] (-) TimerEvent: {}
[360.617837] (-) TimerEvent: {}
[360.718718] (-) TimerEvent: {}
[360.819658] (-) TimerEvent: {}
[360.920509] (-) TimerEvent: {}
[361.021381] (-) TimerEvent: {}
[361.122220] (-) TimerEvent: {}
[361.223060] (-) TimerEvent: {}
[361.323926] (-) TimerEvent: {}
[361.424834] (-) TimerEvent: {}
[361.525772] (-) TimerEvent: {}
[361.626630] (-) TimerEvent: {}
[361.727542] (-) TimerEvent: {}
[361.828484] (-) TimerEvent: {}
[361.929402] (-) TimerEvent: {}
[362.030381] (-) TimerEvent: {}
[362.131265] (-) TimerEvent: {}
[362.232185] (-) TimerEvent: {}
[362.333067] (-) TimerEvent: {}
[362.433916] (-) TimerEvent: {}
[362.534786] (-) TimerEvent: {}
[362.635685] (-) TimerEvent: {}
[362.737126] (-) TimerEvent: {}
[362.838161] (-) TimerEvent: {}
[362.939611] (-) TimerEvent: {}
[363.040473] (-) TimerEvent: {}
[363.141394] (-) TimerEvent: {}
[363.150239] (ei_whistle_cpp) StdoutLine: {'line': b'[ 99%] \x1b[32mBuilding CXX object CMakeFiles/whistle_node.dir/tflite-model/tflite_learn_828227_4.cpp.o\x1b[0m\n'}
[363.241604] (-) TimerEvent: {}
[363.286570] (ei_whistle_cpp) StdoutLine: {'line': b'[ 99%] \x1b[32mBuilding CXX object CMakeFiles/whistle_node.dir/edge-impulse-sdk/tensorflow/lite/micro/test_helpers.cc.o\x1b[0m\n'}
[363.341820] (-) TimerEvent: {}
[363.442639] (-) TimerEvent: {}
[363.543437] (-) TimerEvent: {}
[363.644225] (-) TimerEvent: {}
[363.745471] (-) TimerEvent: {}
[363.847031] (-) TimerEvent: {}
[363.947880] (-) TimerEvent: {}
[364.048636] (-) TimerEvent: {}
[364.149485] (-) TimerEvent: {}
[364.250258] (-) TimerEvent: {}
[364.351066] (-) TimerEvent: {}
[364.451928] (-) TimerEvent: {}
[364.552929] (-) TimerEvent: {}
[364.653766] (-) TimerEvent: {}
[364.754612] (-) TimerEvent: {}
[364.855419] (-) TimerEvent: {}
[364.956370] (-) TimerEvent: {}
[365.057701] (-) TimerEvent: {}
[365.158550] (-) TimerEvent: {}
[365.259358] (-) TimerEvent: {}
[365.360101] (-) TimerEvent: {}
[365.460885] (-) TimerEvent: {}
[365.561669] (-) TimerEvent: {}
[365.662620] (-) TimerEvent: {}
[365.763375] (-) TimerEvent: {}
[365.864129] (-) TimerEvent: {}
[365.964920] (-) TimerEvent: {}
[366.065700] (-) TimerEvent: {}
[366.166494] (-) TimerEvent: {}
[366.267270] (-) TimerEvent: {}
[366.368048] (-) TimerEvent: {}
[366.468789] (-) TimerEvent: {}
[366.569585] (-) TimerEvent: {}
[366.670397] (-) TimerEvent: {}
[366.771166] (-) TimerEvent: {}
[366.871939] (-) TimerEvent: {}
[366.972701] (-) TimerEvent: {}
[367.073489] (-) TimerEvent: {}
[367.174269] (-) TimerEvent: {}
[367.275031] (-) TimerEvent: {}
[367.375798] (-) TimerEvent: {}
[367.476569] (-) TimerEvent: {}
[367.577329] (-) TimerEvent: {}
[367.678082] (-) TimerEvent: {}
[367.778820] (-) TimerEvent: {}
[367.879595] (-) TimerEvent: {}
[367.980404] (-) TimerEvent: {}
[368.081196] (-) TimerEvent: {}
[368.181918] (-) TimerEvent: {}
[368.282706] (-) TimerEvent: {}
[368.383452] (-) TimerEvent: {}
[368.484235] (-) TimerEvent: {}
[368.584956] (-) TimerEvent: {}
[368.685791] (-) TimerEvent: {}
[368.786614] (-) TimerEvent: {}
[368.887460] (-) TimerEvent: {}
[368.988192] (-) TimerEvent: {}
[369.088932] (-) TimerEvent: {}
[369.189745] (-) TimerEvent: {}
[369.290609] (-) TimerEvent: {}
[369.391383] (-) TimerEvent: {}
[369.492161] (-) TimerEvent: {}
[369.592913] (-) TimerEvent: {}
[369.693708] (-) TimerEvent: {}
[369.794480] (-) TimerEvent: {}
[369.895264] (-) TimerEvent: {}
[369.996096] (-) TimerEvent: {}
[370.096864] (-) TimerEvent: {}
[370.197655] (-) TimerEvent: {}
[370.298396] (-) TimerEvent: {}
[370.399232] (-) TimerEvent: {}
[370.500030] (-) TimerEvent: {}
[370.601056] (-) TimerEvent: {}
[370.701828] (-) TimerEvent: {}
[370.802629] (-) TimerEvent: {}
[370.903498] (-) TimerEvent: {}
[371.004366] (-) TimerEvent: {}
[371.105223] (-) TimerEvent: {}
[371.206030] (-) TimerEvent: {}
[371.306783] (-) TimerEvent: {}
[371.407549] (-) TimerEvent: {}
[371.508457] (-) TimerEvent: {}
[371.609197] (-) TimerEvent: {}
[371.709958] (-) TimerEvent: {}
[371.810766] (-) TimerEvent: {}
[371.911527] (-) TimerEvent: {}
[372.012304] (-) TimerEvent: {}
[372.113162] (-) TimerEvent: {}
[372.213909] (-) TimerEvent: {}
[372.314677] (-) TimerEvent: {}
[372.415503] (-) TimerEvent: {}
[372.516315] (-) TimerEvent: {}
[372.617159] (-) TimerEvent: {}
[372.717915] (-) TimerEvent: {}
[372.818699] (-) TimerEvent: {}
[372.919551] (-) TimerEvent: {}
[373.020284] (-) TimerEvent: {}
[373.121046] (-) TimerEvent: {}
[373.221869] (-) TimerEvent: {}
[373.322677] (-) TimerEvent: {}
[373.423404] (-) TimerEvent: {}
[373.524141] (-) TimerEvent: {}
[373.624879] (-) TimerEvent: {}
[373.725778] (-) TimerEvent: {}
[373.826628] (-) TimerEvent: {}
[373.927496] (-) TimerEvent: {}
[374.028245] (-) TimerEvent: {}
[374.129062] (-) TimerEvent: {}
[374.229806] (-) TimerEvent: {}
[374.330598] (-) TimerEvent: {}
[374.431342] (-) TimerEvent: {}
[374.532103] (-) TimerEvent: {}
[374.632875] (-) TimerEvent: {}
[374.733645] (-) TimerEvent: {}
[374.834378] (-) TimerEvent: {}
[374.935186] (-) TimerEvent: {}
[375.035938] (-) TimerEvent: {}
[375.136726] (-) TimerEvent: {}
[375.237503] (-) TimerEvent: {}
[375.338236] (-) TimerEvent: {}
[375.439000] (-) TimerEvent: {}
[375.539740] (-) TimerEvent: {}
[375.640497] (-) TimerEvent: {}
[375.741276] (-) TimerEvent: {}
[375.842027] (-) TimerEvent: {}
[375.942841] (-) TimerEvent: {}
[376.043637] (-) TimerEvent: {}
[376.144558] (-) TimerEvent: {}
[376.245393] (-) TimerEvent: {}
[376.346192] (-) TimerEvent: {}
[376.447004] (-) TimerEvent: {}
[376.547767] (-) TimerEvent: {}
[376.648539] (-) TimerEvent: {}
[376.749349] (-) TimerEvent: {}
[376.850099] (-) TimerEvent: {}
[376.950906] (-) TimerEvent: {}
[377.051707] (-) TimerEvent: {}
[377.152475] (-) TimerEvent: {}
[377.253209] (-) TimerEvent: {}
[377.354002] (-) TimerEvent: {}
[377.454887] (-) TimerEvent: {}
[377.555615] (-) TimerEvent: {}
[377.656375] (-) TimerEvent: {}
[377.757173] (-) TimerEvent: {}
[377.857920] (-) TimerEvent: {}
[377.958660] (-) TimerEvent: {}
[378.059452] (-) TimerEvent: {}
[378.160328] (-) TimerEvent: {}
[378.261129] (-) TimerEvent: {}
[378.361877] (-) TimerEvent: {}
[378.462609] (-) TimerEvent: {}
[378.563392] (-) TimerEvent: {}
[378.664172] (-) TimerEvent: {}
[378.765062] (-) TimerEvent: {}
[378.865993] (-) TimerEvent: {}
[378.966737] (-) TimerEvent: {}
[379.067526] (-) TimerEvent: {}
[379.090018] (ei_whistle_cpp) StdoutLine: {'line': b'[100%] \x1b[32m\x1b[1mLinking CXX executable whistle_node\x1b[0m\n'}
[379.167712] (-) TimerEvent: {}
[379.268382] (-) TimerEvent: {}
[379.369199] (-) TimerEvent: {}
[379.470157] (-) TimerEvent: {}
[379.571093] (-) TimerEvent: {}
[379.671894] (-) TimerEvent: {}
[379.772665] (-) TimerEvent: {}
[379.873717] (-) TimerEvent: {}
[379.975046] (-) TimerEvent: {}
[380.076074] (-) TimerEvent: {}
[380.177258] (-) TimerEvent: {}
[380.278388] (-) TimerEvent: {}
[380.379226] (-) TimerEvent: {}
[380.480091] (-) TimerEvent: {}
[380.581061] (-) TimerEvent: {}
[380.681838] (-) TimerEvent: {}
[380.782784] (-) TimerEvent: {}
[380.883793] (-) TimerEvent: {}
[380.984766] (-) TimerEvent: {}
[381.085575] (-) TimerEvent: {}
[381.186796] (-) TimerEvent: {}
[381.287557] (-) TimerEvent: {}
[381.388492] (-) TimerEvent: {}
[381.489557] (-) TimerEvent: {}
[381.590255] (-) TimerEvent: {}
[381.684124] (ei_whistle_cpp) StderrLine: {'line': b'gmake[2]: warning:  Clock skew detected.  Your build may be incomplete.\n'}
[381.690448] (-) TimerEvent: {}
[381.747745] (ei_whistle_cpp) StdoutLine: {'line': b'[100%] Built target whistle_node\n'}
[381.790633] (-) TimerEvent: {}
[381.840450] (ei_whistle_cpp) CommandEnded: {'returncode': 0}
[381.850735] (ei_whistle_cpp) JobProgress: {'identifier': 'ei_whistle_cpp', 'progress': 'install'}
[381.890830] (-) TimerEvent: {}
[381.909804] (ei_whistle_cpp) Command: {'cmd': ['/usr/bin/cmake', '--install', '/home/dev/respeaker_deep_audio/build/ei_whistle_cpp'], 'cwd': '/home/dev/respeaker_deep_audio/build/ei_whistle_cpp', 'env': OrderedDict([('LESSOPEN', '| /usr/bin/lesspipe %s'), ('USER', 'dev'), ('SSH_CLIENT', '192.168.0.53 54172 22'), ('XDG_SESSION_TYPE', 'tty'), ('GIT_ASKPASS', '/home/dev/.vscode-server/cli/servers/Stable-ac4cbdf48759c7d8c3eb91ffe6bb04316e263c57/server/extensions/git/dist/askpass.sh'), ('SHLVL', '1'), ('LD_LIBRARY_PATH', '/opt/ros/humble/opt/rviz_ogre_vendor/lib:/opt/ros/humble/lib/aarch64-linux-gnu:/opt/ros/humble/lib'), ('BROWSER', '/home/dev/.vscode-server/cli/servers/Stable-ac4cbdf48759c7d8c3eb91ffe6bb04316e263c57/server/bin/helpers/browser.sh'), ('MOTD_SHOWN', 'pam'), ('HOME', '/home/dev'), ('OLDPWD', '/home/dev'), ('TERM_PROGRAM_VERSION', '1.106.0'), ('VSCODE_IPC_HOOK_CLI', '/run/user/1000/vscode-ipc-19fbfdff-b542-403a-97a4-7a02d5e5dcdd.sock'), ('ROS_PYTHON_VERSION', '3'), ('VSCODE_GIT_ASKPASS_MAIN', '/home/dev/.vscode-server/cli/servers/Stable-ac4cbdf48759c7d8c3eb91ffe6bb04316e263c57/server/extensions/git/dist/askpass-main.js'), ('VSCODE_GIT_ASKPASS_NODE', '/home/dev/.vscode-server/cli/servers/Stable-ac4cbdf48759c7d8c3eb91ffe6bb04316e263c57/server/node'), ('SSL_CERT_FILE', '/usr/lib/ssl/certs/ca-certificates.crt'), ('VSCODE_PYTHON_AUTOACTIVATE_GUARD', '1'), ('DBUS_SESSION_BUS_ADDRESS', 'unix:path=/run/user/1000/bus'), ('COLORTERM', 'truecolor'), ('ROS_DISTRO', 'humble'), ('LOGNAME', 'dev'), ('_', '/usr/bin/colcon'), ('ROS_VERSION', '2'), ('XDG_SESSION_CLASS', 'user'), ('TERM', 'xterm-256color'), ('XDG_SESSION_ID', '4'), ('ROS_LOCALHOST_ONLY', '0'), ('PATH', '/opt/ros/humble/bin:/home/dev/.vscode-server/data/User/globalStorage/github.copilot-chat/debugCommand:/home/dev/.vscode-server/data/User/globalStorage/github.copilot-chat/copilotCli:/home/dev/.vscode-server/cli/servers/Stable-ac4cbdf48759c7d8c3eb91ffe6bb04316e263c57/server/bin/remote-cli:/home/dev/.local/bin:/usr/local/sbin:/usr/local/bin:/usr/sbin:/usr/bin:/sbin:/bin:/usr/games:/usr/local/games:/snap/bin'), ('XDG_RUNTIME_DIR', '/run/user/1000'), ('SSL_CERT_DIR', '/usr/lib/ssl/certs'), ('LANG', 'en_US.UTF-8'), ('LS_COLORS', 'rs=0:di=01;34:ln=01;36:mh=00:pi=40;33:so=01;35:do=01;35:bd=40;33;01:cd=40;33;01:or=40;31;01:mi=00:su=37;41:sg=30;43:ca=30;41:tw=30;42:ow=34;42:st=37;44:ex=01;32:*.tar=01;31:*.tgz=01;31:*.arc=01;31:*.arj=01;31:*.taz=01;31:*.lha=01;31:*.lz4=01;31:*.lzh=01;31:*.lzma=01;31:*.tlz=01;31:*.txz=01;31:*.tzo=01;31:*.t7z=01;31:*.zip=01;31:*.z=01;31:*.dz=01;31:*.gz=01;31:*.lrz=01;31:*.lz=01;31:*.lzo=01;31:*.xz=01;31:*.zst=01;31:*.tzst=01;31:*.bz2=01;31:*.bz=01;31:*.tbz=01;31:*.tbz2=01;31:*.tz=01;31:*.deb=01;31:*.rpm=01;31:*.jar=01;31:*.war=01;31:*.ear=01;31:*.sar=01;31:*.rar=01;31:*.alz=01;31:*.ace=01;31:*.zoo=01;31:*.cpio=01;31:*.7z=01;31:*.rz=01;31:*.cab=01;31:*.wim=01;31:*.swm=01;31:*.dwm=01;31:*.esd=01;31:*.jpg=01;35:*.jpeg=01;35:*.mjpg=01;35:*.mjpeg=01;35:*.gif=01;35:*.bmp=01;35:*.pbm=01;35:*.pgm=01;35:*.ppm=01;35:*.tga=01;35:*.xbm=01;35:*.xpm=01;35:*.tif=01;35:*.tiff=01;35:*.png=01;35:*.svg=01;35:*.svgz=01;35:*.mng=01;35:*.pcx=01;35:*.mov=01;35:*.mpg=01;35:*.mpeg=01;35:*.m2v=01;35:*.mkv=01;35:*.webm=01;35:*.webp=01;35:*.ogm=01;35:*.mp4=01;35:*.m4v=01;35:*.mp4v=01;35:*.vob=01;35:*.qt=01;35:*.nuv=01;35:*.wmv=01;35:*.asf=01;35:*.rm=01;35:*.rmvb=01;35:*.flc=01;35:*.avi=01;35:*.fli=01;35:*.flv=01;35:*.gl=01;35:*.dl=01;35:*.xcf=01;35:*.xwd=01;35:*.yuv=01;35:*.cgm=01;35:*.emf=01;35:*.ogv=01;35:*.ogx=01;35:*.aac=00;36:*.au=00;36:*.flac=00;36:*.m4a=00;36:*.mid=00;36:*.midi=00;36:*.mka=00;36:*.mp3=00;36:*.mpc=00;36:*.ogg=00;36:*.ra=00;36:*.wav=00;36:*.oga=00;36:*.opus=00;36:*.spx=00;36:*.xspf=00;36:'), ('VSCODE_GIT_IPC_HANDLE', '/run/user/1000/vscode-git-d6a1acb6aa.sock'), ('TERM_PROGRAM', 'vscode'), ('AMENT_PREFIX_PATH', '/opt/ros/humble'), ('SHELL', '/bin/bash'), ('LESSCLOSE', '/usr/bin/lesspipe %s %s'), ('VSCODE_GIT_ASKPASS_EXTRA_ARGS', ''), ('PWD', '/home/dev/respeaker_deep_audio/build/ei_whistle_cpp'), ('LC_ALL', 'en_US.UTF-8'), ('SSH_CONNECTION', '192.168.0.53 54172 192.168.0.17 22'), ('XDG_DATA_DIRS', '/usr/share/gnome:/usr/local/share:/usr/share:/var/lib/snapd/desktop'), ('PYTHONPATH', '/opt/ros/humble/lib/python3.10/site-packages:/opt/ros/humble/local/lib/python3.10/dist-packages'), ('COLCON', '1')]), 'shell': False}
[381.959487] (ei_whistle_cpp) StdoutLine: {'line': b'-- Install configuration: ""\n'}
[381.963789] (ei_whistle_cpp) StdoutLine: {'line': b'-- Installing: /home/dev/respeaker_deep_audio/install/ei_whistle_cpp/lib/ei_whistle_cpp/whistle_node\n'}
[381.991028] (-) TimerEvent: {}
[382.006648] (ei_whistle_cpp) StdoutLine: {'line': b'-- Set runtime path of "/home/dev/respeaker_deep_audio/install/ei_whistle_cpp/lib/ei_whistle_cpp/whistle_node" to ""\n'}
[382.009661] (ei_whistle_cpp) StdoutLine: {'line': b'-- Installing: /home/dev/respeaker_deep_audio/install/ei_whistle_cpp/share/ament_index/resource_index/package_run_dependencies/ei_whistle_cpp\n'}
[382.012601] (ei_whistle_cpp) StdoutLine: {'line': b'-- Installing: /home/dev/respeaker_deep_audio/install/ei_whistle_cpp/share/ament_index/resource_index/parent_prefix_path/ei_whistle_cpp\n'}
[382.017395] (ei_whistle_cpp) StdoutLine: {'line': b'-- Installing: /home/dev/respeaker_deep_audio/install/ei_whistle_cpp/share/ei_whistle_cpp/environment/ament_prefix_path.sh\n'}
[382.020000] (ei_whistle_cpp) StdoutLine: {'line': b'-- Installing: /home/dev/respeaker_deep_audio/install/ei_whistle_cpp/share/ei_whistle_cpp/environment/ament_prefix_path.dsv\n'}
[382.022346] (ei_whistle_cpp) StdoutLine: {'line': b'-- Installing: /home/dev/respeaker_deep_audio/install/ei_whistle_cpp/share/ei_whistle_cpp/environment/path.sh\n'}
[382.024520] (ei_whistle_cpp) StdoutLine: {'line': b'-- Installing: /home/dev/respeaker_deep_audio/install/ei_whistle_cpp/share/ei_whistle_cpp/environment/path.dsv\n'}
[382.026740] (ei_whistle_cpp) StdoutLine: {'line': b'-- Installing: /home/dev/respeaker_deep_audio/install/ei_whistle_cpp/share/ei_whistle_cpp/local_setup.bash\n'}
[382.029112] (ei_whistle_cpp) StdoutLine: {'line': b'-- Installing: /home/dev/respeaker_deep_audio/install/ei_whistle_cpp/share/ei_whistle_cpp/local_setup.sh\n'}
[382.031525] (ei_whistle_cpp) StdoutLine: {'line': b'-- Installing: /home/dev/respeaker_deep_audio/install/ei_whistle_cpp/share/ei_whistle_cpp/local_setup.zsh\n'}
[382.033581] (ei_whistle_cpp) StdoutLine: {'line': b'-- Installing: /home/dev/respeaker_deep_audio/install/ei_whistle_cpp/share/ei_whistle_cpp/local_setup.dsv\n'}
[382.035607] (ei_whistle_cpp) StdoutLine: {'line': b'-- Installing: /home/dev/respeaker_deep_audio/install/ei_whistle_cpp/share/ei_whistle_cpp/package.dsv\n'}
[382.038748] (ei_whistle_cpp) StdoutLine: {'line': b'-- Installing: /home/dev/respeaker_deep_audio/install/ei_whistle_cpp/share/ament_index/resource_index/packages/ei_whistle_cpp\n'}
[382.044911] (ei_whistle_cpp) StdoutLine: {'line': b'-- Installing: /home/dev/respeaker_deep_audio/install/ei_whistle_cpp/share/ei_whistle_cpp/cmake/ei_whistle_cppConfig.cmake\n'}
[382.046807] (ei_whistle_cpp) StdoutLine: {'line': b'-- Installing: /home/dev/respeaker_deep_audio/install/ei_whistle_cpp/share/ei_whistle_cpp/cmake/ei_whistle_cppConfig-version.cmake\n'}
[382.048833] (ei_whistle_cpp) StdoutLine: {'line': b'-- Installing: /home/dev/respeaker_deep_audio/install/ei_whistle_cpp/share/ei_whistle_cpp/package.xml\n'}
[382.059199] (ei_whistle_cpp) CommandEnded: {'returncode': 0}
[382.092254] (-) TimerEvent: {}
[382.194693] (-) TimerEvent: {}
[382.257349] (ei_whistle_cpp) JobEnded: {'identifier': 'ei_whistle_cpp', 'rc': 0}
[382.260993] (-) EventReactorShutdown: {}
