[0.000000] (-) TimerEvent: {}
[0.001934] (-) JobUnselected: {'identifier': 'doa_publisher_py'}
[0.002585] (ei_whistle_cpp) JobQueued: {'identifier': 'ei_whistle_cpp', 'dependencies': OrderedDict()}
[0.002836] (ei_whistle_cpp) JobStarted: {'identifier': 'ei_whistle_cpp'}
[0.060243] (ei_whistle_cpp) JobProgress: {'identifier': 'ei_whistle_cpp', 'progress': 'cmake'}
[0.065120] (ei_whistle_cpp) JobProgress: {'identifier': 'ei_whistle_cpp', 'progress': 'build'}
[0.068806] (ei_whistle_cpp) Command: {'cmd': ['/usr/bin/cmake', '--build', '/home/dev/respeaker_deep_audio/build/ei_whistle_cpp', '--', '-j4', '-l4'], 'cwd': '/home/dev/respeaker_deep_audio/build/ei_whistle_cpp', 'env': OrderedDict([('LESSOPEN', '| /usr/bin/lesspipe %s'), ('USER', 'dev'), ('SSH_CLIENT', '10.33.154.77 62536 22'), ('ROS_PACKAGE_PATH', '/home/dev/respeaker_deep_audio/install/ei_whistle_cpp/share'), ('XDG_SESSION_TYPE', 'tty'), ('GIT_ASKPASS', '/home/dev/.vscode-server/cli/servers/Stable-7d842fb85a0275a4a8e4d7e040d2625abbf7f084/server/extensions/git/dist/askpass.sh'), ('SHLVL', '1'), ('LD_LIBRARY_PATH', '/opt/ros/humble/opt/rviz_ogre_vendor/lib:/opt/ros/humble/lib/aarch64-linux-gnu:/opt/ros/humble/lib'), ('BROWSER', '/home/dev/.vscode-server/cli/servers/Stable-7d842fb85a0275a4a8e4d7e040d2625abbf7f084/server/bin/helpers/browser.sh'), ('MOTD_SHOWN', 'pam'), ('HOME', '/home/dev'), ('OLDPWD', '/home/dev/respeaker_deep_audio'), ('TERM_PROGRAM_VERSION', '1.105.1'), ('VSCODE_IPC_HOOK_CLI', '/run/user/1000/vscode-ipc-f7bea960-783f-4fa7-9b9a-9e5a1a128e49.sock'), ('ROS_PYTHON_VERSION', '3'), ('VSCODE_GIT_ASKPASS_MAIN', '/home/dev/.vscode-server/cli/servers/Stable-7d842fb85a0275a4a8e4d7e040d2625abbf7f084/server/extensions/git/dist/askpass-main.js'), ('VSCODE_GIT_ASKPASS_NODE', '/home/dev/.vscode-server/cli/servers/Stable-7d842fb85a0275a4a8e4d7e040d2625abbf7f084/server/node'), ('SSL_CERT_FILE', '/usr/lib/ssl/certs/ca-certificates.crt'), ('VSCODE_PYTHON_AUTOACTIVATE_GUARD', '1'), ('DBUS_SESSION_BUS_ADDRESS', 'unix:path=/run/user/1000/bus'), ('COLORTERM', 'truecolor'), ('COLCON_PREFIX_PATH', '/home/dev/respeaker_deep_audio/install'), ('ROS_DISTRO', 'humble'), ('LOGNAME', 'dev'), ('_', '/usr/bin/colcon'), ('ROS_VERSION', '2'), ('PKG_CONFIG_PATH', '/home/dev/respeaker_deep_audio/install/ei_whistle_cpp/lib/aarch64-linux-gnu/pkgconfig:/home/dev/respeaker_deep_audio/install/ei_whistle_cpp/lib/pkgconfig'), ('XDG_SESSION_CLASS', 'user'), ('TERM', 'xterm-256color'), ('XDG_SESSION_ID', '3'), ('ROS_LOCALHOST_ONLY', '0'), ('PATH', '/opt/ros/humble/bin:/home/dev/.vscode-server/cli/servers/Stable-7d842fb85a0275a4a8e4d7e040d2625abbf7f084/server/bin/remote-cli:/home/dev/.local/bin:/usr/local/sbin:/usr/local/bin:/usr/sbin:/usr/bin:/sbin:/bin:/usr/games:/usr/local/games:/snap/bin:/home/dev/.vscode-server/data/User/globalStorage/github.copilot-chat/debugCommand'), ('XDG_RUNTIME_DIR', '/run/user/1000'), ('SSL_CERT_DIR', '/usr/lib/ssl/certs'), ('LANG', 'en_US.UTF-8'), ('LS_COLORS', 'rs=0:di=01;34:ln=01;36:mh=00:pi=40;33:so=01;35:do=01;35:bd=40;33;01:cd=40;33;01:or=40;31;01:mi=00:su=37;41:sg=30;43:ca=30;41:tw=30;42:ow=34;42:st=37;44:ex=01;32:*.tar=01;31:*.tgz=01;31:*.arc=01;31:*.arj=01;31:*.taz=01;31:*.lha=01;31:*.lz4=01;31:*.lzh=01;31:*.lzma=01;31:*.tlz=01;31:*.txz=01;31:*.tzo=01;31:*.t7z=01;31:*.zip=01;31:*.z=01;31:*.dz=01;31:*.gz=01;31:*.lrz=01;31:*.lz=01;31:*.lzo=01;31:*.xz=01;31:*.zst=01;31:*.tzst=01;31:*.bz2=01;31:*.bz=01;31:*.tbz=01;31:*.tbz2=01;31:*.tz=01;31:*.deb=01;31:*.rpm=01;31:*.jar=01;31:*.war=01;31:*.ear=01;31:*.sar=01;31:*.rar=01;31:*.alz=01;31:*.ace=01;31:*.zoo=01;31:*.cpio=01;31:*.7z=01;31:*.rz=01;31:*.cab=01;31:*.wim=01;31:*.swm=01;31:*.dwm=01;31:*.esd=01;31:*.jpg=01;35:*.jpeg=01;35:*.mjpg=01;35:*.mjpeg=01;35:*.gif=01;35:*.bmp=01;35:*.pbm=01;35:*.pgm=01;35:*.ppm=01;35:*.tga=01;35:*.xbm=01;35:*.xpm=01;35:*.tif=01;35:*.tiff=01;35:*.png=01;35:*.svg=01;35:*.svgz=01;35:*.mng=01;35:*.pcx=01;35:*.mov=01;35:*.mpg=01;35:*.mpeg=01;35:*.m2v=01;35:*.mkv=01;35:*.webm=01;35:*.webp=01;35:*.ogm=01;35:*.mp4=01;35:*.m4v=01;35:*.mp4v=01;35:*.vob=01;35:*.qt=01;35:*.nuv=01;35:*.wmv=01;35:*.asf=01;35:*.rm=01;35:*.rmvb=01;35:*.flc=01;35:*.avi=01;35:*.fli=01;35:*.flv=01;35:*.gl=01;35:*.dl=01;35:*.xcf=01;35:*.xwd=01;35:*.yuv=01;35:*.cgm=01;35:*.emf=01;35:*.ogv=01;35:*.ogx=01;35:*.aac=00;36:*.au=00;36:*.flac=00;36:*.m4a=00;36:*.mid=00;36:*.midi=00;36:*.mka=00;36:*.mp3=00;36:*.mpc=00;36:*.ogg=00;36:*.ra=00;36:*.wav=00;36:*.oga=00;36:*.opus=00;36:*.spx=00;36:*.xspf=00;36:'), ('VSCODE_GIT_IPC_HANDLE', '/run/user/1000/vscode-git-5db78a076d.sock'), ('TERM_PROGRAM', 'vscode'), ('AMENT_PREFIX_PATH', '/home/dev/respeaker_deep_audio/install/ei_whistle_cpp:/opt/ros/humble'), ('SHELL', '/bin/bash'), ('LESSCLOSE', '/usr/bin/lesspipe %s %s'), ('VSCODE_GIT_ASKPASS_EXTRA_ARGS', ''), ('PWD', '/home/dev/respeaker_deep_audio/build/ei_whistle_cpp'), ('LC_ALL', 'en_US.UTF-8'), ('SSH_CONNECTION', '10.33.154.77 62536 10.33.220.113 22'), ('XDG_DATA_DIRS', '/usr/share/gnome:/usr/local/share:/usr/share:/var/lib/snapd/desktop'), ('PYTHONPATH', '/opt/ros/humble/lib/python3.10/site-packages:/opt/ros/humble/local/lib/python3.10/dist-packages'), ('COLCON', '1'), ('CMAKE_PREFIX_PATH', '/home/dev/respeaker_deep_audio/install/ei_whistle_cpp')]), 'shell': False}
[0.098522] (-) TimerEvent: {}
[0.199387] (-) TimerEvent: {}
[0.300298] (-) TimerEvent: {}
[0.401253] (-) TimerEvent: {}
[0.502133] (-) TimerEvent: {}
[0.603208] (-) TimerEvent: {}
[0.704423] (-) TimerEvent: {}
[0.788301] (ei_whistle_cpp) StdoutLine: {'line': b'\x1b[35m\x1b[1mConsolidate compiler generated dependencies of target whistle_node\x1b[0m\n'}
[0.804685] (-) TimerEvent: {}
[0.905842] (-) TimerEvent: {}
[1.006607] (-) TimerEvent: {}
[1.107320] (-) TimerEvent: {}
[1.208080] (-) TimerEvent: {}
[1.310514] (-) TimerEvent: {}
[1.411211] (-) TimerEvent: {}
[1.511893] (-) TimerEvent: {}
[1.612628] (-) TimerEvent: {}
[1.713364] (-) TimerEvent: {}
[1.814154] (-) TimerEvent: {}
[1.915045] (-) TimerEvent: {}
[1.921880] (ei_whistle_cpp) StderrLine: {'line': b"gmake[2]: Warning: File '/home/dev/respeaker_deep_audio/src/ei_whistle_cpp/edge-impulse-sdk/classifier/ei_run_classifier.h' has modification time 14147 s in the future\n"}
[1.980762] (ei_whistle_cpp) StdoutLine: {'line': b'[  1%] \x1b[32mBuilding CXX object CMakeFiles/whistle_node.dir/edge-impulse-sdk/classifier/ei_run_classifier_c.cpp.o\x1b[0m\n'}
[1.983800] (ei_whistle_cpp) StdoutLine: {'line': b'[  1%] \x1b[32mBuilding CXX object CMakeFiles/whistle_node.dir/whistle_node.cpp.o\x1b[0m\n'}
[1.988429] (ei_whistle_cpp) StdoutLine: {'line': b'[  2%] \x1b[32mBuilding CXX object CMakeFiles/whistle_node.dir/edge-impulse-sdk/dsp/image/processing.cpp.o\x1b[0m\n'}
[1.992539] (ei_whistle_cpp) StdoutLine: {'line': b'[  1%] \x1b[32mBuilding CXX object CMakeFiles/whistle_node.dir/edge-impulse-sdk/dsp/dct/fast-dct-fft.cpp.o\x1b[0m\n'}
[2.015205] (-) TimerEvent: {}
[2.117268] (-) TimerEvent: {}
[2.150936] (ei_whistle_cpp) StdoutLine: {'line': b'[  3%] \x1b[32mBuilding CXX object CMakeFiles/whistle_node.dir/edge-impulse-sdk/dsp/kissfft/kiss_fft.cpp.o\x1b[0m\n'}
[2.155139] (ei_whistle_cpp) StdoutLine: {'line': b'[  3%] \x1b[32mBuilding CXX object CMakeFiles/whistle_node.dir/edge-impulse-sdk/dsp/kissfft/kiss_fftr.cpp.o\x1b[0m\n'}
[2.217490] (-) TimerEvent: {}
[2.319480] (-) TimerEvent: {}
[2.421523] (-) TimerEvent: {}
[2.523855] (ei_whistle_cpp) StdoutLine: {'line': b'[  4%] \x1b[32mBuilding CXX object CMakeFiles/whistle_node.dir/edge-impulse-sdk/dsp/memory.cpp.o\x1b[0m\n'}
[2.524684] (-) TimerEvent: {}
[2.627426] (-) TimerEvent: {}
[2.728840] (-) TimerEvent: {}
[2.830787] (-) TimerEvent: {}
[2.932659] (-) TimerEvent: {}
[3.035093] (-) TimerEvent: {}
[3.137798] (-) TimerEvent: {}
[3.239864] (-) TimerEvent: {}
[3.342011] (-) TimerEvent: {}
[3.444573] (-) TimerEvent: {}
[3.546745] (-) TimerEvent: {}
[3.588960] (ei_whistle_cpp) StdoutLine: {'line': b'[  4%] \x1b[32mBuilding CXX object CMakeFiles/whistle_node.dir/edge-impulse-sdk/porting/posix/debug_log.cpp.o\x1b[0m\n'}
[3.647029] (-) TimerEvent: {}
[3.750627] (-) TimerEvent: {}
[3.858455] (-) TimerEvent: {}
[3.908784] (ei_whistle_cpp) StdoutLine: {'line': b'[  5%] \x1b[32mBuilding CXX object CMakeFiles/whistle_node.dir/edge-impulse-sdk/porting/posix/ei_classifier_porting.cpp.o\x1b[0m\n'}
[3.958726] (-) TimerEvent: {}
[4.059709] (-) TimerEvent: {}
[4.091089] (ei_whistle_cpp) StdoutLine: {'line': b'[  6%] \x1b[32mBuilding C object CMakeFiles/whistle_node.dir/edge-impulse-sdk/tensorflow/lite/c/common.c.o\x1b[0m\n'}
[4.159946] (-) TimerEvent: {}
[4.262087] (-) TimerEvent: {}
[4.364498] (-) TimerEvent: {}
[4.468821] (-) TimerEvent: {}
[4.477614] (ei_whistle_cpp) StdoutLine: {'line': b'[  6%] \x1b[32mBuilding CXX object CMakeFiles/whistle_node.dir/edge-impulse-sdk/tensorflow/lite/core/api/common.cc.o\x1b[0m\n'}
[4.569069] (-) TimerEvent: {}
[4.671265] (-) TimerEvent: {}
[4.773487] (-) TimerEvent: {}
[4.845727] (ei_whistle_cpp) StdoutLine: {'line': b'[  7%] \x1b[32mBuilding CXX object CMakeFiles/whistle_node.dir/edge-impulse-sdk/tensorflow/lite/core/api/error_reporter.cc.o\x1b[0m\n'}
[4.873746] (-) TimerEvent: {}
[4.974683] (-) TimerEvent: {}
[5.018034] (ei_whistle_cpp) StdoutLine: {'line': b'[  7%] \x1b[32mBuilding CXX object CMakeFiles/whistle_node.dir/edge-impulse-sdk/tensorflow/lite/core/api/flatbuffer_conversions.cc.o\x1b[0m\n'}
[5.074918] (-) TimerEvent: {}
[5.076532] (ei_whistle_cpp) StdoutLine: {'line': b'[  8%] \x1b[32mBuilding CXX object CMakeFiles/whistle_node.dir/edge-impulse-sdk/tensorflow/lite/core/api/op_resolver.cc.o\x1b[0m\n'}
[5.175202] (-) TimerEvent: {}
[5.277910] (-) TimerEvent: {}
[5.294528] (ei_whistle_cpp) StdoutLine: {'line': b'[  9%] \x1b[32mBuilding CXX object CMakeFiles/whistle_node.dir/edge-impulse-sdk/tensorflow/lite/core/api/tensor_utils.cc.o\x1b[0m\n'}
[5.378146] (-) TimerEvent: {}
[5.479582] (-) TimerEvent: {}
[5.570154] (ei_whistle_cpp) StdoutLine: {'line': b'[  9%] \x1b[32mBuilding CXX object CMakeFiles/whistle_node.dir/edge-impulse-sdk/tensorflow/lite/kernels/custom/tree_ensemble_classifier.cc.o\x1b[0m\n'}
[5.579875] (-) TimerEvent: {}
[5.681585] (-) TimerEvent: {}
[5.782996] (-) TimerEvent: {}
[5.884965] (-) TimerEvent: {}
[5.986384] (-) TimerEvent: {}
[6.087865] (-) TimerEvent: {}
[6.189373] (-) TimerEvent: {}
[6.290889] (-) TimerEvent: {}
[6.393278] (-) TimerEvent: {}
[6.495661] (-) TimerEvent: {}
[6.598263] (-) TimerEvent: {}
[6.699679] (-) TimerEvent: {}
[6.801244] (-) TimerEvent: {}
[6.902727] (-) TimerEvent: {}
[7.004294] (-) TimerEvent: {}
[7.105967] (-) TimerEvent: {}
[7.207933] (-) TimerEvent: {}
[7.309808] (-) TimerEvent: {}
[7.411628] (-) TimerEvent: {}
[7.513571] (-) TimerEvent: {}
[7.616027] (-) TimerEvent: {}
[7.718730] (-) TimerEvent: {}
[7.820700] (-) TimerEvent: {}
[7.922590] (-) TimerEvent: {}
[8.024705] (-) TimerEvent: {}
[8.126784] (-) TimerEvent: {}
[8.228521] (-) TimerEvent: {}
[8.330299] (-) TimerEvent: {}
[8.431962] (-) TimerEvent: {}
[8.535159] (-) TimerEvent: {}
[8.638062] (-) TimerEvent: {}
[8.740658] (-) TimerEvent: {}
[8.843539] (-) TimerEvent: {}
[8.946290] (-) TimerEvent: {}
[9.049206] (-) TimerEvent: {}
[9.151778] (-) TimerEvent: {}
[9.253638] (-) TimerEvent: {}
[9.355605] (-) TimerEvent: {}
[9.457211] (-) TimerEvent: {}
[9.558857] (-) TimerEvent: {}
[9.660646] (-) TimerEvent: {}
[9.762330] (-) TimerEvent: {}
[9.830485] (ei_whistle_cpp) StdoutLine: {'line': b'[ 10%] \x1b[32mBuilding CXX object CMakeFiles/whistle_node.dir/edge-impulse-sdk/tensorflow/lite/kernels/internal/portable_tensor_utils.cc.o\x1b[0m\n'}
[9.862650] (-) TimerEvent: {}
[9.965227] (-) TimerEvent: {}
[10.066885] (-) TimerEvent: {}
[10.168563] (-) TimerEvent: {}
[10.270118] (-) TimerEvent: {}
[10.371723] (-) TimerEvent: {}
[10.473228] (-) TimerEvent: {}
[10.574838] (-) TimerEvent: {}
[10.676555] (-) TimerEvent: {}
[10.779658] (-) TimerEvent: {}
[10.882234] (-) TimerEvent: {}
[10.984609] (-) TimerEvent: {}
[11.087101] (-) TimerEvent: {}
[11.189598] (-) TimerEvent: {}
[11.292226] (-) TimerEvent: {}
[11.394949] (-) TimerEvent: {}
[11.497798] (-) TimerEvent: {}
[11.600258] (-) TimerEvent: {}
[11.702807] (-) TimerEvent: {}
[11.804483] (-) TimerEvent: {}
[11.906085] (-) TimerEvent: {}
[12.007667] (-) TimerEvent: {}
[12.109222] (-) TimerEvent: {}
[12.210836] (-) TimerEvent: {}
[12.255746] (ei_whistle_cpp) StdoutLine: {'line': b'[ 10%] \x1b[32mBuilding CXX object CMakeFiles/whistle_node.dir/edge-impulse-sdk/tensorflow/lite/kernels/internal/quantization_util.cc.o\x1b[0m\n'}
[12.311098] (-) TimerEvent: {}
[12.412744] (-) TimerEvent: {}
[12.514236] (-) TimerEvent: {}
[12.625797] (-) TimerEvent: {}
[12.678804] (ei_whistle_cpp) StdoutLine: {'line': b'[ 11%] \x1b[32mBuilding CXX object CMakeFiles/whistle_node.dir/edge-impulse-sdk/tensorflow/lite/kernels/internal/reference_portable_tensor_utils.cc.o\x1b[0m\n'}
[12.726031] (-) TimerEvent: {}
[12.829377] (-) TimerEvent: {}
[12.930818] (-) TimerEvent: {}
[13.031832] (-) TimerEvent: {}
[13.132936] (-) TimerEvent: {}
[13.234147] (-) TimerEvent: {}
[13.335229] (-) TimerEvent: {}
[13.437607] (-) TimerEvent: {}
[13.540205] (-) TimerEvent: {}
[13.641380] (-) TimerEvent: {}
[13.742429] (-) TimerEvent: {}
[13.844218] (-) TimerEvent: {}
[13.945335] (-) TimerEvent: {}
[14.046412] (-) TimerEvent: {}
[14.148556] (-) TimerEvent: {}
[14.250709] (-) TimerEvent: {}
[14.360471] (-) TimerEvent: {}
[14.461670] (-) TimerEvent: {}
[14.562824] (-) TimerEvent: {}
[14.663917] (-) TimerEvent: {}
[14.765053] (-) TimerEvent: {}
[14.866128] (-) TimerEvent: {}
[14.967312] (-) TimerEvent: {}
[15.057354] (ei_whistle_cpp) StdoutLine: {'line': b'[ 12%] \x1b[32mBuilding CXX object CMakeFiles/whistle_node.dir/edge-impulse-sdk/tensorflow/lite/kernels/internal/tensor_utils.cc.o\x1b[0m\n'}
[15.067583] (-) TimerEvent: {}
[15.168864] (-) TimerEvent: {}
[15.270202] (-) TimerEvent: {}
[15.371561] (-) TimerEvent: {}
[15.472923] (-) TimerEvent: {}
[15.574176] (-) TimerEvent: {}
[15.675336] (-) TimerEvent: {}
[15.776635] (-) TimerEvent: {}
[15.878402] (-) TimerEvent: {}
[15.979551] (-) TimerEvent: {}
[16.080767] (-) TimerEvent: {}
[16.181922] (-) TimerEvent: {}
[16.283042] (-) TimerEvent: {}
[16.384187] (-) TimerEvent: {}
[16.485423] (-) TimerEvent: {}
[16.586547] (-) TimerEvent: {}
[16.687711] (-) TimerEvent: {}
[16.788839] (-) TimerEvent: {}
[16.889937] (-) TimerEvent: {}
[16.991072] (-) TimerEvent: {}
[17.092346] (-) TimerEvent: {}
[17.193549] (-) TimerEvent: {}
[17.294720] (-) TimerEvent: {}
[17.395892] (-) TimerEvent: {}
[17.497105] (-) TimerEvent: {}
[17.598278] (-) TimerEvent: {}
[17.701617] (-) TimerEvent: {}
[17.802969] (-) TimerEvent: {}
[17.852577] (ei_whistle_cpp) StdoutLine: {'line': b'[ 12%] \x1b[32mBuilding CXX object CMakeFiles/whistle_node.dir/edge-impulse-sdk/tensorflow/lite/kernels/kernel_util_lite.cc.o\x1b[0m\n'}
[17.903263] (-) TimerEvent: {}
[18.005090] (-) TimerEvent: {}
[18.106904] (-) TimerEvent: {}
[18.208666] (-) TimerEvent: {}
[18.311164] (-) TimerEvent: {}
[18.412917] (-) TimerEvent: {}
[18.514663] (-) TimerEvent: {}
[18.616645] (-) TimerEvent: {}
[18.718836] (-) TimerEvent: {}
[18.825633] (-) TimerEvent: {}
[18.927769] (-) TimerEvent: {}
[19.028967] (-) TimerEvent: {}
[19.130432] (-) TimerEvent: {}
[19.231929] (-) TimerEvent: {}
[19.333565] (-) TimerEvent: {}
[19.441029] (-) TimerEvent: {}
[19.482533] (ei_whistle_cpp) StdoutLine: {'line': b'[ 13%] \x1b[32mBuilding CXX object CMakeFiles/whistle_node.dir/edge-impulse-sdk/tensorflow/lite/micro/all_ops_resolver.cc.o\x1b[0m\n'}
[19.541415] (-) TimerEvent: {}
[19.643949] (-) TimerEvent: {}
[19.746200] (-) TimerEvent: {}
[19.848617] (-) TimerEvent: {}
[19.951056] (-) TimerEvent: {}
[20.052667] (-) TimerEvent: {}
[20.154308] (-) TimerEvent: {}
[20.255897] (-) TimerEvent: {}
[20.357304] (-) TimerEvent: {}
[20.459076] (-) TimerEvent: {}
[20.560517] (-) TimerEvent: {}
[20.661952] (-) TimerEvent: {}
[20.763473] (-) TimerEvent: {}
[20.865272] (-) TimerEvent: {}
[20.966778] (-) TimerEvent: {}
[21.068397] (-) TimerEvent: {}
[21.170383] (-) TimerEvent: {}
[21.272161] (-) TimerEvent: {}
[21.373900] (-) TimerEvent: {}
[21.475646] (-) TimerEvent: {}
[21.577540] (-) TimerEvent: {}
[21.679163] (-) TimerEvent: {}
[21.780882] (-) TimerEvent: {}
[21.882776] (-) TimerEvent: {}
[21.984473] (-) TimerEvent: {}
[22.086044] (-) TimerEvent: {}
[22.187827] (-) TimerEvent: {}
[22.289457] (-) TimerEvent: {}
[22.391193] (-) TimerEvent: {}
[22.492766] (-) TimerEvent: {}
[22.597621] (-) TimerEvent: {}
[22.699158] (-) TimerEvent: {}
[22.800695] (-) TimerEvent: {}
[22.902862] (-) TimerEvent: {}
[23.004580] (-) TimerEvent: {}
[23.083646] (ei_whistle_cpp) StdoutLine: {'line': b'[ 13%] \x1b[32mBuilding CXX object CMakeFiles/whistle_node.dir/edge-impulse-sdk/tensorflow/lite/micro/fake_micro_context.cc.o\x1b[0m\n'}
[23.104828] (-) TimerEvent: {}
[23.206391] (-) TimerEvent: {}
[23.307931] (-) TimerEvent: {}
[23.410469] (-) TimerEvent: {}
[23.511976] (-) TimerEvent: {}
[23.613389] (-) TimerEvent: {}
[23.714880] (-) TimerEvent: {}
[23.816307] (-) TimerEvent: {}
[23.917831] (-) TimerEvent: {}
[24.020280] (-) TimerEvent: {}
[24.121902] (-) TimerEvent: {}
[24.223577] (-) TimerEvent: {}
[24.325207] (-) TimerEvent: {}
[24.426841] (-) TimerEvent: {}
[24.528445] (-) TimerEvent: {}
[24.630323] (-) TimerEvent: {}
[24.732090] (-) TimerEvent: {}
[24.834211] (-) TimerEvent: {}
[24.936024] (-) TimerEvent: {}
[25.038098] (-) TimerEvent: {}
[25.139817] (-) TimerEvent: {}
[25.241623] (-) TimerEvent: {}
[25.343226] (-) TimerEvent: {}
[25.444971] (-) TimerEvent: {}
[25.546546] (-) TimerEvent: {}
[25.648159] (-) TimerEvent: {}
[25.749993] (-) TimerEvent: {}
[25.851701] (-) TimerEvent: {}
[25.953714] (-) TimerEvent: {}
[26.055278] (-) TimerEvent: {}
[26.156808] (-) TimerEvent: {}
[26.258415] (-) TimerEvent: {}
[26.360238] (-) TimerEvent: {}
[26.461911] (-) TimerEvent: {}
[26.563523] (-) TimerEvent: {}
[26.665296] (-) TimerEvent: {}
[26.766968] (-) TimerEvent: {}
[26.868664] (-) TimerEvent: {}
[26.971159] (-) TimerEvent: {}
[27.073767] (-) TimerEvent: {}
[27.176473] (-) TimerEvent: {}
[27.278979] (-) TimerEvent: {}
[27.381527] (-) TimerEvent: {}
[27.484458] (-) TimerEvent: {}
[27.586868] (-) TimerEvent: {}
[27.691142] (-) TimerEvent: {}
[27.793733] (-) TimerEvent: {}
[27.896172] (-) TimerEvent: {}
[27.999056] (-) TimerEvent: {}
[28.101638] (-) TimerEvent: {}
[28.203218] (-) TimerEvent: {}
[28.304935] (-) TimerEvent: {}
[28.406779] (-) TimerEvent: {}
[28.475274] (ei_whistle_cpp) StdoutLine: {'line': b'[ 14%] \x1b[32mBuilding CXX object CMakeFiles/whistle_node.dir/edge-impulse-sdk/tensorflow/lite/micro/flatbuffer_conversions_bridge.cc.o\x1b[0m\n'}
[28.507063] (-) TimerEvent: {}
[28.608692] (-) TimerEvent: {}
[28.710314] (-) TimerEvent: {}
[28.811768] (-) TimerEvent: {}
[28.913261] (-) TimerEvent: {}
[29.015479] (-) TimerEvent: {}
[29.117100] (-) TimerEvent: {}
[29.218664] (-) TimerEvent: {}
[29.297854] (ei_whistle_cpp) StdoutLine: {'line': b'[ 15%] \x1b[32mBuilding CXX object CMakeFiles/whistle_node.dir/edge-impulse-sdk/tensorflow/lite/micro/flatbuffer_utils.cc.o\x1b[0m\n'}
[29.318908] (-) TimerEvent: {}
[29.421294] (-) TimerEvent: {}
[29.523644] (-) TimerEvent: {}
[29.626661] (-) TimerEvent: {}
[29.728899] (-) TimerEvent: {}
[29.832278] (-) TimerEvent: {}
[29.935944] (-) TimerEvent: {}
[30.038416] (-) TimerEvent: {}
[30.140444] (-) TimerEvent: {}
[30.242021] (-) TimerEvent: {}
[30.344169] (-) TimerEvent: {}
[30.445797] (-) TimerEvent: {}
[30.547770] (-) TimerEvent: {}
[30.649696] (-) TimerEvent: {}
[30.751526] (-) TimerEvent: {}
[30.853319] (-) TimerEvent: {}
[30.955045] (-) TimerEvent: {}
[31.056888] (-) TimerEvent: {}
[31.158582] (-) TimerEvent: {}
[31.260450] (-) TimerEvent: {}
[31.362214] (-) TimerEvent: {}
[31.464009] (-) TimerEvent: {}
[31.566557] (-) TimerEvent: {}
[31.668528] (-) TimerEvent: {}
[31.770411] (-) TimerEvent: {}
[31.872467] (-) TimerEvent: {}
[31.974274] (-) TimerEvent: {}
[32.076033] (-) TimerEvent: {}
[32.179032] (-) TimerEvent: {}
[32.281881] (-) TimerEvent: {}
[32.384857] (-) TimerEvent: {}
[32.487743] (-) TimerEvent: {}
[32.591492] (-) TimerEvent: {}
[32.693933] (-) TimerEvent: {}
[32.796522] (-) TimerEvent: {}
[32.899192] (-) TimerEvent: {}
[33.002004] (-) TimerEvent: {}
[33.104695] (-) TimerEvent: {}
[33.207440] (-) TimerEvent: {}
[33.269348] (ei_whistle_cpp) StdoutLine: {'line': b'[ 15%] \x1b[32mBuilding CXX object CMakeFiles/whistle_node.dir/edge-impulse-sdk/tensorflow/lite/micro/kernels/activations.cc.o\x1b[0m\n'}
[33.307720] (-) TimerEvent: {}
[33.409881] (-) TimerEvent: {}
[33.511627] (-) TimerEvent: {}
[33.613665] (-) TimerEvent: {}
[33.715449] (-) TimerEvent: {}
[33.818708] (-) TimerEvent: {}
[33.923377] (-) TimerEvent: {}
[34.025152] (-) TimerEvent: {}
[34.126873] (-) TimerEvent: {}
[34.228617] (-) TimerEvent: {}
[34.330439] (-) TimerEvent: {}
[34.432040] (-) TimerEvent: {}
[34.533811] (-) TimerEvent: {}
[34.635626] (-) TimerEvent: {}
[34.737877] (-) TimerEvent: {}
[34.839584] (-) TimerEvent: {}
[34.941830] (-) TimerEvent: {}
[35.043926] (-) TimerEvent: {}
[35.145722] (-) TimerEvent: {}
[35.247370] (-) TimerEvent: {}
[35.349134] (-) TimerEvent: {}
[35.450839] (-) TimerEvent: {}
[35.552688] (-) TimerEvent: {}
[35.654379] (-) TimerEvent: {}
[35.756564] (-) TimerEvent: {}
[35.858491] (-) TimerEvent: {}
[35.960087] (-) TimerEvent: {}
[36.061703] (-) TimerEvent: {}
[36.163434] (-) TimerEvent: {}
[36.265136] (-) TimerEvent: {}
[36.366778] (-) TimerEvent: {}
[36.468495] (-) TimerEvent: {}
[36.571117] (-) TimerEvent: {}
[36.672772] (-) TimerEvent: {}
[36.690522] (ei_whistle_cpp) StdoutLine: {'line': b'[ 16%] \x1b[32mBuilding CXX object CMakeFiles/whistle_node.dir/edge-impulse-sdk/tensorflow/lite/micro/kernels/activations_common.cc.o\x1b[0m\n'}
[36.773063] (-) TimerEvent: {}
[36.874650] (-) TimerEvent: {}
[36.976220] (-) TimerEvent: {}
[37.077909] (-) TimerEvent: {}
[37.179619] (-) TimerEvent: {}
[37.281333] (-) TimerEvent: {}
[37.382912] (-) TimerEvent: {}
[37.497208] (-) TimerEvent: {}
[37.605270] (-) TimerEvent: {}
[37.706834] (-) TimerEvent: {}
[37.809562] (-) TimerEvent: {}
[37.911782] (-) TimerEvent: {}
[38.014446] (-) TimerEvent: {}
[38.116707] (-) TimerEvent: {}
[38.219070] (-) TimerEvent: {}
[38.321534] (-) TimerEvent: {}
[38.424160] (-) TimerEvent: {}
[38.526582] (-) TimerEvent: {}
[38.632226] (-) TimerEvent: {}
[38.735255] (-) TimerEvent: {}
[38.838285] (-) TimerEvent: {}
[38.943252] (-) TimerEvent: {}
[39.044600] (-) TimerEvent: {}
[39.147754] (-) TimerEvent: {}
[39.250340] (-) TimerEvent: {}
[39.352930] (-) TimerEvent: {}
[39.454570] (-) TimerEvent: {}
[39.556318] (-) TimerEvent: {}
[39.658039] (-) TimerEvent: {}
[39.759982] (-) TimerEvent: {}
[39.861748] (-) TimerEvent: {}
[39.963740] (-) TimerEvent: {}
[40.065697] (-) TimerEvent: {}
[40.167665] (-) TimerEvent: {}
[40.269429] (-) TimerEvent: {}
[40.371175] (-) TimerEvent: {}
[40.473168] (-) TimerEvent: {}
[40.574891] (-) TimerEvent: {}
[40.676460] (-) TimerEvent: {}
[40.778095] (-) TimerEvent: {}
[40.879738] (-) TimerEvent: {}
[40.981503] (-) TimerEvent: {}
[41.083198] (-) TimerEvent: {}
[41.184882] (-) TimerEvent: {}
[41.287045] (-) TimerEvent: {}
[41.388689] (-) TimerEvent: {}
[41.490440] (-) TimerEvent: {}
[41.592125] (-) TimerEvent: {}
[41.693818] (-) TimerEvent: {}
[41.795971] (-) TimerEvent: {}
[41.897839] (-) TimerEvent: {}
[41.999650] (-) TimerEvent: {}
[42.101463] (-) TimerEvent: {}
[42.203562] (-) TimerEvent: {}
[42.265112] (ei_whistle_cpp) StdoutLine: {'line': b'[ 16%] \x1b[32mBuilding CXX object CMakeFiles/whistle_node.dir/edge-impulse-sdk/tensorflow/lite/micro/kernels/add.cc.o\x1b[0m\n'}
[42.303814] (-) TimerEvent: {}
[42.406640] (-) TimerEvent: {}
[42.515298] (-) TimerEvent: {}
[42.618230] (-) TimerEvent: {}
[42.719974] (-) TimerEvent: {}
[42.821849] (-) TimerEvent: {}
[42.925355] (-) TimerEvent: {}
[43.029736] (-) TimerEvent: {}
[43.133462] (-) TimerEvent: {}
[43.237235] (-) TimerEvent: {}
[43.340897] (-) TimerEvent: {}
[43.444916] (-) TimerEvent: {}
[43.547814] (-) TimerEvent: {}
[43.649655] (-) TimerEvent: {}
[43.751500] (-) TimerEvent: {}
[43.853861] (-) TimerEvent: {}
[43.955603] (-) TimerEvent: {}
[44.057576] (-) TimerEvent: {}
[44.165592] (-) TimerEvent: {}
[44.267461] (-) TimerEvent: {}
[44.369404] (-) TimerEvent: {}
[44.471379] (-) TimerEvent: {}
[44.573171] (-) TimerEvent: {}
[44.675170] (-) TimerEvent: {}
[44.776955] (-) TimerEvent: {}
[44.879094] (-) TimerEvent: {}
[44.980795] (-) TimerEvent: {}
[45.082595] (-) TimerEvent: {}
[45.184379] (-) TimerEvent: {}
[45.286713] (-) TimerEvent: {}
[45.365387] (ei_whistle_cpp) StdoutLine: {'line': b'[ 17%] \x1b[32mBuilding CXX object CMakeFiles/whistle_node.dir/edge-impulse-sdk/tensorflow/lite/micro/kernels/add_common.cc.o\x1b[0m\n'}
[45.387036] (-) TimerEvent: {}
[45.489533] (-) TimerEvent: {}
[45.591937] (-) TimerEvent: {}
[45.693833] (-) TimerEvent: {}
[45.795458] (-) TimerEvent: {}
[45.897256] (-) TimerEvent: {}
[45.999203] (-) TimerEvent: {}
[46.100793] (-) TimerEvent: {}
[46.202662] (-) TimerEvent: {}
[46.304359] (-) TimerEvent: {}
[46.406014] (-) TimerEvent: {}
[46.507602] (-) TimerEvent: {}
[46.609271] (-) TimerEvent: {}
[46.711262] (-) TimerEvent: {}
[46.812845] (-) TimerEvent: {}
[46.914623] (-) TimerEvent: {}
[47.016445] (-) TimerEvent: {}
[47.118679] (-) TimerEvent: {}
[47.220518] (-) TimerEvent: {}
[47.322361] (-) TimerEvent: {}
[47.424186] (-) TimerEvent: {}
[47.526282] (-) TimerEvent: {}
[47.627664] (-) TimerEvent: {}
[47.729411] (-) TimerEvent: {}
[47.831950] (-) TimerEvent: {}
[47.934035] (-) TimerEvent: {}
[48.036490] (-) TimerEvent: {}
[48.138832] (-) TimerEvent: {}
[48.240613] (-) TimerEvent: {}
[48.342652] (-) TimerEvent: {}
[48.444531] (-) TimerEvent: {}
[48.479557] (ei_whistle_cpp) StdoutLine: {'line': b'[ 18%] \x1b[32mBuilding CXX object CMakeFiles/whistle_node.dir/edge-impulse-sdk/tensorflow/lite/micro/kernels/add_n.cc.o\x1b[0m\n'}
[48.544822] (-) TimerEvent: {}
[48.646479] (-) TimerEvent: {}
[48.748087] (-) TimerEvent: {}
[48.849985] (-) TimerEvent: {}
[48.952950] (-) TimerEvent: {}
[49.057851] (-) TimerEvent: {}
[49.159631] (-) TimerEvent: {}
[49.261404] (-) TimerEvent: {}
[49.363061] (-) TimerEvent: {}
[49.464769] (-) TimerEvent: {}
[49.566829] (-) TimerEvent: {}
[49.668566] (-) TimerEvent: {}
[49.770358] (-) TimerEvent: {}
[49.872118] (-) TimerEvent: {}
[49.973839] (-) TimerEvent: {}
[50.075548] (-) TimerEvent: {}
[50.177345] (-) TimerEvent: {}
[50.279778] (-) TimerEvent: {}
[50.381770] (-) TimerEvent: {}
[50.483533] (-) TimerEvent: {}
[50.585243] (-) TimerEvent: {}
[50.686970] (-) TimerEvent: {}
[50.788796] (-) TimerEvent: {}
[50.890813] (-) TimerEvent: {}
[50.993123] (-) TimerEvent: {}
[51.094979] (-) TimerEvent: {}
[51.196754] (-) TimerEvent: {}
[51.298524] (-) TimerEvent: {}
[51.400245] (-) TimerEvent: {}
[51.502149] (-) TimerEvent: {}
[51.604173] (-) TimerEvent: {}
[51.706117] (-) TimerEvent: {}
[51.807790] (-) TimerEvent: {}
[51.909771] (-) TimerEvent: {}
[52.011645] (-) TimerEvent: {}
[52.113386] (-) TimerEvent: {}
[52.215198] (-) TimerEvent: {}
[52.316966] (-) TimerEvent: {}
[52.418816] (-) TimerEvent: {}
[52.520551] (-) TimerEvent: {}
[52.622172] (-) TimerEvent: {}
[52.724727] (-) TimerEvent: {}
[52.827321] (-) TimerEvent: {}
[52.929782] (-) TimerEvent: {}
[53.032420] (-) TimerEvent: {}
[53.134964] (-) TimerEvent: {}
[53.237523] (-) TimerEvent: {}
[53.340237] (-) TimerEvent: {}
[53.442876] (-) TimerEvent: {}
[53.545499] (-) TimerEvent: {}
[53.647968] (-) TimerEvent: {}
[53.750470] (-) TimerEvent: {}
[53.853095] (-) TimerEvent: {}
[53.955599] (-) TimerEvent: {}
[54.057305] (-) TimerEvent: {}
[54.160071] (-) TimerEvent: {}
[54.262829] (-) TimerEvent: {}
[54.365475] (-) TimerEvent: {}
[54.467951] (-) TimerEvent: {}
[54.570960] (-) TimerEvent: {}
[54.673659] (-) TimerEvent: {}
[54.776313] (-) TimerEvent: {}
[54.878933] (-) TimerEvent: {}
[54.981465] (-) TimerEvent: {}
[55.084014] (-) TimerEvent: {}
[55.186629] (-) TimerEvent: {}
[55.289386] (-) TimerEvent: {}
[55.392122] (-) TimerEvent: {}
[55.494740] (-) TimerEvent: {}
[55.597590] (-) TimerEvent: {}
[55.699387] (-) TimerEvent: {}
[55.801200] (-) TimerEvent: {}
[55.902776] (-) TimerEvent: {}
[56.004535] (-) TimerEvent: {}
[56.106303] (-) TimerEvent: {}
[56.208201] (-) TimerEvent: {}
[56.310074] (-) TimerEvent: {}
[56.411927] (-) TimerEvent: {}
[56.513607] (-) TimerEvent: {}
[56.615332] (-) TimerEvent: {}
[56.717093] (-) TimerEvent: {}
[56.818778] (-) TimerEvent: {}
[56.921613] (-) TimerEvent: {}
[57.024332] (-) TimerEvent: {}
[57.125884] (-) TimerEvent: {}
[57.227627] (-) TimerEvent: {}
[57.329573] (-) TimerEvent: {}
[57.431220] (-) TimerEvent: {}
[57.533068] (-) TimerEvent: {}
[57.640831] (-) TimerEvent: {}
[57.742083] (-) TimerEvent: {}
[57.828411] (ei_whistle_cpp) StdoutLine: {'line': b'[ 18%] \x1b[32mBuilding CXX object CMakeFiles/whistle_node.dir/edge-impulse-sdk/tensorflow/lite/micro/kernels/arg_min_max.cc.o\x1b[0m\n'}
[57.842347] (-) TimerEvent: {}
[57.944850] (-) TimerEvent: {}
[58.048121] (-) TimerEvent: {}
[58.151520] (-) TimerEvent: {}
[58.254573] (-) TimerEvent: {}
[58.357721] (-) TimerEvent: {}
[58.460933] (-) TimerEvent: {}
[58.564160] (-) TimerEvent: {}
[58.667932] (-) TimerEvent: {}
[58.770961] (-) TimerEvent: {}
[58.874016] (-) TimerEvent: {}
[58.975675] (-) TimerEvent: {}
[59.077445] (-) TimerEvent: {}
[59.179208] (-) TimerEvent: {}
[59.280919] (-) TimerEvent: {}
[59.382537] (-) TimerEvent: {}
[59.484689] (-) TimerEvent: {}
[59.586531] (-) TimerEvent: {}
[59.688575] (-) TimerEvent: {}
[59.790632] (-) TimerEvent: {}
[59.892540] (-) TimerEvent: {}
[59.994196] (-) TimerEvent: {}
[60.096055] (-) TimerEvent: {}
[60.198240] (-) TimerEvent: {}
[60.300062] (-) TimerEvent: {}
[60.405698] (-) TimerEvent: {}
[60.507522] (-) TimerEvent: {}
[60.609378] (-) TimerEvent: {}
[60.711329] (-) TimerEvent: {}
[60.813305] (-) TimerEvent: {}
[60.916012] (-) TimerEvent: {}
[61.018460] (-) TimerEvent: {}
[61.120307] (-) TimerEvent: {}
[61.221953] (-) TimerEvent: {}
[61.323846] (-) TimerEvent: {}
[61.425783] (-) TimerEvent: {}
[61.527771] (-) TimerEvent: {}
[61.629627] (-) TimerEvent: {}
[61.732554] (-) TimerEvent: {}
[61.835414] (-) TimerEvent: {}
[61.937334] (-) TimerEvent: {}
[62.039077] (-) TimerEvent: {}
[62.140855] (-) TimerEvent: {}
[62.243392] (-) TimerEvent: {}
[62.345135] (-) TimerEvent: {}
[62.446418] (-) TimerEvent: {}
[62.547624] (-) TimerEvent: {}
[62.648935] (-) TimerEvent: {}
[62.750741] (-) TimerEvent: {}
[62.852162] (-) TimerEvent: {}
[62.953567] (-) TimerEvent: {}
[63.055051] (-) TimerEvent: {}
[63.156552] (-) TimerEvent: {}
[63.258118] (-) TimerEvent: {}
[63.361283] (-) TimerEvent: {}
[63.462890] (-) TimerEvent: {}
[63.564049] (-) TimerEvent: {}
[63.665236] (-) TimerEvent: {}
[63.766631] (-) TimerEvent: {}
[63.868207] (-) TimerEvent: {}
[63.969482] (-) TimerEvent: {}
[64.070583] (-) TimerEvent: {}
[64.171722] (-) TimerEvent: {}
[64.272852] (-) TimerEvent: {}
[64.374712] (-) TimerEvent: {}
[64.476722] (-) TimerEvent: {}
[64.581618] (-) TimerEvent: {}
[64.683823] (-) TimerEvent: {}
[64.785753] (-) TimerEvent: {}
[64.888102] (-) TimerEvent: {}
[64.986423] (ei_whistle_cpp) StdoutLine: {'line': b'[ 19%] \x1b[32mBuilding CXX object CMakeFiles/whistle_node.dir/edge-impulse-sdk/tensorflow/lite/micro/kernels/assign_variable.cc.o\x1b[0m\n'}
[64.991800] (-) TimerEvent: {}
[65.093537] (-) TimerEvent: {}
[65.195353] (-) TimerEvent: {}
[65.297731] (-) TimerEvent: {}
[65.399733] (-) TimerEvent: {}
[65.502403] (-) TimerEvent: {}
[65.604876] (-) TimerEvent: {}
[65.707556] (-) TimerEvent: {}
[65.809574] (-) TimerEvent: {}
[65.911497] (-) TimerEvent: {}
[66.013335] (-) TimerEvent: {}
[66.115485] (-) TimerEvent: {}
[66.217333] (-) TimerEvent: {}
[66.319169] (-) TimerEvent: {}
[66.420986] (-) TimerEvent: {}
[66.522759] (-) TimerEvent: {}
[66.624676] (-) TimerEvent: {}
[66.727125] (-) TimerEvent: {}
[66.812636] (ei_whistle_cpp) StdoutLine: {'line': b'[ 19%] \x1b[32mBuilding CXX object CMakeFiles/whistle_node.dir/edge-impulse-sdk/tensorflow/lite/micro/kernels/batch_matmul.cc.o\x1b[0m\n'}
[66.827350] (-) TimerEvent: {}
[66.929230] (-) TimerEvent: {}
[67.031029] (-) TimerEvent: {}
[67.132755] (-) TimerEvent: {}
[67.234718] (-) TimerEvent: {}
[67.336716] (-) TimerEvent: {}
[67.438766] (-) TimerEvent: {}
[67.540690] (-) TimerEvent: {}
[67.644311] (-) TimerEvent: {}
[67.746159] (-) TimerEvent: {}
[67.848459] (-) TimerEvent: {}
[67.951030] (-) TimerEvent: {}
[68.053804] (-) TimerEvent: {}
[68.156453] (-) TimerEvent: {}
[68.259309] (-) TimerEvent: {}
[68.362336] (-) TimerEvent: {}
[68.464498] (-) TimerEvent: {}
[68.546414] (ei_whistle_cpp) StdoutLine: {'line': b'[ 20%] \x1b[32mBuilding CXX object CMakeFiles/whistle_node.dir/edge-impulse-sdk/tensorflow/lite/micro/kernels/batch_to_space_nd.cc.o\x1b[0m\n'}
[68.564783] (-) TimerEvent: {}
[68.666992] (-) TimerEvent: {}
[68.769256] (-) TimerEvent: {}
[68.872075] (-) TimerEvent: {}
[68.975645] (-) TimerEvent: {}
[69.078035] (-) TimerEvent: {}
[69.179642] (-) TimerEvent: {}
[69.281702] (-) TimerEvent: {}
[69.368275] (ei_whistle_cpp) StdoutLine: {'line': b'[ 21%] \x1b[32mBuilding CXX object CMakeFiles/whistle_node.dir/edge-impulse-sdk/tensorflow/lite/micro/kernels/broadcast_args.cc.o\x1b[0m\n'}
[69.381952] (-) TimerEvent: {}
[69.483496] (-) TimerEvent: {}
[69.584951] (-) TimerEvent: {}
[69.686377] (-) TimerEvent: {}
[69.787914] (-) TimerEvent: {}
[69.889338] (-) TimerEvent: {}
[69.990778] (-) TimerEvent: {}
[70.092455] (-) TimerEvent: {}
[70.194729] (-) TimerEvent: {}
[70.297206] (-) TimerEvent: {}
[70.399501] (-) TimerEvent: {}
[70.501876] (-) TimerEvent: {}
[70.604556] (-) TimerEvent: {}
[70.707267] (-) TimerEvent: {}
[70.810205] (-) TimerEvent: {}
[70.912820] (-) TimerEvent: {}
[71.015662] (-) TimerEvent: {}
[71.118473] (-) TimerEvent: {}
[71.221273] (-) TimerEvent: {}
[71.324049] (-) TimerEvent: {}
[71.426714] (-) TimerEvent: {}
[71.529116] (-) TimerEvent: {}
[71.631532] (-) TimerEvent: {}
[71.734046] (-) TimerEvent: {}
[71.836662] (-) TimerEvent: {}
[71.946316] (-) TimerEvent: {}
[72.048789] (-) TimerEvent: {}
[72.151367] (-) TimerEvent: {}
[72.254683] (-) TimerEvent: {}
[72.357401] (-) TimerEvent: {}
[72.460222] (-) TimerEvent: {}
[72.562993] (-) TimerEvent: {}
[72.664431] (-) TimerEvent: {}
[72.766798] (-) TimerEvent: {}
[72.869745] (-) TimerEvent: {}
[72.972658] (-) TimerEvent: {}
[73.075353] (-) TimerEvent: {}
[73.178374] (-) TimerEvent: {}
[73.280934] (-) TimerEvent: {}
[73.383461] (-) TimerEvent: {}
[73.486008] (-) TimerEvent: {}
[73.588503] (-) TimerEvent: {}
[73.691077] (-) TimerEvent: {}
[73.793561] (-) TimerEvent: {}
[73.896029] (-) TimerEvent: {}
[73.998541] (-) TimerEvent: {}
[74.101221] (-) TimerEvent: {}
[74.203666] (-) TimerEvent: {}
[74.306358] (-) TimerEvent: {}
[74.409227] (-) TimerEvent: {}
[74.511812] (-) TimerEvent: {}
[74.614287] (-) TimerEvent: {}
[74.716927] (-) TimerEvent: {}
[74.797578] (ei_whistle_cpp) StdoutLine: {'line': b'[ 21%] \x1b[32mBuilding CXX object CMakeFiles/whistle_node.dir/edge-impulse-sdk/tensorflow/lite/micro/kernels/broadcast_to.cc.o\x1b[0m\n'}
[74.817133] (-) TimerEvent: {}
[74.822586] (ei_whistle_cpp) StdoutLine: {'line': b'[ 22%] \x1b[32mBuilding CXX object CMakeFiles/whistle_node.dir/edge-impulse-sdk/tensorflow/lite/micro/kernels/call_once.cc.o\x1b[0m\n'}
[74.917351] (-) TimerEvent: {}
[75.019297] (-) TimerEvent: {}
[75.121318] (-) TimerEvent: {}
[75.223370] (-) TimerEvent: {}
[75.325479] (-) TimerEvent: {}
[75.427574] (-) TimerEvent: {}
[75.529623] (-) TimerEvent: {}
[75.631629] (-) TimerEvent: {}
[75.733971] (-) TimerEvent: {}
[75.835986] (-) TimerEvent: {}
[75.940202] (-) TimerEvent: {}
[76.042542] (-) TimerEvent: {}
[76.145514] (-) TimerEvent: {}
[76.195453] (ei_whistle_cpp) StdoutLine: {'line': b'[ 22%] \x1b[32mBuilding CXX object CMakeFiles/whistle_node.dir/edge-impulse-sdk/tensorflow/lite/micro/kernels/cast.cc.o\x1b[0m\n'}
[76.245767] (-) TimerEvent: {}
[76.348238] (-) TimerEvent: {}
[76.450619] (-) TimerEvent: {}
[76.553148] (-) TimerEvent: {}
[76.655489] (-) TimerEvent: {}
[76.758185] (-) TimerEvent: {}
[76.860977] (-) TimerEvent: {}
[76.971801] (-) TimerEvent: {}
[77.074142] (-) TimerEvent: {}
[77.176479] (-) TimerEvent: {}
[77.278718] (-) TimerEvent: {}
[77.380934] (-) TimerEvent: {}
[77.484170] (-) TimerEvent: {}
[77.586721] (-) TimerEvent: {}
[77.689171] (-) TimerEvent: {}
[77.791853] (-) TimerEvent: {}
[77.894738] (-) TimerEvent: {}
[77.997608] (-) TimerEvent: {}
[78.100455] (-) TimerEvent: {}
[78.203158] (-) TimerEvent: {}
[78.305530] (-) TimerEvent: {}
[78.408088] (-) TimerEvent: {}
[78.511083] (-) TimerEvent: {}
[78.613908] (-) TimerEvent: {}
[78.716642] (-) TimerEvent: {}
[78.819179] (-) TimerEvent: {}
[78.921727] (-) TimerEvent: {}
[79.024203] (-) TimerEvent: {}
[79.126920] (-) TimerEvent: {}
[79.229550] (-) TimerEvent: {}
[79.331944] (-) TimerEvent: {}
[79.434602] (-) TimerEvent: {}
[79.537435] (-) TimerEvent: {}
[79.640381] (-) TimerEvent: {}
[79.743083] (-) TimerEvent: {}
[79.845742] (-) TimerEvent: {}
[79.948364] (-) TimerEvent: {}
[80.051003] (-) TimerEvent: {}
[80.153076] (-) TimerEvent: {}
[80.255208] (-) TimerEvent: {}
[80.356946] (-) TimerEvent: {}
[80.458664] (-) TimerEvent: {}
[80.560622] (-) TimerEvent: {}
[80.662533] (-) TimerEvent: {}
[80.765131] (-) TimerEvent: {}
[80.867787] (-) TimerEvent: {}
[80.970541] (-) TimerEvent: {}
[81.072907] (-) TimerEvent: {}
[81.175692] (-) TimerEvent: {}
[81.278775] (-) TimerEvent: {}
[81.381522] (-) TimerEvent: {}
[81.484499] (-) TimerEvent: {}
[81.587036] (-) TimerEvent: {}
[81.690457] (-) TimerEvent: {}
[81.794668] (-) TimerEvent: {}
[81.896674] (-) TimerEvent: {}
[81.998196] (-) TimerEvent: {}
[82.032004] (ei_whistle_cpp) StdoutLine: {'line': b'[ 23%] \x1b[32mBuilding CXX object CMakeFiles/whistle_node.dir/edge-impulse-sdk/tensorflow/lite/micro/kernels/ceil.cc.o\x1b[0m\n'}
[82.098479] (-) TimerEvent: {}
[82.200120] (-) TimerEvent: {}
[82.301823] (-) TimerEvent: {}
[82.403417] (-) TimerEvent: {}
[82.505248] (-) TimerEvent: {}
[82.613238] (-) TimerEvent: {}
[82.717222] (-) TimerEvent: {}
[82.818231] (-) TimerEvent: {}
[82.920703] (-) TimerEvent: {}
[83.024751] (-) TimerEvent: {}
[83.127140] (-) TimerEvent: {}
[83.229381] (-) TimerEvent: {}
[83.331816] (-) TimerEvent: {}
[83.434072] (-) TimerEvent: {}
[83.536415] (-) TimerEvent: {}
[83.638897] (-) TimerEvent: {}
[83.741877] (-) TimerEvent: {}
[83.844333] (-) TimerEvent: {}
[83.938426] (ei_whistle_cpp) StdoutLine: {'line': b'[ 24%] \x1b[32mBuilding CXX object CMakeFiles/whistle_node.dir/edge-impulse-sdk/tensorflow/lite/micro/kernels/circular_buffer.cc.o\x1b[0m\n'}
[83.944587] (-) TimerEvent: {}
[84.047231] (-) TimerEvent: {}
[84.148882] (-) TimerEvent: {}
[84.250862] (-) TimerEvent: {}
[84.353055] (-) TimerEvent: {}
[84.454891] (-) TimerEvent: {}
[84.556801] (-) TimerEvent: {}
[84.658782] (-) TimerEvent: {}
[84.760501] (-) TimerEvent: {}
[84.862258] (-) TimerEvent: {}
[84.964039] (-) TimerEvent: {}
[85.065915] (-) TimerEvent: {}
[85.167840] (-) TimerEvent: {}
[85.269827] (-) TimerEvent: {}
[85.371851] (-) TimerEvent: {}
[85.473948] (-) TimerEvent: {}
[85.576320] (-) TimerEvent: {}
[85.678612] (-) TimerEvent: {}
[85.780622] (-) TimerEvent: {}
[85.882731] (-) TimerEvent: {}
[85.984659] (-) TimerEvent: {}
[86.086887] (-) TimerEvent: {}
[86.178739] (ei_whistle_cpp) StdoutLine: {'line': b'[ 24%] \x1b[32mBuilding CXX object CMakeFiles/whistle_node.dir/edge-impulse-sdk/tensorflow/lite/micro/kernels/circular_buffer_common.cc.o\x1b[0m\n'}
[86.187168] (-) TimerEvent: {}
[86.288819] (-) TimerEvent: {}
[86.390756] (-) TimerEvent: {}
[86.493636] (-) TimerEvent: {}
[86.595136] (-) TimerEvent: {}
[86.696859] (-) TimerEvent: {}
[86.798521] (-) TimerEvent: {}
[86.900355] (-) TimerEvent: {}
[87.002281] (-) TimerEvent: {}
[87.104018] (-) TimerEvent: {}
[87.205709] (-) TimerEvent: {}
[87.307457] (-) TimerEvent: {}
[87.409944] (-) TimerEvent: {}
[87.513320] (-) TimerEvent: {}
[87.620571] (-) TimerEvent: {}
[87.722014] (-) TimerEvent: {}
[87.826826] (-) TimerEvent: {}
[87.929247] (-) TimerEvent: {}
[88.032170] (-) TimerEvent: {}
[88.135427] (-) TimerEvent: {}
[88.238132] (-) TimerEvent: {}
[88.341264] (-) TimerEvent: {}
[88.444166] (-) TimerEvent: {}
[88.547173] (-) TimerEvent: {}
[88.649789] (-) TimerEvent: {}
[88.752302] (-) TimerEvent: {}
[88.855696] (-) TimerEvent: {}
[88.958317] (-) TimerEvent: {}
[89.060832] (-) TimerEvent: {}
[89.093661] (ei_whistle_cpp) StdoutLine: {'line': b'[ 25%] \x1b[32mBuilding CXX object CMakeFiles/whistle_node.dir/edge-impulse-sdk/tensorflow/lite/micro/kernels/comparisons.cc.o\x1b[0m\n'}
[89.161137] (-) TimerEvent: {}
[89.263040] (-) TimerEvent: {}
[89.364857] (-) TimerEvent: {}
[89.466702] (-) TimerEvent: {}
[89.568578] (-) TimerEvent: {}
[89.669822] (-) TimerEvent: {}
[89.770891] (-) TimerEvent: {}
[89.872076] (-) TimerEvent: {}
[89.973310] (-) TimerEvent: {}
[90.074400] (-) TimerEvent: {}
[90.175534] (-) TimerEvent: {}
[90.200540] (ei_whistle_cpp) StdoutLine: {'line': b'[ 25%] \x1b[32mBuilding CXX object CMakeFiles/whistle_node.dir/edge-impulse-sdk/tensorflow/lite/micro/kernels/complex_abs.cc.o\x1b[0m\n'}
[90.275836] (-) TimerEvent: {}
[90.377440] (-) TimerEvent: {}
[90.478473] (-) TimerEvent: {}
[90.579665] (-) TimerEvent: {}
[90.680770] (-) TimerEvent: {}
[90.782050] (-) TimerEvent: {}
[90.883358] (-) TimerEvent: {}
[90.985711] (-) TimerEvent: {}
[91.109270] (-) TimerEvent: {}
[91.210533] (-) TimerEvent: {}
[91.312898] (-) TimerEvent: {}
[91.415258] (-) TimerEvent: {}
[91.517590] (-) TimerEvent: {}
[91.619892] (-) TimerEvent: {}
[91.722867] (-) TimerEvent: {}
[91.832692] (-) TimerEvent: {}
[91.934353] (-) TimerEvent: {}
[92.051340] (-) TimerEvent: {}
[92.153962] (-) TimerEvent: {}
[92.256738] (-) TimerEvent: {}
[92.359210] (-) TimerEvent: {}
[92.462087] (-) TimerEvent: {}
[92.564691] (-) TimerEvent: {}
[92.667390] (-) TimerEvent: {}
[92.772101] (-) TimerEvent: {}
[92.873622] (-) TimerEvent: {}
[92.976226] (-) TimerEvent: {}
[93.078715] (-) TimerEvent: {}
[93.181418] (-) TimerEvent: {}
[93.283925] (-) TimerEvent: {}
[93.386612] (-) TimerEvent: {}
[93.490140] (-) TimerEvent: {}
[93.593483] (-) TimerEvent: {}
[93.695938] (-) TimerEvent: {}
[93.745522] (ei_whistle_cpp) StdoutLine: {'line': b'[ 26%] \x1b[32mBuilding CXX object CMakeFiles/whistle_node.dir/edge-impulse-sdk/tensorflow/lite/micro/kernels/concatenation.cc.o\x1b[0m\n'}
[93.796242] (-) TimerEvent: {}
[93.899069] (-) TimerEvent: {}
[94.002244] (-) TimerEvent: {}
[94.105319] (-) TimerEvent: {}
[94.213220] (-) TimerEvent: {}
[94.314284] (-) TimerEvent: {}
[94.416976] (-) TimerEvent: {}
[94.519489] (-) TimerEvent: {}
[94.621666] (-) TimerEvent: {}
[94.724429] (-) TimerEvent: {}
[94.827402] (-) TimerEvent: {}
[94.930210] (-) TimerEvent: {}
[95.032976] (-) TimerEvent: {}
[95.136220] (-) TimerEvent: {}
[95.238977] (-) TimerEvent: {}
[95.341374] (-) TimerEvent: {}
[95.442876] (-) TimerEvent: {}
[95.545375] (-) TimerEvent: {}
[95.649290] (-) TimerEvent: {}
[95.752192] (-) TimerEvent: {}
[95.854670] (-) TimerEvent: {}
[95.923884] (ei_whistle_cpp) StdoutLine: {'line': b'[ 27%] \x1b[32mBuilding CXX object CMakeFiles/whistle_node.dir/edge-impulse-sdk/tensorflow/lite/micro/kernels/conv.cc.o\x1b[0m\n'}
[95.954977] (-) TimerEvent: {}
[96.057480] (-) TimerEvent: {}
[96.160011] (-) TimerEvent: {}
[96.262694] (-) TimerEvent: {}
[96.365221] (-) TimerEvent: {}
[96.468007] (-) TimerEvent: {}
[96.569686] (-) TimerEvent: {}
[96.671488] (-) TimerEvent: {}
[96.773903] (-) TimerEvent: {}
[96.875621] (-) TimerEvent: {}
[96.977506] (-) TimerEvent: {}
[97.091657] (-) TimerEvent: {}
[97.193248] (-) TimerEvent: {}
[97.294765] (-) TimerEvent: {}
[97.396564] (-) TimerEvent: {}
[97.498137] (-) TimerEvent: {}
[97.599787] (-) TimerEvent: {}
[97.667413] (ei_whistle_cpp) StdoutLine: {'line': b'[ 27%] \x1b[32mBuilding CXX object CMakeFiles/whistle_node.dir/edge-impulse-sdk/tensorflow/lite/micro/kernels/conv_common.cc.o\x1b[0m\n'}
[97.700151] (-) TimerEvent: {}
[97.802764] (-) TimerEvent: {}
[97.904337] (-) TimerEvent: {}
[98.005982] (-) TimerEvent: {}
[98.107724] (-) TimerEvent: {}
[98.209281] (-) TimerEvent: {}
[98.310770] (-) TimerEvent: {}
[98.412257] (-) TimerEvent: {}
[98.513791] (-) TimerEvent: {}
[98.615376] (-) TimerEvent: {}
[98.716818] (-) TimerEvent: {}
[98.818266] (-) TimerEvent: {}
[98.924542] (-) TimerEvent: {}
[99.025749] (-) TimerEvent: {}
[99.128229] (-) TimerEvent: {}
[99.230626] (-) TimerEvent: {}
[99.332970] (-) TimerEvent: {}
[99.435898] (-) TimerEvent: {}
[99.538431] (-) TimerEvent: {}
[99.641123] (-) TimerEvent: {}
[99.743881] (-) TimerEvent: {}
[99.847581] (-) TimerEvent: {}
[99.950328] (-) TimerEvent: {}
[100.053837] (-) TimerEvent: {}
[100.155618] (-) TimerEvent: {}
[100.257292] (-) TimerEvent: {}
[100.359136] (-) TimerEvent: {}
[100.385920] (ei_whistle_cpp) StdoutLine: {'line': b'[ 28%] \x1b[32mBuilding CXX object CMakeFiles/whistle_node.dir/edge-impulse-sdk/tensorflow/lite/micro/kernels/cumsum.cc.o\x1b[0m\n'}
[100.459383] (-) TimerEvent: {}
[100.561553] (-) TimerEvent: {}
[100.663411] (-) TimerEvent: {}
[100.765302] (-) TimerEvent: {}
[100.867287] (-) TimerEvent: {}
[100.968977] (-) TimerEvent: {}
[101.070943] (-) TimerEvent: {}
[101.172710] (-) TimerEvent: {}
[101.274636] (-) TimerEvent: {}
[101.376673] (-) TimerEvent: {}
[101.479022] (-) TimerEvent: {}
[101.580923] (-) TimerEvent: {}
[101.682880] (-) TimerEvent: {}
[101.784639] (-) TimerEvent: {}
[101.886509] (-) TimerEvent: {}
[101.988224] (-) TimerEvent: {}
[102.090026] (-) TimerEvent: {}
[102.191840] (-) TimerEvent: {}
[102.293374] (-) TimerEvent: {}
[102.394850] (-) TimerEvent: {}
[102.505366] (-) TimerEvent: {}
[102.609262] (-) TimerEvent: {}
[102.712946] (-) TimerEvent: {}
[102.814479] (-) TimerEvent: {}
[102.917114] (-) TimerEvent: {}
[103.018789] (-) TimerEvent: {}
[103.120363] (-) TimerEvent: {}
[103.222048] (-) TimerEvent: {}
[103.323540] (-) TimerEvent: {}
[103.338960] (ei_whistle_cpp) StdoutLine: {'line': b'[ 28%] \x1b[32mBuilding CXX object CMakeFiles/whistle_node.dir/edge-impulse-sdk/tensorflow/lite/micro/kernels/depth_to_space.cc.o\x1b[0m\n'}
[103.423798] (-) TimerEvent: {}
[103.525356] (-) TimerEvent: {}
[103.626953] (-) TimerEvent: {}
[103.729265] (-) TimerEvent: {}
[103.832515] (-) TimerEvent: {}
[103.935064] (-) TimerEvent: {}
[103.939849] (ei_whistle_cpp) StdoutLine: {'line': b'[ 29%] \x1b[32mBuilding CXX object CMakeFiles/whistle_node.dir/edge-impulse-sdk/tensorflow/lite/micro/kernels/depthwise_conv.cc.o\x1b[0m\n'}
[104.005899] (ei_whistle_cpp) StdoutLine: {'line': b'[ 30%] \x1b[32mBuilding CXX object CMakeFiles/whistle_node.dir/edge-impulse-sdk/tensorflow/lite/micro/kernels/depthwise_conv_common.cc.o\x1b[0m\n'}
[104.035347] (-) TimerEvent: {}
[104.136772] (-) TimerEvent: {}
[104.238287] (-) TimerEvent: {}
[104.339725] (-) TimerEvent: {}
[104.441072] (-) TimerEvent: {}
[104.542418] (-) TimerEvent: {}
[104.643920] (-) TimerEvent: {}
[104.745886] (-) TimerEvent: {}
[104.847844] (-) TimerEvent: {}
[104.949376] (-) TimerEvent: {}
[105.050748] (-) TimerEvent: {}
[105.152252] (-) TimerEvent: {}
[105.253767] (-) TimerEvent: {}
[105.355194] (-) TimerEvent: {}
[105.456837] (-) TimerEvent: {}
[105.558342] (-) TimerEvent: {}
[105.659950] (-) TimerEvent: {}
[105.761737] (-) TimerEvent: {}
[105.863359] (-) TimerEvent: {}
[105.965061] (-) TimerEvent: {}
[106.066731] (-) TimerEvent: {}
[106.168687] (-) TimerEvent: {}
[106.270590] (-) TimerEvent: {}
[106.372424] (-) TimerEvent: {}
[106.474455] (-) TimerEvent: {}
[106.576261] (-) TimerEvent: {}
[106.678188] (-) TimerEvent: {}
[106.780047] (-) TimerEvent: {}
[106.882778] (-) TimerEvent: {}
[106.985487] (-) TimerEvent: {}
[107.087964] (-) TimerEvent: {}
[107.190386] (-) TimerEvent: {}
[107.292908] (-) TimerEvent: {}
[107.395265] (-) TimerEvent: {}
[107.497686] (-) TimerEvent: {}
[107.606148] (-) TimerEvent: {}
[107.707408] (-) TimerEvent: {}
[107.808537] (-) TimerEvent: {}
[107.909734] (-) TimerEvent: {}
[108.010837] (-) TimerEvent: {}
[108.111987] (-) TimerEvent: {}
[108.213076] (-) TimerEvent: {}
[108.314190] (-) TimerEvent: {}
[108.415356] (-) TimerEvent: {}
[108.516545] (-) TimerEvent: {}
[108.613367] (ei_whistle_cpp) StdoutLine: {'line': b'[ 30%] \x1b[32mBuilding CXX object CMakeFiles/whistle_node.dir/edge-impulse-sdk/tensorflow/lite/micro/kernels/dequantize.cc.o\x1b[0m\n'}
[108.617128] (-) TimerEvent: {}
[108.718916] (-) TimerEvent: {}
[108.820454] (-) TimerEvent: {}
[108.923142] (-) TimerEvent: {}
[108.991483] (ei_whistle_cpp) StdoutLine: {'line': b'[ 31%] \x1b[32mBuilding CXX object CMakeFiles/whistle_node.dir/edge-impulse-sdk/tensorflow/lite/micro/kernels/dequantize_common.cc.o\x1b[0m\n'}
[109.023395] (-) TimerEvent: {}
[109.125077] (-) TimerEvent: {}
[109.226398] (-) TimerEvent: {}
[109.327820] (-) TimerEvent: {}
[109.429338] (-) TimerEvent: {}
[109.531133] (-) TimerEvent: {}
[109.633225] (-) TimerEvent: {}
[109.734650] (-) TimerEvent: {}
[109.835939] (-) TimerEvent: {}
[109.937371] (-) TimerEvent: {}
[110.039301] (-) TimerEvent: {}
[110.140748] (-) TimerEvent: {}
[110.242483] (-) TimerEvent: {}
[110.344244] (-) TimerEvent: {}
[110.445754] (-) TimerEvent: {}
[110.547352] (-) TimerEvent: {}
[110.649049] (-) TimerEvent: {}
[110.750860] (-) TimerEvent: {}
[110.852652] (-) TimerEvent: {}
[110.954325] (-) TimerEvent: {}
[111.056056] (-) TimerEvent: {}
[111.157978] (-) TimerEvent: {}
[111.259929] (-) TimerEvent: {}
[111.362415] (-) TimerEvent: {}
[111.464290] (-) TimerEvent: {}
[111.565905] (-) TimerEvent: {}
[111.576557] (ei_whistle_cpp) StdoutLine: {'line': b'[ 31%] \x1b[32mBuilding CXX object CMakeFiles/whistle_node.dir/edge-impulse-sdk/tensorflow/lite/micro/kernels/detection_postprocess.cc.o\x1b[0m\n'}
[111.666178] (-) TimerEvent: {}
[111.767666] (-) TimerEvent: {}
[111.869200] (-) TimerEvent: {}
[111.971562] (-) TimerEvent: {}
[112.073656] (-) TimerEvent: {}
[112.091340] (ei_whistle_cpp) StdoutLine: {'line': b'[ 32%] \x1b[32mBuilding CXX object CMakeFiles/whistle_node.dir/edge-impulse-sdk/tensorflow/lite/micro/kernels/div.cc.o\x1b[0m\n'}
[112.173888] (-) TimerEvent: {}
[112.275267] (-) TimerEvent: {}
[112.376730] (-) TimerEvent: {}
[112.478333] (-) TimerEvent: {}
[112.579889] (-) TimerEvent: {}
[112.682416] (-) TimerEvent: {}
[112.783850] (-) TimerEvent: {}
[112.885236] (-) TimerEvent: {}
[112.986831] (-) TimerEvent: {}
[113.088970] (-) TimerEvent: {}
[113.190606] (-) TimerEvent: {}
[113.292096] (-) TimerEvent: {}
[113.393542] (-) TimerEvent: {}
[113.495578] (-) TimerEvent: {}
[113.597264] (-) TimerEvent: {}
[113.698821] (-) TimerEvent: {}
[113.801136] (-) TimerEvent: {}
[113.903982] (-) TimerEvent: {}
[114.006478] (-) TimerEvent: {}
[114.108152] (-) TimerEvent: {}
[114.209961] (-) TimerEvent: {}
[114.311628] (-) TimerEvent: {}
[114.413151] (-) TimerEvent: {}
[114.514706] (-) TimerEvent: {}
[114.616834] (-) TimerEvent: {}
[114.718656] (-) TimerEvent: {}
[114.820281] (-) TimerEvent: {}
[114.921980] (-) TimerEvent: {}
[115.023674] (-) TimerEvent: {}
[115.125263] (-) TimerEvent: {}
[115.227152] (-) TimerEvent: {}
[115.328724] (-) TimerEvent: {}
[115.430542] (-) TimerEvent: {}
[115.532134] (-) TimerEvent: {}
[115.633792] (-) TimerEvent: {}
[115.735296] (-) TimerEvent: {}
[115.836861] (-) TimerEvent: {}
[115.938733] (-) TimerEvent: {}
[116.040429] (-) TimerEvent: {}
[116.142022] (-) TimerEvent: {}
[116.243559] (-) TimerEvent: {}
[116.345071] (-) TimerEvent: {}
[116.446622] (-) TimerEvent: {}
[116.548209] (-) TimerEvent: {}
[116.649806] (-) TimerEvent: {}
[116.751343] (-) TimerEvent: {}
[116.796529] (ei_whistle_cpp) StdoutLine: {'line': b'[ 33%] \x1b[32mBuilding CXX object CMakeFiles/whistle_node.dir/edge-impulse-sdk/tensorflow/lite/micro/kernels/elementwise.cc.o\x1b[0m\n'}
[116.851622] (-) TimerEvent: {}
[116.953456] (-) TimerEvent: {}
[117.055065] (-) TimerEvent: {}
[117.156686] (-) TimerEvent: {}
[117.218506] (ei_whistle_cpp) StdoutLine: {'line': b'[ 33%] \x1b[32mBuilding CXX object CMakeFiles/whistle_node.dir/edge-impulse-sdk/tensorflow/lite/micro/kernels/elu.cc.o\x1b[0m\n'}
[117.257415] (-) TimerEvent: {}
[117.359980] (-) TimerEvent: {}
[117.462528] (-) TimerEvent: {}
[117.565252] (-) TimerEvent: {}
[117.666738] (-) TimerEvent: {}
[117.768239] (-) TimerEvent: {}
[117.870179] (-) TimerEvent: {}
[117.971553] (-) TimerEvent: {}
[118.073069] (-) TimerEvent: {}
[118.174854] (-) TimerEvent: {}
[118.276369] (-) TimerEvent: {}
[118.377960] (-) TimerEvent: {}
[118.479460] (-) TimerEvent: {}
[118.580991] (-) TimerEvent: {}
[118.682629] (-) TimerEvent: {}
[118.784311] (-) TimerEvent: {}
[118.885987] (-) TimerEvent: {}
[118.987901] (-) TimerEvent: {}
[119.089663] (-) TimerEvent: {}
[119.191503] (-) TimerEvent: {}
[119.293387] (-) TimerEvent: {}
[119.395108] (-) TimerEvent: {}
[119.496930] (-) TimerEvent: {}
[119.598927] (-) TimerEvent: {}
[119.700623] (-) TimerEvent: {}
[119.802633] (-) TimerEvent: {}
[119.892986] (ei_whistle_cpp) StdoutLine: {'line': b'[ 34%] \x1b[32mBuilding CXX object CMakeFiles/whistle_node.dir/edge-impulse-sdk/tensorflow/lite/micro/kernels/ethosu.cc.o\x1b[0m\n'}
[119.902963] (-) TimerEvent: {}
[120.004855] (-) TimerEvent: {}
[120.106676] (-) TimerEvent: {}
[120.208414] (-) TimerEvent: {}
[120.310081] (-) TimerEvent: {}
[120.411940] (-) TimerEvent: {}
[120.513708] (-) TimerEvent: {}
[120.615517] (-) TimerEvent: {}
[120.717649] (-) TimerEvent: {}
[120.818862] (-) TimerEvent: {}
[120.853568] (ei_whistle_cpp) StdoutLine: {'line': b'[ 34%] \x1b[32mBuilding CXX object CMakeFiles/whistle_node.dir/edge-impulse-sdk/tensorflow/lite/micro/kernels/exp.cc.o\x1b[0m\n'}
[120.919157] (-) TimerEvent: {}
[121.020422] (-) TimerEvent: {}
[121.121541] (-) TimerEvent: {}
[121.222778] (-) TimerEvent: {}
[121.323944] (-) TimerEvent: {}
[121.425217] (-) TimerEvent: {}
[121.526293] (-) TimerEvent: {}
[121.627317] (-) TimerEvent: {}
[121.728309] (-) TimerEvent: {}
[121.829411] (-) TimerEvent: {}
[121.930490] (-) TimerEvent: {}
[122.031609] (-) TimerEvent: {}
[122.132809] (-) TimerEvent: {}
[122.234288] (-) TimerEvent: {}
[122.335722] (-) TimerEvent: {}
[122.436982] (-) TimerEvent: {}
[122.538308] (-) TimerEvent: {}
[122.641235] (-) TimerEvent: {}
[122.742988] (-) TimerEvent: {}
[122.845134] (-) TimerEvent: {}
[122.952287] (-) TimerEvent: {}
[123.053958] (-) TimerEvent: {}
[123.155681] (-) TimerEvent: {}
[123.258131] (-) TimerEvent: {}
[123.360038] (-) TimerEvent: {}
[123.408018] (ei_whistle_cpp) StdoutLine: {'line': b'[ 35%] \x1b[32mBuilding CXX object CMakeFiles/whistle_node.dir/edge-impulse-sdk/tensorflow/lite/micro/kernels/expand_dims.cc.o\x1b[0m\n'}
[123.460385] (-) TimerEvent: {}
[123.563012] (-) TimerEvent: {}
[123.665245] (-) TimerEvent: {}
[123.767528] (-) TimerEvent: {}
[123.872096] (-) TimerEvent: {}
[123.975660] (-) TimerEvent: {}
[124.078066] (-) TimerEvent: {}
[124.179757] (-) TimerEvent: {}
[124.281348] (-) TimerEvent: {}
[124.382822] (-) TimerEvent: {}
[124.484500] (-) TimerEvent: {}
[124.586071] (-) TimerEvent: {}
[124.687596] (-) TimerEvent: {}
[124.789274] (-) TimerEvent: {}
[124.890763] (-) TimerEvent: {}
[124.912923] (ei_whistle_cpp) StdoutLine: {'line': b'[ 36%] \x1b[32mBuilding CXX object CMakeFiles/whistle_node.dir/edge-impulse-sdk/tensorflow/lite/micro/kernels/fill.cc.o\x1b[0m\n'}
[124.991035] (-) TimerEvent: {}
[125.092860] (-) TimerEvent: {}
[125.194378] (-) TimerEvent: {}
[125.296317] (-) TimerEvent: {}
[125.397827] (-) TimerEvent: {}
[125.499436] (-) TimerEvent: {}
[125.601130] (-) TimerEvent: {}
[125.703548] (-) TimerEvent: {}
[125.804966] (-) TimerEvent: {}
[125.813329] (ei_whistle_cpp) StdoutLine: {'line': b'[ 36%] \x1b[32mBuilding CXX object CMakeFiles/whistle_node.dir/edge-impulse-sdk/tensorflow/lite/micro/kernels/floor.cc.o\x1b[0m\n'}
[125.905210] (-) TimerEvent: {}
[126.007205] (-) TimerEvent: {}
[126.109473] (-) TimerEvent: {}
[126.210850] (-) TimerEvent: {}
[126.312424] (-) TimerEvent: {}
[126.413994] (-) TimerEvent: {}
[126.515834] (-) TimerEvent: {}
[126.617362] (-) TimerEvent: {}
[126.719091] (-) TimerEvent: {}
[126.788713] (ei_whistle_cpp) StdoutLine: {'line': b'[ 37%] \x1b[32mBuilding CXX object CMakeFiles/whistle_node.dir/edge-impulse-sdk/tensorflow/lite/micro/kernels/floor_div.cc.o\x1b[0m\n'}
[126.819378] (-) TimerEvent: {}
[126.921982] (-) TimerEvent: {}
[127.024029] (-) TimerEvent: {}
[127.126796] (-) TimerEvent: {}
[127.229216] (-) TimerEvent: {}
[127.332274] (-) TimerEvent: {}
[127.434228] (-) TimerEvent: {}
[127.535851] (-) TimerEvent: {}
[127.637828] (-) TimerEvent: {}
[127.746622] (-) TimerEvent: {}
[127.848399] (-) TimerEvent: {}
[127.950256] (-) TimerEvent: {}
[128.052148] (-) TimerEvent: {}
[128.154202] (-) TimerEvent: {}
[128.256379] (-) TimerEvent: {}
[128.358674] (-) TimerEvent: {}
[128.460471] (-) TimerEvent: {}
[128.562241] (-) TimerEvent: {}
[128.663983] (-) TimerEvent: {}
[128.765610] (-) TimerEvent: {}
[128.867692] (-) TimerEvent: {}
[128.969893] (-) TimerEvent: {}
[129.072373] (-) TimerEvent: {}
[129.175153] (-) TimerEvent: {}
[129.276915] (-) TimerEvent: {}
[129.378456] (-) TimerEvent: {}
[129.392464] (ei_whistle_cpp) StdoutLine: {'line': b'[ 37%] \x1b[32mBuilding CXX object CMakeFiles/whistle_node.dir/edge-impulse-sdk/tensorflow/lite/micro/kernels/floor_mod.cc.o\x1b[0m\n'}
[129.478725] (-) TimerEvent: {}
[129.580714] (-) TimerEvent: {}
[129.682541] (-) TimerEvent: {}
[129.784197] (-) TimerEvent: {}
[129.886428] (-) TimerEvent: {}
[129.988494] (-) TimerEvent: {}
[130.090465] (-) TimerEvent: {}
[130.192655] (-) TimerEvent: {}
[130.294510] (-) TimerEvent: {}
[130.396257] (-) TimerEvent: {}
[130.498280] (-) TimerEvent: {}
[130.600124] (-) TimerEvent: {}
[130.702003] (-) TimerEvent: {}
[130.803877] (-) TimerEvent: {}
[130.905779] (-) TimerEvent: {}
[131.007708] (-) TimerEvent: {}
[131.109788] (-) TimerEvent: {}
[131.211566] (-) TimerEvent: {}
[131.314151] (-) TimerEvent: {}
[131.383440] (ei_whistle_cpp) StdoutLine: {'line': b'[ 38%] \x1b[32mBuilding CXX object CMakeFiles/whistle_node.dir/edge-impulse-sdk/tensorflow/lite/micro/kernels/fully_connected.cc.o\x1b[0m\n'}
[131.414440] (-) TimerEvent: {}
[131.516006] (-) TimerEvent: {}
[131.617572] (-) TimerEvent: {}
[131.716282] (ei_whistle_cpp) StdoutLine: {'line': b'[ 39%] \x1b[32mBuilding CXX object CMakeFiles/whistle_node.dir/edge-impulse-sdk/tensorflow/lite/micro/kernels/fully_connected_common.cc.o\x1b[0m\n'}
[131.719685] (-) TimerEvent: {}
[131.821843] (-) TimerEvent: {}
[131.923252] (-) TimerEvent: {}
[132.024533] (-) TimerEvent: {}
[132.125954] (-) TimerEvent: {}
[132.227317] (-) TimerEvent: {}
[132.328778] (-) TimerEvent: {}
[132.430435] (-) TimerEvent: {}
[132.531946] (-) TimerEvent: {}
[132.634107] (-) TimerEvent: {}
[132.744609] (-) TimerEvent: {}
[132.845775] (-) TimerEvent: {}
[132.947399] (-) TimerEvent: {}
[133.050656] (-) TimerEvent: {}
[133.152909] (-) TimerEvent: {}
[133.255449] (-) TimerEvent: {}
[133.358160] (-) TimerEvent: {}
[133.460826] (-) TimerEvent: {}
[133.563387] (-) TimerEvent: {}
[133.665113] (-) TimerEvent: {}
[133.766689] (-) TimerEvent: {}
[133.869173] (-) TimerEvent: {}
[133.970865] (-) TimerEvent: {}
[134.073251] (-) TimerEvent: {}
[134.175064] (-) TimerEvent: {}
[134.276923] (-) TimerEvent: {}
[134.378737] (-) TimerEvent: {}
[134.480454] (-) TimerEvent: {}
[134.582098] (-) TimerEvent: {}
[134.605486] (ei_whistle_cpp) StdoutLine: {'line': b'[ 39%] \x1b[32mBuilding CXX object CMakeFiles/whistle_node.dir/edge-impulse-sdk/tensorflow/lite/micro/kernels/gather.cc.o\x1b[0m\n'}
[134.682463] (-) TimerEvent: {}
[134.784406] (-) TimerEvent: {}
[134.886034] (-) TimerEvent: {}
[134.987521] (-) TimerEvent: {}
[135.088975] (-) TimerEvent: {}
[135.190433] (-) TimerEvent: {}
[135.291927] (-) TimerEvent: {}
[135.393410] (-) TimerEvent: {}
[135.494902] (-) TimerEvent: {}
[135.596446] (-) TimerEvent: {}
[135.699554] (-) TimerEvent: {}
[135.801099] (-) TimerEvent: {}
[135.902783] (-) TimerEvent: {}
[136.004549] (-) TimerEvent: {}
[136.106259] (-) TimerEvent: {}
[136.207942] (-) TimerEvent: {}
[136.309762] (-) TimerEvent: {}
[136.411808] (-) TimerEvent: {}
[136.513681] (-) TimerEvent: {}
[136.615476] (-) TimerEvent: {}
[136.717231] (-) TimerEvent: {}
[136.819217] (-) TimerEvent: {}
[136.920978] (-) TimerEvent: {}
[137.023102] (-) TimerEvent: {}
[137.124806] (-) TimerEvent: {}
[137.226613] (-) TimerEvent: {}
[137.328632] (-) TimerEvent: {}
[137.430392] (-) TimerEvent: {}
[137.532178] (-) TimerEvent: {}
[137.633717] (-) TimerEvent: {}
[137.736323] (-) TimerEvent: {}
[137.838795] (-) TimerEvent: {}
[137.941696] (-) TimerEvent: {}
[138.052487] (-) TimerEvent: {}
[138.155994] (-) TimerEvent: {}
[138.258668] (-) TimerEvent: {}
[138.361596] (-) TimerEvent: {}
[138.463967] (-) TimerEvent: {}
[138.492961] (ei_whistle_cpp) StdoutLine: {'line': b'[ 40%] \x1b[32mBuilding CXX object CMakeFiles/whistle_node.dir/edge-impulse-sdk/tensorflow/lite/micro/kernels/gather_nd.cc.o\x1b[0m\n'}
[138.564204] (-) TimerEvent: {}
[138.666580] (-) TimerEvent: {}
[138.768768] (-) TimerEvent: {}
[138.870231] (-) TimerEvent: {}
[138.972522] (-) TimerEvent: {}
[139.075164] (-) TimerEvent: {}
[139.177575] (-) TimerEvent: {}
[139.279554] (-) TimerEvent: {}
[139.381589] (-) TimerEvent: {}
[139.483111] (-) TimerEvent: {}
[139.585917] (-) TimerEvent: {}
[139.655630] (ei_whistle_cpp) StdoutLine: {'line': b'[ 40%] \x1b[32mBuilding CXX object CMakeFiles/whistle_node.dir/edge-impulse-sdk/tensorflow/lite/micro/kernels/hard_swish.cc.o\x1b[0m\n'}
[139.686217] (-) TimerEvent: {}
[139.728257] (ei_whistle_cpp) StdoutLine: {'line': b'[ 41%] \x1b[32mBuilding CXX object CMakeFiles/whistle_node.dir/edge-impulse-sdk/tensorflow/lite/micro/kernels/hard_swish_common.cc.o\x1b[0m\n'}
[139.786456] (-) TimerEvent: {}
[139.887633] (-) TimerEvent: {}
[139.988604] (-) TimerEvent: {}
[140.089677] (-) TimerEvent: {}
[140.190832] (-) TimerEvent: {}
[140.292026] (-) TimerEvent: {}
[140.393894] (-) TimerEvent: {}
[140.495373] (-) TimerEvent: {}
[140.588353] (ei_whistle_cpp) StdoutLine: {'line': b'[ 42%] \x1b[32mBuilding CXX object CMakeFiles/whistle_node.dir/edge-impulse-sdk/tensorflow/lite/micro/kernels/if.cc.o\x1b[0m\n'}
[140.595606] (-) TimerEvent: {}
[140.696531] (-) TimerEvent: {}
[140.797406] (-) TimerEvent: {}
[140.898417] (-) TimerEvent: {}
[140.999574] (-) TimerEvent: {}
[141.100472] (-) TimerEvent: {}
[141.201555] (-) TimerEvent: {}
[141.302644] (-) TimerEvent: {}
[141.403867] (-) TimerEvent: {}
[141.505077] (-) TimerEvent: {}
[141.606105] (-) TimerEvent: {}
[141.707098] (-) TimerEvent: {}
[141.808215] (-) TimerEvent: {}
[141.909423] (-) TimerEvent: {}
[142.010485] (-) TimerEvent: {}
[142.111734] (-) TimerEvent: {}
[142.212872] (-) TimerEvent: {}
[142.313972] (-) TimerEvent: {}
[142.415090] (-) TimerEvent: {}
[142.517345] (-) TimerEvent: {}
[142.618436] (-) TimerEvent: {}
[142.719459] (-) TimerEvent: {}
[142.822352] (-) TimerEvent: {}
[142.924687] (-) TimerEvent: {}
[143.027881] (-) TimerEvent: {}
[143.130624] (-) TimerEvent: {}
[143.233105] (-) TimerEvent: {}
[143.335529] (-) TimerEvent: {}
[143.438083] (-) TimerEvent: {}
[143.540890] (-) TimerEvent: {}
[143.643494] (-) TimerEvent: {}
[143.746265] (-) TimerEvent: {}
[143.849066] (-) TimerEvent: {}
[143.951509] (-) TimerEvent: {}
[144.054141] (-) TimerEvent: {}
[144.156172] (-) TimerEvent: {}
[144.258859] (-) TimerEvent: {}
[144.361735] (-) TimerEvent: {}
[144.387100] (ei_whistle_cpp) StdoutLine: {'line': b'[ 42%] \x1b[32mBuilding CXX object CMakeFiles/whistle_node.dir/edge-impulse-sdk/tensorflow/lite/micro/kernels/kernel_runner.cc.o\x1b[0m\n'}
[144.462001] (-) TimerEvent: {}
[144.564335] (-) TimerEvent: {}
[144.666645] (-) TimerEvent: {}
[144.768940] (-) TimerEvent: {}
[144.871127] (-) TimerEvent: {}
[144.972621] (-) TimerEvent: {}
[145.074133] (-) TimerEvent: {}
[145.175634] (-) TimerEvent: {}
[145.277209] (-) TimerEvent: {}
[145.378647] (-) TimerEvent: {}
[145.480537] (-) TimerEvent: {}
[145.582099] (-) TimerEvent: {}
[145.683804] (-) TimerEvent: {}
[145.785445] (-) TimerEvent: {}
[145.886976] (-) TimerEvent: {}
[145.988614] (-) TimerEvent: {}
[146.090250] (-) TimerEvent: {}
[146.191944] (-) TimerEvent: {}
[146.293602] (-) TimerEvent: {}
[146.395124] (-) TimerEvent: {}
[146.496729] (-) TimerEvent: {}
[146.598513] (-) TimerEvent: {}
[146.700522] (-) TimerEvent: {}
[146.802162] (-) TimerEvent: {}
[146.903911] (-) TimerEvent: {}
[147.005479] (-) TimerEvent: {}
[147.106997] (-) TimerEvent: {}
[147.208666] (-) TimerEvent: {}
[147.310441] (-) TimerEvent: {}
[147.411975] (-) TimerEvent: {}
[147.513733] (-) TimerEvent: {}
[147.615324] (-) TimerEvent: {}
[147.716520] (-) TimerEvent: {}
[147.819283] (-) TimerEvent: {}
[147.896301] (ei_whistle_cpp) StdoutLine: {'line': b'[ 43%] \x1b[32mBuilding CXX object CMakeFiles/whistle_node.dir/edge-impulse-sdk/tensorflow/lite/micro/kernels/kernel_util_micro.cc.o\x1b[0m\n'}
[147.919766] (-) TimerEvent: {}
[148.025286] (-) TimerEvent: {}
[148.127961] (-) TimerEvent: {}
[148.216003] (ei_whistle_cpp) StdoutLine: {'line': b'[ 43%] \x1b[32mBuilding CXX object CMakeFiles/whistle_node.dir/edge-impulse-sdk/tensorflow/lite/micro/kernels/l2_pool_2d.cc.o\x1b[0m\n'}
[148.228182] (-) TimerEvent: {}
[148.330424] (-) TimerEvent: {}
[148.432007] (-) TimerEvent: {}
[148.535065] (-) TimerEvent: {}
[148.636618] (-) TimerEvent: {}
[148.738143] (-) TimerEvent: {}
[148.839704] (-) TimerEvent: {}
[148.942251] (-) TimerEvent: {}
[149.043697] (-) TimerEvent: {}
[149.145494] (-) TimerEvent: {}
[149.247132] (-) TimerEvent: {}
[149.349242] (-) TimerEvent: {}
[149.450931] (-) TimerEvent: {}
[149.552918] (-) TimerEvent: {}
[149.654581] (-) TimerEvent: {}
[149.756307] (-) TimerEvent: {}
[149.858184] (-) TimerEvent: {}
[149.960092] (-) TimerEvent: {}
[150.061771] (-) TimerEvent: {}
[150.163367] (-) TimerEvent: {}
[150.264940] (-) TimerEvent: {}
[150.366656] (-) TimerEvent: {}
[150.468222] (-) TimerEvent: {}
[150.569956] (-) TimerEvent: {}
[150.672017] (-) TimerEvent: {}
[150.773806] (-) TimerEvent: {}
[150.875552] (-) TimerEvent: {}
[150.977293] (-) TimerEvent: {}
[151.079189] (-) TimerEvent: {}
[151.180911] (-) TimerEvent: {}
[151.282651] (-) TimerEvent: {}
[151.384418] (-) TimerEvent: {}
[151.486082] (-) TimerEvent: {}
[151.587768] (-) TimerEvent: {}
[151.689684] (-) TimerEvent: {}
[151.791534] (-) TimerEvent: {}
[151.893488] (-) TimerEvent: {}
[151.995151] (-) TimerEvent: {}
[152.096749] (-) TimerEvent: {}
[152.198572] (-) TimerEvent: {}
[152.300373] (-) TimerEvent: {}
[152.403135] (-) TimerEvent: {}
[152.505900] (-) TimerEvent: {}
[152.609206] (-) TimerEvent: {}
[152.710301] (-) TimerEvent: {}
[152.812702] (-) TimerEvent: {}
[152.915274] (-) TimerEvent: {}
[153.019338] (-) TimerEvent: {}
[153.121199] (-) TimerEvent: {}
[153.223938] (-) TimerEvent: {}
[153.325692] (-) TimerEvent: {}
[153.427447] (-) TimerEvent: {}
[153.529318] (-) TimerEvent: {}
[153.551405] (ei_whistle_cpp) StdoutLine: {'line': b'[ 44%] \x1b[32mBuilding CXX object CMakeFiles/whistle_node.dir/edge-impulse-sdk/tensorflow/lite/micro/kernels/l2norm.cc.o\x1b[0m\n'}
[153.629521] (-) TimerEvent: {}
[153.731269] (-) TimerEvent: {}
[153.833400] (-) TimerEvent: {}
[153.938919] (-) TimerEvent: {}
[154.040942] (-) TimerEvent: {}
[154.141913] (-) TimerEvent: {}
[154.242956] (-) TimerEvent: {}
[154.344202] (-) TimerEvent: {}
[154.445211] (-) TimerEvent: {}
[154.546489] (-) TimerEvent: {}
[154.647662] (-) TimerEvent: {}
[154.748834] (-) TimerEvent: {}
[154.849878] (-) TimerEvent: {}
[154.950930] (-) TimerEvent: {}
[155.051952] (-) TimerEvent: {}
[155.153087] (-) TimerEvent: {}
[155.254180] (-) TimerEvent: {}
[155.355298] (-) TimerEvent: {}
[155.456341] (-) TimerEvent: {}
[155.557364] (-) TimerEvent: {}
[155.658473] (-) TimerEvent: {}
[155.760815] (-) TimerEvent: {}
[155.863260] (-) TimerEvent: {}
[155.966063] (-) TimerEvent: {}
[156.068569] (-) TimerEvent: {}
[156.171035] (-) TimerEvent: {}
[156.272610] (-) TimerEvent: {}
[156.374159] (-) TimerEvent: {}
[156.475726] (-) TimerEvent: {}
[156.577382] (-) TimerEvent: {}
[156.678997] (-) TimerEvent: {}
[156.780746] (-) TimerEvent: {}
[156.882304] (-) TimerEvent: {}
[156.983885] (-) TimerEvent: {}
[157.085817] (-) TimerEvent: {}
[157.187294] (-) TimerEvent: {}
[157.289825] (-) TimerEvent: {}
[157.392213] (-) TimerEvent: {}
[157.497276] (-) TimerEvent: {}
[157.601226] (-) TimerEvent: {}
[157.702503] (-) TimerEvent: {}
[157.805582] (-) TimerEvent: {}
[157.907811] (-) TimerEvent: {}
[158.010314] (-) TimerEvent: {}
[158.113956] (-) TimerEvent: {}
[158.216580] (-) TimerEvent: {}
[158.320186] (-) TimerEvent: {}
[158.421680] (-) TimerEvent: {}
[158.524137] (-) TimerEvent: {}
[158.625666] (-) TimerEvent: {}
[158.726899] (-) TimerEvent: {}
[158.832775] (-) TimerEvent: {}
[158.934089] (-) TimerEvent: {}
[159.035471] (-) TimerEvent: {}
[159.138238] (-) TimerEvent: {}
[159.241051] (-) TimerEvent: {}
[159.342493] (-) TimerEvent: {}
[159.444628] (-) TimerEvent: {}
[159.546452] (-) TimerEvent: {}
[159.647455] (-) TimerEvent: {}
[159.748609] (-) TimerEvent: {}
[159.849637] (-) TimerEvent: {}
[159.950591] (-) TimerEvent: {}
[160.051637] (-) TimerEvent: {}
[160.152577] (-) TimerEvent: {}
[160.253575] (-) TimerEvent: {}
[160.354664] (-) TimerEvent: {}
[160.455598] (-) TimerEvent: {}
[160.556604] (-) TimerEvent: {}
[160.657664] (-) TimerEvent: {}
[160.758662] (-) TimerEvent: {}
[160.859614] (-) TimerEvent: {}
[160.960578] (-) TimerEvent: {}
[161.061622] (-) TimerEvent: {}
[161.162656] (-) TimerEvent: {}
[161.263618] (-) TimerEvent: {}
[161.364553] (-) TimerEvent: {}
[161.465516] (-) TimerEvent: {}
[161.566468] (-) TimerEvent: {}
[161.585109] (ei_whistle_cpp) StdoutLine: {'line': b'[ 44%] \x1b[32mBuilding CXX object CMakeFiles/whistle_node.dir/edge-impulse-sdk/tensorflow/lite/micro/kernels/leaky_relu_common.cc.o\x1b[0m\n'}
[161.666709] (-) TimerEvent: {}
[161.768888] (-) TimerEvent: {}
[161.871484] (-) TimerEvent: {}
[161.974040] (-) TimerEvent: {}
[162.075237] (-) TimerEvent: {}
[162.122435] (ei_whistle_cpp) StdoutLine: {'line': b'[ 45%] \x1b[32mBuilding CXX object CMakeFiles/whistle_node.dir/edge-impulse-sdk/tensorflow/lite/micro/kernels/leaky_relu.cc.o\x1b[0m\n'}
[162.175460] (-) TimerEvent: {}
[162.277719] (-) TimerEvent: {}
[162.379639] (-) TimerEvent: {}
[162.492650] (-) TimerEvent: {}
[162.597426] (-) TimerEvent: {}
[162.698532] (-) TimerEvent: {}
[162.800617] (-) TimerEvent: {}
[162.902509] (-) TimerEvent: {}
[163.004766] (-) TimerEvent: {}
[163.105836] (-) TimerEvent: {}
[163.183900] (ei_whistle_cpp) StdoutLine: {'line': b'[ 46%] \x1b[32mBuilding CXX object CMakeFiles/whistle_node.dir/edge-impulse-sdk/tensorflow/lite/micro/kernels/log_softmax.cc.o\x1b[0m\n'}
[163.206073] (-) TimerEvent: {}
[163.307437] (-) TimerEvent: {}
[163.408832] (-) TimerEvent: {}
[163.510310] (-) TimerEvent: {}
[163.611920] (-) TimerEvent: {}
[163.713573] (-) TimerEvent: {}
[163.815898] (-) TimerEvent: {}
[163.917372] (-) TimerEvent: {}
[164.019018] (-) TimerEvent: {}
[164.120945] (-) TimerEvent: {}
[164.222680] (-) TimerEvent: {}
[164.324268] (-) TimerEvent: {}
[164.426154] (-) TimerEvent: {}
[164.527682] (-) TimerEvent: {}
[164.629555] (-) TimerEvent: {}
[164.731389] (-) TimerEvent: {}
[164.833140] (-) TimerEvent: {}
[164.934962] (-) TimerEvent: {}
[165.036644] (-) TimerEvent: {}
[165.138553] (-) TimerEvent: {}
[165.240721] (-) TimerEvent: {}
[165.342763] (-) TimerEvent: {}
[165.444356] (-) TimerEvent: {}
[165.545980] (-) TimerEvent: {}
[165.647607] (-) TimerEvent: {}
[165.749399] (-) TimerEvent: {}
[165.851117] (-) TimerEvent: {}
[165.952739] (-) TimerEvent: {}
[166.054805] (-) TimerEvent: {}
[166.157168] (-) TimerEvent: {}
[166.258801] (-) TimerEvent: {}
[166.360420] (-) TimerEvent: {}
[166.462201] (-) TimerEvent: {}
[166.563904] (-) TimerEvent: {}
[166.665772] (-) TimerEvent: {}
[166.767523] (-) TimerEvent: {}
[166.869913] (-) TimerEvent: {}
[166.971659] (-) TimerEvent: {}
[167.049672] (ei_whistle_cpp) StdoutLine: {'line': b'[ 46%] \x1b[32mBuilding CXX object CMakeFiles/whistle_node.dir/edge-impulse-sdk/tensorflow/lite/micro/kernels/logical.cc.o\x1b[0m\n'}
[167.071823] (-) TimerEvent: {}
[167.173270] (-) TimerEvent: {}
[167.274881] (-) TimerEvent: {}
[167.376702] (-) TimerEvent: {}
[167.478670] (-) TimerEvent: {}
[167.590618] (-) TimerEvent: {}
[167.692654] (-) TimerEvent: {}
[167.794598] (-) TimerEvent: {}
[167.897087] (-) TimerEvent: {}
[167.999527] (-) TimerEvent: {}
[168.102326] (-) TimerEvent: {}
[168.205696] (-) TimerEvent: {}
[168.308586] (-) TimerEvent: {}
[168.410403] (-) TimerEvent: {}
[168.512188] (-) TimerEvent: {}
[168.614162] (-) TimerEvent: {}
[168.716238] (-) TimerEvent: {}
[168.818162] (-) TimerEvent: {}
[168.920284] (-) TimerEvent: {}
[169.022148] (-) TimerEvent: {}
[169.124599] (-) TimerEvent: {}
[169.226341] (-) TimerEvent: {}
[169.328179] (-) TimerEvent: {}
[169.430033] (-) TimerEvent: {}
[169.531633] (-) TimerEvent: {}
[169.557211] (ei_whistle_cpp) StdoutLine: {'line': b'[ 47%] \x1b[32mBuilding CXX object CMakeFiles/whistle_node.dir/edge-impulse-sdk/tensorflow/lite/micro/kernels/logical_common.cc.o\x1b[0m\n'}
[169.631881] (-) TimerEvent: {}
[169.732894] (-) TimerEvent: {}
[169.834046] (-) TimerEvent: {}
[169.935105] (-) TimerEvent: {}
[170.036179] (-) TimerEvent: {}
[170.137408] (-) TimerEvent: {}
[170.238481] (-) TimerEvent: {}
[170.339805] (-) TimerEvent: {}
[170.441224] (-) TimerEvent: {}
[170.542265] (-) TimerEvent: {}
[170.643682] (-) TimerEvent: {}
[170.671126] (ei_whistle_cpp) StdoutLine: {'line': b'[ 48%] \x1b[32mBuilding CXX object CMakeFiles/whistle_node.dir/edge-impulse-sdk/tensorflow/lite/micro/kernels/logistic.cc.o\x1b[0m\n'}
[170.743693] (-) TimerEvent: {}
[170.847056] (-) TimerEvent: {}
[170.949545] (-) TimerEvent: {}
[171.052041] (-) TimerEvent: {}
[171.154668] (-) TimerEvent: {}
[171.258333] (-) TimerEvent: {}
[171.360583] (-) TimerEvent: {}
[171.462869] (-) TimerEvent: {}
[171.565649] (-) TimerEvent: {}
[171.667760] (-) TimerEvent: {}
[171.768831] (-) TimerEvent: {}
[171.871190] (-) TimerEvent: {}
[171.973517] (-) TimerEvent: {}
[172.075587] (-) TimerEvent: {}
[172.177699] (-) TimerEvent: {}
[172.280261] (-) TimerEvent: {}
[172.382894] (-) TimerEvent: {}
[172.485385] (-) TimerEvent: {}
[172.588010] (-) TimerEvent: {}
[172.690293] (-) TimerEvent: {}
[172.793137] (-) TimerEvent: {}
[172.895876] (-) TimerEvent: {}
[172.998845] (-) TimerEvent: {}
[173.100789] (-) TimerEvent: {}
[173.202912] (-) TimerEvent: {}
[173.305033] (-) TimerEvent: {}
[173.407095] (-) TimerEvent: {}
[173.508655] (-) TimerEvent: {}
[173.611010] (-) TimerEvent: {}
[173.722388] (-) TimerEvent: {}
[173.826532] (-) TimerEvent: {}
[173.927550] (-) TimerEvent: {}
[174.028782] (-) TimerEvent: {}
[174.131489] (-) TimerEvent: {}
[174.234757] (-) TimerEvent: {}
[174.337361] (-) TimerEvent: {}
[174.439400] (-) TimerEvent: {}
[174.542149] (-) TimerEvent: {}
[174.644187] (-) TimerEvent: {}
[174.747425] (-) TimerEvent: {}
[174.848578] (-) TimerEvent: {}
[174.949830] (-) TimerEvent: {}
[175.050817] (-) TimerEvent: {}
[175.151842] (-) TimerEvent: {}
[175.252938] (-) TimerEvent: {}
[175.354052] (-) TimerEvent: {}
[175.454992] (-) TimerEvent: {}
[175.556160] (-) TimerEvent: {}
[175.657449] (-) TimerEvent: {}
[175.759187] (-) TimerEvent: {}
[175.860416] (-) TimerEvent: {}
[175.961495] (-) TimerEvent: {}
[176.062562] (-) TimerEvent: {}
[176.163608] (-) TimerEvent: {}
[176.265244] (-) TimerEvent: {}
[176.366308] (-) TimerEvent: {}
[176.468063] (-) TimerEvent: {}
[176.569178] (-) TimerEvent: {}
[176.670542] (-) TimerEvent: {}
[176.727654] (ei_whistle_cpp) StdoutLine: {'line': b'[ 49%] \x1b[32mBuilding CXX object CMakeFiles/whistle_node.dir/edge-impulse-sdk/tensorflow/lite/micro/kernels/lstm_eval.cc.o\x1b[0m\n'}
[176.731697] (ei_whistle_cpp) StdoutLine: {'line': b'[ 49%] \x1b[32mBuilding CXX object CMakeFiles/whistle_node.dir/edge-impulse-sdk/tensorflow/lite/micro/kernels/logistic_common.cc.o\x1b[0m\n'}
[176.770861] (-) TimerEvent: {}
[176.872796] (-) TimerEvent: {}
[176.886090] (ei_whistle_cpp) StdoutLine: {'line': b'[ 50%] \x1b[32mBuilding CXX object CMakeFiles/whistle_node.dir/edge-impulse-sdk/tensorflow/lite/micro/kernels/maximum_minimum.cc.o\x1b[0m\n'}
[176.973077] (-) TimerEvent: {}
[177.074614] (-) TimerEvent: {}
[177.175952] (-) TimerEvent: {}
[177.277305] (-) TimerEvent: {}
[177.378589] (-) TimerEvent: {}
[177.479926] (-) TimerEvent: {}
[177.581212] (-) TimerEvent: {}
[177.640097] (ei_whistle_cpp) StdoutLine: {'line': b'[ 50%] \x1b[32mBuilding CXX object CMakeFiles/whistle_node.dir/edge-impulse-sdk/tensorflow/lite/micro/kernels/micro_tensor_utils.cc.o\x1b[0m\n'}
[177.681598] (-) TimerEvent: {}
[177.784781] (-) TimerEvent: {}
[177.886683] (-) TimerEvent: {}
[177.988559] (-) TimerEvent: {}
[178.091048] (-) TimerEvent: {}
[178.192803] (-) TimerEvent: {}
[178.294844] (-) TimerEvent: {}
[178.396859] (-) TimerEvent: {}
[178.499416] (-) TimerEvent: {}
[178.601863] (-) TimerEvent: {}
[178.704316] (-) TimerEvent: {}
[178.805976] (-) TimerEvent: {}
[178.907616] (-) TimerEvent: {}
[179.009444] (-) TimerEvent: {}
[179.111521] (-) TimerEvent: {}
[179.213594] (-) TimerEvent: {}
[179.316567] (-) TimerEvent: {}
[179.419103] (-) TimerEvent: {}
[179.522567] (-) TimerEvent: {}
[179.625178] (-) TimerEvent: {}
[179.727985] (-) TimerEvent: {}
[179.829681] (-) TimerEvent: {}
[179.931295] (-) TimerEvent: {}
[180.033134] (-) TimerEvent: {}
[180.135015] (-) TimerEvent: {}
[180.236673] (-) TimerEvent: {}
[180.338327] (-) TimerEvent: {}
[180.439902] (-) TimerEvent: {}
[180.541759] (-) TimerEvent: {}
[180.643348] (-) TimerEvent: {}
[180.745364] (-) TimerEvent: {}
[180.846928] (-) TimerEvent: {}
[180.948483] (-) TimerEvent: {}
[181.050029] (-) TimerEvent: {}
[181.151588] (-) TimerEvent: {}
[181.253267] (-) TimerEvent: {}
[181.355230] (-) TimerEvent: {}
[181.456950] (-) TimerEvent: {}
[181.558533] (-) TimerEvent: {}
[181.660143] (-) TimerEvent: {}
[181.761869] (-) TimerEvent: {}
[181.863919] (-) TimerEvent: {}
[181.965566] (-) TimerEvent: {}
[182.067176] (-) TimerEvent: {}
[182.125194] (ei_whistle_cpp) StdoutLine: {'line': b'[ 51%] \x1b[32mBuilding CXX object CMakeFiles/whistle_node.dir/edge-impulse-sdk/tensorflow/lite/micro/kernels/mirror_pad.cc.o\x1b[0m\n'}
[182.167453] (-) TimerEvent: {}
[182.268900] (-) TimerEvent: {}
[182.370296] (-) TimerEvent: {}
[182.471951] (-) TimerEvent: {}
[182.573448] (-) TimerEvent: {}
[182.675477] (-) TimerEvent: {}
[182.778060] (-) TimerEvent: {}
[182.880619] (-) TimerEvent: {}
[182.984025] (-) TimerEvent: {}
[183.085606] (-) TimerEvent: {}
[183.187280] (-) TimerEvent: {}
[183.289100] (-) TimerEvent: {}
[183.390663] (-) TimerEvent: {}
[183.492598] (-) TimerEvent: {}
[183.594354] (-) TimerEvent: {}
[183.696023] (-) TimerEvent: {}
[183.797659] (-) TimerEvent: {}
[183.900773] (-) TimerEvent: {}
[184.002304] (-) TimerEvent: {}
[184.104799] (-) TimerEvent: {}
[184.206626] (-) TimerEvent: {}
[184.308422] (-) TimerEvent: {}
[184.410277] (-) TimerEvent: {}
[184.511980] (-) TimerEvent: {}
[184.613583] (-) TimerEvent: {}
[184.715382] (-) TimerEvent: {}
[184.817175] (-) TimerEvent: {}
[184.884866] (ei_whistle_cpp) StdoutLine: {'line': b'[ 51%] \x1b[32mBuilding CXX object CMakeFiles/whistle_node.dir/edge-impulse-sdk/tensorflow/lite/micro/kernels/mli_interface.cc.o\x1b[0m\n'}
[184.917619] (-) TimerEvent: {}
[185.019295] (-) TimerEvent: {}
[185.077821] (ei_whistle_cpp) StdoutLine: {'line': b'[ 52%] \x1b[32mBuilding CXX object CMakeFiles/whistle_node.dir/edge-impulse-sdk/tensorflow/lite/micro/kernels/mli_slicers.cc.o\x1b[0m\n'}
[185.119627] (-) TimerEvent: {}
[185.221367] (-) TimerEvent: {}
[185.225671] (ei_whistle_cpp) StdoutLine: {'line': b'[ 53%] \x1b[32mBuilding CXX object CMakeFiles/whistle_node.dir/edge-impulse-sdk/tensorflow/lite/micro/kernels/mul.cc.o\x1b[0m\n'}
[185.244766] (ei_whistle_cpp) StdoutLine: {'line': b'[ 53%] \x1b[32mBuilding CXX object CMakeFiles/whistle_node.dir/edge-impulse-sdk/tensorflow/lite/micro/kernels/mul_common.cc.o\x1b[0m\n'}
[185.321645] (-) TimerEvent: {}
[185.423044] (-) TimerEvent: {}
[185.482986] (ei_whistle_cpp) StdoutLine: {'line': b'[ 54%] \x1b[32mBuilding CXX object CMakeFiles/whistle_node.dir/edge-impulse-sdk/tensorflow/lite/micro/kernels/neg.cc.o\x1b[0m\n'}
[185.523300] (-) TimerEvent: {}
[185.624759] (-) TimerEvent: {}
[185.726013] (-) TimerEvent: {}
[185.827298] (-) TimerEvent: {}
[185.928556] (-) TimerEvent: {}
[186.029855] (-) TimerEvent: {}
[186.131134] (-) TimerEvent: {}
[186.232371] (-) TimerEvent: {}
[186.333603] (-) TimerEvent: {}
[186.434839] (-) TimerEvent: {}
[186.536055] (-) TimerEvent: {}
[186.637407] (-) TimerEvent: {}
[186.738881] (-) TimerEvent: {}
[186.840412] (-) TimerEvent: {}
[186.942090] (-) TimerEvent: {}
[187.043938] (-) TimerEvent: {}
[187.145566] (-) TimerEvent: {}
[187.247244] (-) TimerEvent: {}
[187.348883] (-) TimerEvent: {}
[187.450656] (-) TimerEvent: {}
[187.552551] (-) TimerEvent: {}
[187.655059] (-) TimerEvent: {}
[187.758861] (-) TimerEvent: {}
[187.812421] (ei_whistle_cpp) StdoutLine: {'line': b'[ 54%] \x1b[32mBuilding CXX object CMakeFiles/whistle_node.dir/edge-impulse-sdk/tensorflow/lite/micro/kernels/pack.cc.o\x1b[0m\n'}
[187.859138] (-) TimerEvent: {}
[187.960655] (-) TimerEvent: {}
[188.062317] (-) TimerEvent: {}
[188.163891] (-) TimerEvent: {}
[188.265385] (-) TimerEvent: {}
[188.366841] (-) TimerEvent: {}
[188.468379] (-) TimerEvent: {}
[188.570099] (-) TimerEvent: {}
[188.671644] (-) TimerEvent: {}
[188.773179] (-) TimerEvent: {}
[188.875752] (-) TimerEvent: {}
[188.982787] (-) TimerEvent: {}
[189.085885] (-) TimerEvent: {}
[189.187650] (-) TimerEvent: {}
[189.289605] (-) TimerEvent: {}
[189.391334] (-) TimerEvent: {}
[189.493058] (-) TimerEvent: {}
[189.594653] (-) TimerEvent: {}
[189.696346] (-) TimerEvent: {}
[189.798091] (-) TimerEvent: {}
[189.899716] (-) TimerEvent: {}
[190.001342] (-) TimerEvent: {}
[190.103120] (-) TimerEvent: {}
[190.204740] (-) TimerEvent: {}
[190.306533] (-) TimerEvent: {}
[190.408024] (-) TimerEvent: {}
[190.509579] (-) TimerEvent: {}
[190.611213] (-) TimerEvent: {}
[190.712854] (-) TimerEvent: {}
[190.814822] (-) TimerEvent: {}
[190.917796] (-) TimerEvent: {}
[191.019556] (-) TimerEvent: {}
[191.045732] (ei_whistle_cpp) StdoutLine: {'line': b'[ 55%] \x1b[32mBuilding CXX object CMakeFiles/whistle_node.dir/edge-impulse-sdk/tensorflow/lite/micro/kernels/pad.cc.o\x1b[0m\n'}
[191.119885] (-) TimerEvent: {}
[191.223308] (-) TimerEvent: {}
[191.324918] (-) TimerEvent: {}
[191.426448] (-) TimerEvent: {}
[191.528179] (-) TimerEvent: {}
[191.629790] (-) TimerEvent: {}
[191.731236] (-) TimerEvent: {}
[191.832870] (-) TimerEvent: {}
[191.934498] (-) TimerEvent: {}
[192.035962] (-) TimerEvent: {}
[192.137430] (-) TimerEvent: {}
[192.238909] (-) TimerEvent: {}
[192.340596] (-) TimerEvent: {}
[192.442509] (-) TimerEvent: {}
[192.553287] (-) TimerEvent: {}
[192.654672] (-) TimerEvent: {}
[192.757239] (-) TimerEvent: {}
[192.859871] (-) TimerEvent: {}
[192.962607] (-) TimerEvent: {}
[193.064492] (-) TimerEvent: {}
[193.166260] (-) TimerEvent: {}
[193.268016] (-) TimerEvent: {}
[193.369978] (-) TimerEvent: {}
[193.471690] (-) TimerEvent: {}
[193.573249] (-) TimerEvent: {}
[193.674963] (-) TimerEvent: {}
[193.750120] (ei_whistle_cpp) StdoutLine: {'line': b'[ 56%] \x1b[32mBuilding CXX object CMakeFiles/whistle_node.dir/edge-impulse-sdk/tensorflow/lite/micro/kernels/pooling.cc.o\x1b[0m\n'}
[193.775219] (-) TimerEvent: {}
[193.878674] (-) TimerEvent: {}
[193.980321] (-) TimerEvent: {}
[194.084041] (-) TimerEvent: {}
[194.193925] (-) TimerEvent: {}
[194.296195] (-) TimerEvent: {}
[194.398885] (-) TimerEvent: {}
[194.501150] (-) TimerEvent: {}
[194.603325] (-) TimerEvent: {}
[194.705928] (-) TimerEvent: {}
[194.808482] (-) TimerEvent: {}
[194.911245] (-) TimerEvent: {}
[195.013823] (-) TimerEvent: {}
[195.116092] (-) TimerEvent: {}
[195.218644] (-) TimerEvent: {}
[195.320959] (-) TimerEvent: {}
[195.423327] (-) TimerEvent: {}
[195.525750] (-) TimerEvent: {}
[195.628194] (-) TimerEvent: {}
[195.730704] (-) TimerEvent: {}
[195.833205] (-) TimerEvent: {}
[195.935779] (-) TimerEvent: {}
[196.038457] (-) TimerEvent: {}
[196.140136] (-) TimerEvent: {}
[196.242530] (-) TimerEvent: {}
[196.344154] (-) TimerEvent: {}
[196.445907] (-) TimerEvent: {}
[196.548177] (-) TimerEvent: {}
[196.650127] (-) TimerEvent: {}
[196.751745] (-) TimerEvent: {}
[196.853467] (-) TimerEvent: {}
[196.955134] (-) TimerEvent: {}
[197.056898] (-) TimerEvent: {}
[197.158668] (-) TimerEvent: {}
[197.260323] (-) TimerEvent: {}
[197.364077] (-) TimerEvent: {}
[197.426062] (ei_whistle_cpp) StdoutLine: {'line': b'[ 56%] \x1b[32mBuilding CXX object CMakeFiles/whistle_node.dir/edge-impulse-sdk/tensorflow/lite/micro/kernels/pooling_common.cc.o\x1b[0m\n'}
[197.464271] (-) TimerEvent: {}
[197.566515] (-) TimerEvent: {}
[197.668553] (-) TimerEvent: {}
[197.770988] (-) TimerEvent: {}
[197.872390] (-) TimerEvent: {}
[197.974003] (-) TimerEvent: {}
[198.075505] (-) TimerEvent: {}
[198.177102] (-) TimerEvent: {}
[198.278697] (-) TimerEvent: {}
[198.380444] (-) TimerEvent: {}
[198.482896] (-) TimerEvent: {}
[198.585209] (-) TimerEvent: {}
[198.687368] (-) TimerEvent: {}
[198.789750] (-) TimerEvent: {}
[198.893799] (-) TimerEvent: {}
[198.995102] (-) TimerEvent: {}
[199.096361] (-) TimerEvent: {}
[199.204178] (-) TimerEvent: {}
[199.305301] (-) TimerEvent: {}
[199.407095] (-) TimerEvent: {}
[199.508241] (-) TimerEvent: {}
[199.609378] (-) TimerEvent: {}
[199.710499] (-) TimerEvent: {}
[199.811739] (-) TimerEvent: {}
[199.913261] (-) TimerEvent: {}
[200.014525] (-) TimerEvent: {}
[200.115788] (-) TimerEvent: {}
[200.216974] (-) TimerEvent: {}
[200.318172] (-) TimerEvent: {}
[200.419335] (-) TimerEvent: {}
[200.520510] (-) TimerEvent: {}
[200.622353] (-) TimerEvent: {}
[200.723630] (-) TimerEvent: {}
[200.824911] (-) TimerEvent: {}
[200.926055] (-) TimerEvent: {}
[201.027197] (-) TimerEvent: {}
[201.128685] (-) TimerEvent: {}
[201.229941] (-) TimerEvent: {}
[201.331069] (-) TimerEvent: {}
[201.432623] (-) TimerEvent: {}
[201.535668] (-) TimerEvent: {}
[201.638775] (-) TimerEvent: {}
[201.741933] (-) TimerEvent: {}
[201.845043] (-) TimerEvent: {}
[201.948269] (-) TimerEvent: {}
[202.051633] (-) TimerEvent: {}
[202.154705] (-) TimerEvent: {}
[202.257731] (-) TimerEvent: {}
[202.359494] (-) TimerEvent: {}
[202.461675] (-) TimerEvent: {}
[202.563395] (-) TimerEvent: {}
[202.664813] (-) TimerEvent: {}
[202.769268] (-) TimerEvent: {}
[202.871183] (-) TimerEvent: {}
[202.972228] (-) TimerEvent: {}
[203.075148] (-) TimerEvent: {}
[203.136986] (ei_whistle_cpp) StdoutLine: {'line': b'[ 57%] \x1b[32mBuilding CXX object CMakeFiles/whistle_node.dir/edge-impulse-sdk/tensorflow/lite/micro/kernels/prelu.cc.o\x1b[0m\n'}
[203.175457] (-) TimerEvent: {}
[203.278290] (-) TimerEvent: {}
[203.379678] (-) TimerEvent: {}
[203.482094] (-) TimerEvent: {}
[203.584500] (-) TimerEvent: {}
[203.687026] (-) TimerEvent: {}
[203.789550] (-) TimerEvent: {}
[203.892729] (-) TimerEvent: {}
[203.995228] (-) TimerEvent: {}
[204.096945] (-) TimerEvent: {}
[204.198646] (-) TimerEvent: {}
[204.300355] (-) TimerEvent: {}
[204.401958] (-) TimerEvent: {}
[204.503417] (-) TimerEvent: {}
[204.604945] (-) TimerEvent: {}
[204.706564] (-) TimerEvent: {}
[204.808218] (-) TimerEvent: {}
[204.909841] (-) TimerEvent: {}
[205.011330] (-) TimerEvent: {}
[205.113717] (-) TimerEvent: {}
[205.216294] (-) TimerEvent: {}
[205.318982] (-) TimerEvent: {}
[205.421556] (-) TimerEvent: {}
[205.524060] (-) TimerEvent: {}
[205.626653] (-) TimerEvent: {}
[205.729319] (-) TimerEvent: {}
[205.831913] (-) TimerEvent: {}
[205.934595] (-) TimerEvent: {}
[206.036957] (-) TimerEvent: {}
[206.139940] (-) TimerEvent: {}
[206.241556] (-) TimerEvent: {}
[206.297210] (ei_whistle_cpp) StdoutLine: {'line': b'[ 57%] \x1b[32mBuilding CXX object CMakeFiles/whistle_node.dir/edge-impulse-sdk/tensorflow/lite/micro/kernels/prelu_common.cc.o\x1b[0m\n'}
[206.341813] (-) TimerEvent: {}
[206.443554] (-) TimerEvent: {}
[206.545242] (-) TimerEvent: {}
[206.648100] (-) TimerEvent: {}
[206.733469] (ei_whistle_cpp) StdoutLine: {'line': b'[ 58%] \x1b[32mBuilding CXX object CMakeFiles/whistle_node.dir/edge-impulse-sdk/tensorflow/lite/micro/kernels/quantize.cc.o\x1b[0m\n'}
[206.748358] (-) TimerEvent: {}
[206.850680] (-) TimerEvent: {}
[206.952936] (-) TimerEvent: {}
[207.055298] (-) TimerEvent: {}
[207.157546] (-) TimerEvent: {}
[207.259801] (-) TimerEvent: {}
[207.362246] (-) TimerEvent: {}
[207.463721] (-) TimerEvent: {}
[207.565725] (-) TimerEvent: {}
[207.667058] (-) TimerEvent: {}
[207.768457] (-) TimerEvent: {}
[207.870155] (-) TimerEvent: {}
[207.972270] (-) TimerEvent: {}
[208.073984] (-) TimerEvent: {}
[208.175501] (-) TimerEvent: {}
[208.276888] (-) TimerEvent: {}
[208.378441] (-) TimerEvent: {}
[208.480319] (-) TimerEvent: {}
[208.582318] (-) TimerEvent: {}
[208.684007] (-) TimerEvent: {}
[208.785947] (-) TimerEvent: {}
[208.887764] (-) TimerEvent: {}
[208.993706] (-) TimerEvent: {}
[209.096915] (-) TimerEvent: {}
[209.199728] (-) TimerEvent: {}
[209.302452] (-) TimerEvent: {}
[209.405033] (-) TimerEvent: {}
[209.506944] (-) TimerEvent: {}
[209.608620] (-) TimerEvent: {}
[209.710252] (-) TimerEvent: {}
[209.811915] (-) TimerEvent: {}
[209.913582] (-) TimerEvent: {}
[210.015169] (-) TimerEvent: {}
[210.116809] (-) TimerEvent: {}
[210.218434] (-) TimerEvent: {}
[210.320379] (-) TimerEvent: {}
[210.422226] (-) TimerEvent: {}
[210.523947] (-) TimerEvent: {}
[210.626072] (-) TimerEvent: {}
[210.727750] (-) TimerEvent: {}
[210.806071] (ei_whistle_cpp) StdoutLine: {'line': b'[ 59%] \x1b[32mBuilding CXX object CMakeFiles/whistle_node.dir/edge-impulse-sdk/tensorflow/lite/micro/kernels/quantize_common.cc.o\x1b[0m\n'}
[210.827943] (-) TimerEvent: {}
[210.929496] (-) TimerEvent: {}
[211.031110] (-) TimerEvent: {}
[211.132772] (-) TimerEvent: {}
[211.234600] (-) TimerEvent: {}
[211.336276] (-) TimerEvent: {}
[211.438092] (-) TimerEvent: {}
[211.539782] (-) TimerEvent: {}
[211.641395] (-) TimerEvent: {}
[211.743986] (-) TimerEvent: {}
[211.846277] (-) TimerEvent: {}
[211.948541] (-) TimerEvent: {}
[212.050443] (-) TimerEvent: {}
[212.099297] (ei_whistle_cpp) StdoutLine: {'line': b'[ 59%] \x1b[32mBuilding CXX object CMakeFiles/whistle_node.dir/edge-impulse-sdk/tensorflow/lite/micro/kernels/read_variable.cc.o\x1b[0m\n'}
[212.150719] (-) TimerEvent: {}
[212.252367] (-) TimerEvent: {}
[212.354423] (-) TimerEvent: {}
[212.372821] (ei_whistle_cpp) StdoutLine: {'line': b'[ 60%] \x1b[32mBuilding CXX object CMakeFiles/whistle_node.dir/edge-impulse-sdk/tensorflow/lite/micro/kernels/real.cc.o\x1b[0m\n'}
[212.454763] (-) TimerEvent: {}
[212.557565] (-) TimerEvent: {}
[212.659857] (-) TimerEvent: {}
[212.762835] (-) TimerEvent: {}
[212.865444] (-) TimerEvent: {}
[212.967846] (-) TimerEvent: {}
[213.070334] (-) TimerEvent: {}
[213.172939] (-) TimerEvent: {}
[213.275117] (-) TimerEvent: {}
[213.377201] (-) TimerEvent: {}
[213.479429] (-) TimerEvent: {}
[213.581703] (-) TimerEvent: {}
[213.684000] (-) TimerEvent: {}
[213.786332] (-) TimerEvent: {}
[213.888815] (-) TimerEvent: {}
[213.991317] (-) TimerEvent: {}
[214.093567] (-) TimerEvent: {}
[214.195356] (-) TimerEvent: {}
[214.297056] (-) TimerEvent: {}
[214.399055] (-) TimerEvent: {}
[214.501270] (-) TimerEvent: {}
[214.603720] (-) TimerEvent: {}
[214.705504] (-) TimerEvent: {}
[214.767457] (ei_whistle_cpp) StdoutLine: {'line': b'[ 60%] \x1b[32mBuilding CXX object CMakeFiles/whistle_node.dir/edge-impulse-sdk/tensorflow/lite/micro/kernels/reduce.cc.o\x1b[0m\n'}
[214.805732] (-) TimerEvent: {}
[214.907384] (-) TimerEvent: {}
[215.009078] (-) TimerEvent: {}
[215.110703] (-) TimerEvent: {}
[215.212191] (-) TimerEvent: {}
[215.313713] (-) TimerEvent: {}
[215.415384] (-) TimerEvent: {}
[215.517217] (-) TimerEvent: {}
[215.618973] (-) TimerEvent: {}
[215.720583] (-) TimerEvent: {}
[215.822306] (-) TimerEvent: {}
[215.923945] (-) TimerEvent: {}
[216.025590] (-) TimerEvent: {}
[216.127217] (-) TimerEvent: {}
[216.228851] (-) TimerEvent: {}
[216.330588] (-) TimerEvent: {}
[216.433253] (-) TimerEvent: {}
[216.535719] (-) TimerEvent: {}
[216.638504] (-) TimerEvent: {}
[216.741111] (-) TimerEvent: {}
[216.843613] (-) TimerEvent: {}
[216.946505] (-) TimerEvent: {}
[217.049170] (-) TimerEvent: {}
[217.151732] (-) TimerEvent: {}
[217.254452] (-) TimerEvent: {}
[217.356894] (-) TimerEvent: {}
[217.459660] (-) TimerEvent: {}
[217.569232] (-) TimerEvent: {}
[217.676123] (-) TimerEvent: {}
[217.778856] (-) TimerEvent: {}
[217.881432] (-) TimerEvent: {}
[217.983972] (-) TimerEvent: {}
[218.086620] (-) TimerEvent: {}
[218.189224] (-) TimerEvent: {}
[218.291917] (-) TimerEvent: {}
[218.394534] (-) TimerEvent: {}
[218.497149] (-) TimerEvent: {}
[218.600082] (-) TimerEvent: {}
[218.703163] (-) TimerEvent: {}
[218.797739] (ei_whistle_cpp) StdoutLine: {'line': b'[ 61%] \x1b[32mBuilding CXX object CMakeFiles/whistle_node.dir/edge-impulse-sdk/tensorflow/lite/micro/kernels/reduce_common.cc.o\x1b[0m\n'}
[218.804021] (-) TimerEvent: {}
[218.907645] (-) TimerEvent: {}
[219.012896] (-) TimerEvent: {}
[219.114033] (-) TimerEvent: {}
[219.216281] (-) TimerEvent: {}
[219.259806] (ei_whistle_cpp) StdoutLine: {'line': b'[ 62%] \x1b[32mBuilding CXX object CMakeFiles/whistle_node.dir/edge-impulse-sdk/tensorflow/lite/micro/kernels/reshape.cc.o\x1b[0m\n'}
[219.316761] (-) TimerEvent: {}
[219.419398] (-) TimerEvent: {}
[219.520939] (-) TimerEvent: {}
[219.631335] (-) TimerEvent: {}
[219.732950] (-) TimerEvent: {}
[219.834693] (-) TimerEvent: {}
[219.936468] (-) TimerEvent: {}
[220.038317] (-) TimerEvent: {}
[220.140311] (-) TimerEvent: {}
[220.241989] (-) TimerEvent: {}
[220.343760] (-) TimerEvent: {}
[220.445884] (-) TimerEvent: {}
[220.547577] (-) TimerEvent: {}
[220.649307] (-) TimerEvent: {}
[220.751210] (-) TimerEvent: {}
[220.853657] (-) TimerEvent: {}
[220.956453] (-) TimerEvent: {}
[221.058972] (-) TimerEvent: {}
[221.161561] (-) TimerEvent: {}
[221.264091] (-) TimerEvent: {}
[221.366650] (-) TimerEvent: {}
[221.469436] (-) TimerEvent: {}
[221.572039] (-) TimerEvent: {}
[221.674918] (-) TimerEvent: {}
[221.777334] (-) TimerEvent: {}
[221.879761] (-) TimerEvent: {}
[221.982162] (-) TimerEvent: {}
[222.084695] (-) TimerEvent: {}
[222.187160] (-) TimerEvent: {}
[222.289630] (-) TimerEvent: {}
[222.392200] (-) TimerEvent: {}
[222.494922] (-) TimerEvent: {}
[222.602079] (-) TimerEvent: {}
[222.704676] (-) TimerEvent: {}
[222.810267] (-) TimerEvent: {}
[222.858706] (ei_whistle_cpp) StdoutLine: {'line': b'[ 62%] \x1b[32mBuilding CXX object CMakeFiles/whistle_node.dir/edge-impulse-sdk/tensorflow/lite/micro/kernels/resize_bilinear.cc.o\x1b[0m\n'}
[222.910560] (-) TimerEvent: {}
[223.012316] (-) TimerEvent: {}
[223.113857] (-) TimerEvent: {}
[223.215275] (-) TimerEvent: {}
[223.316757] (-) TimerEvent: {}
[223.419171] (-) TimerEvent: {}
[223.521816] (-) TimerEvent: {}
[223.624314] (-) TimerEvent: {}
[223.725823] (-) TimerEvent: {}
[223.827327] (-) TimerEvent: {}
[223.929071] (-) TimerEvent: {}
[224.032528] (-) TimerEvent: {}
[224.136458] (-) TimerEvent: {}
[224.238300] (-) TimerEvent: {}
[224.340023] (-) TimerEvent: {}
[224.441771] (-) TimerEvent: {}
[224.544613] (-) TimerEvent: {}
[224.647395] (-) TimerEvent: {}
[224.749067] (-) TimerEvent: {}
[224.850968] (-) TimerEvent: {}
[224.952891] (-) TimerEvent: {}
[225.054650] (-) TimerEvent: {}
[225.156757] (-) TimerEvent: {}
[225.258523] (-) TimerEvent: {}
[225.360168] (-) TimerEvent: {}
[225.462009] (-) TimerEvent: {}
[225.563709] (-) TimerEvent: {}
[225.665367] (-) TimerEvent: {}
[225.767149] (-) TimerEvent: {}
[225.868683] (-) TimerEvent: {}
[225.970491] (-) TimerEvent: {}
[226.072332] (-) TimerEvent: {}
[226.173943] (-) TimerEvent: {}
[226.275485] (-) TimerEvent: {}
[226.377061] (-) TimerEvent: {}
[226.478985] (-) TimerEvent: {}
[226.580706] (-) TimerEvent: {}
[226.682534] (-) TimerEvent: {}
[226.784197] (-) TimerEvent: {}
[226.885835] (-) TimerEvent: {}
[226.987519] (-) TimerEvent: {}
[227.089712] (-) TimerEvent: {}
[227.191600] (-) TimerEvent: {}
[227.293270] (-) TimerEvent: {}
[227.394953] (-) TimerEvent: {}
[227.497681] (-) TimerEvent: {}
[227.599409] (-) TimerEvent: {}
[227.701921] (-) TimerEvent: {}
[227.803787] (-) TimerEvent: {}
[227.858883] (ei_whistle_cpp) StdoutLine: {'line': b'[ 63%] \x1b[32mBuilding CXX object CMakeFiles/whistle_node.dir/edge-impulse-sdk/tensorflow/lite/micro/kernels/resize_nearest_neighbor.cc.o\x1b[0m\n'}
[227.904076] (-) TimerEvent: {}
[228.005837] (-) TimerEvent: {}
[228.107559] (-) TimerEvent: {}
[228.209233] (-) TimerEvent: {}
[228.310707] (-) TimerEvent: {}
[228.412223] (-) TimerEvent: {}
[228.513861] (-) TimerEvent: {}
[228.615473] (-) TimerEvent: {}
[228.716968] (-) TimerEvent: {}
[228.819041] (-) TimerEvent: {}
[228.922745] (-) TimerEvent: {}
[229.025057] (-) TimerEvent: {}
[229.128405] (-) TimerEvent: {}
[229.230077] (-) TimerEvent: {}
[229.331762] (-) TimerEvent: {}
[229.433405] (-) TimerEvent: {}
[229.535118] (-) TimerEvent: {}
[229.636968] (-) TimerEvent: {}
[229.712882] (ei_whistle_cpp) StdoutLine: {'line': b'[ 63%] \x1b[32mBuilding CXX object CMakeFiles/whistle_node.dir/edge-impulse-sdk/tensorflow/lite/micro/kernels/rfft2d.cc.o\x1b[0m\n'}
[229.737339] (-) TimerEvent: {}
[229.839204] (-) TimerEvent: {}
[229.941077] (-) TimerEvent: {}
[230.042682] (-) TimerEvent: {}
[230.144240] (-) TimerEvent: {}
[230.245958] (-) TimerEvent: {}
[230.347637] (-) TimerEvent: {}
[230.449237] (-) TimerEvent: {}
[230.550823] (-) TimerEvent: {}
[230.652511] (-) TimerEvent: {}
[230.754299] (-) TimerEvent: {}
[230.855849] (-) TimerEvent: {}
[230.957680] (-) TimerEvent: {}
[231.059393] (-) TimerEvent: {}
[231.161208] (-) TimerEvent: {}
[231.262789] (-) TimerEvent: {}
[231.364477] (-) TimerEvent: {}
[231.466281] (-) TimerEvent: {}
[231.567937] (-) TimerEvent: {}
[231.669550] (-) TimerEvent: {}
[231.771254] (-) TimerEvent: {}
[231.872878] (-) TimerEvent: {}
[231.974577] (-) TimerEvent: {}
[232.076411] (-) TimerEvent: {}
[232.178101] (-) TimerEvent: {}
[232.279770] (-) TimerEvent: {}
[232.381457] (-) TimerEvent: {}
[232.483877] (-) TimerEvent: {}
[232.585649] (-) TimerEvent: {}
[232.687000] (-) TimerEvent: {}
[232.792015] (-) TimerEvent: {}
[232.894082] (-) TimerEvent: {}
[232.996838] (-) TimerEvent: {}
[233.099548] (-) TimerEvent: {}
[233.202095] (-) TimerEvent: {}
[233.303764] (-) TimerEvent: {}
[233.321398] (ei_whistle_cpp) StdoutLine: {'line': b'[ 64%] \x1b[32mBuilding CXX object CMakeFiles/whistle_node.dir/edge-impulse-sdk/tensorflow/lite/micro/kernels/round.cc.o\x1b[0m\n'}
[233.404043] (-) TimerEvent: {}
[233.505770] (-) TimerEvent: {}
[233.607721] (-) TimerEvent: {}
[233.709914] (-) TimerEvent: {}
[233.811655] (-) TimerEvent: {}
[233.914068] (-) TimerEvent: {}
[234.016807] (-) TimerEvent: {}
[234.118996] (-) TimerEvent: {}
[234.221692] (-) TimerEvent: {}
[234.323207] (-) TimerEvent: {}
[234.424884] (-) TimerEvent: {}
[234.427284] (ei_whistle_cpp) StdoutLine: {'line': b'[ 65%] \x1b[32mBuilding CXX object CMakeFiles/whistle_node.dir/edge-impulse-sdk/tensorflow/lite/micro/kernels/scatter_nd.cc.o\x1b[0m\n'}
[234.525139] (-) TimerEvent: {}
[234.626637] (-) TimerEvent: {}
[234.728390] (-) TimerEvent: {}
[234.836992] (-) TimerEvent: {}
[234.941291] (-) TimerEvent: {}
[235.042844] (-) TimerEvent: {}
[235.144337] (-) TimerEvent: {}
[235.246104] (-) TimerEvent: {}
[235.347579] (-) TimerEvent: {}
[235.449190] (-) TimerEvent: {}
[235.550882] (-) TimerEvent: {}
[235.652560] (-) TimerEvent: {}
[235.754121] (-) TimerEvent: {}
[235.855701] (-) TimerEvent: {}
[235.957495] (-) TimerEvent: {}
[236.059164] (-) TimerEvent: {}
[236.160776] (-) TimerEvent: {}
[236.262299] (-) TimerEvent: {}
[236.363979] (-) TimerEvent: {}
[236.465483] (-) TimerEvent: {}
[236.568297] (-) TimerEvent: {}
[236.671135] (-) TimerEvent: {}
[236.772315] (-) TimerEvent: {}
[236.873809] (-) TimerEvent: {}
[236.974958] (-) TimerEvent: {}
[237.076176] (-) TimerEvent: {}
[237.177593] (-) TimerEvent: {}
[237.278956] (-) TimerEvent: {}
[237.380150] (-) TimerEvent: {}
[237.481424] (-) TimerEvent: {}
[237.589290] (-) TimerEvent: {}
[237.691707] (-) TimerEvent: {}
[237.792875] (-) TimerEvent: {}
[237.894018] (-) TimerEvent: {}
[237.995223] (-) TimerEvent: {}
[238.096393] (-) TimerEvent: {}
[238.197640] (-) TimerEvent: {}
[238.299056] (-) TimerEvent: {}
[238.400299] (-) TimerEvent: {}
[238.501605] (-) TimerEvent: {}
[238.602885] (-) TimerEvent: {}
[238.704058] (-) TimerEvent: {}
[238.807601] (-) TimerEvent: {}
[238.908803] (-) TimerEvent: {}
[239.009930] (-) TimerEvent: {}
[239.110885] (-) TimerEvent: {}
[239.211892] (-) TimerEvent: {}
[239.312833] (-) TimerEvent: {}
[239.413748] (-) TimerEvent: {}
[239.514907] (-) TimerEvent: {}
[239.616118] (-) TimerEvent: {}
[239.717126] (-) TimerEvent: {}
[239.818059] (-) TimerEvent: {}
[239.919227] (-) TimerEvent: {}
[240.020101] (-) TimerEvent: {}
[240.120957] (-) TimerEvent: {}
[240.221868] (-) TimerEvent: {}
[240.322739] (-) TimerEvent: {}
[240.423647] (-) TimerEvent: {}
[240.524530] (-) TimerEvent: {}
[240.625456] (-) TimerEvent: {}
[240.726374] (-) TimerEvent: {}
[240.827228] (-) TimerEvent: {}
[240.928094] (-) TimerEvent: {}
[241.029048] (-) TimerEvent: {}
[241.130032] (-) TimerEvent: {}
[241.230908] (-) TimerEvent: {}
[241.331785] (-) TimerEvent: {}
[241.432656] (-) TimerEvent: {}
[241.533581] (-) TimerEvent: {}
[241.634376] (-) TimerEvent: {}
[241.674394] (ei_whistle_cpp) StdoutLine: {'line': b'[ 65%] \x1b[32mBuilding CXX object CMakeFiles/whistle_node.dir/edge-impulse-sdk/tensorflow/lite/micro/kernels/select.cc.o\x1b[0m\n'}
[241.730302] (ei_whistle_cpp) StdoutLine: {'line': b'[ 66%] \x1b[32mBuilding CXX object CMakeFiles/whistle_node.dir/edge-impulse-sdk/tensorflow/lite/micro/kernels/scratch_buffers.cc.o\x1b[0m\n'}
[241.734571] (-) TimerEvent: {}
[241.836744] (-) TimerEvent: {}
[241.882061] (ei_whistle_cpp) StdoutLine: {'line': b'[ 66%] \x1b[32mBuilding CXX object CMakeFiles/whistle_node.dir/edge-impulse-sdk/tensorflow/lite/micro/kernels/scratch_buf_mgr.cc.o\x1b[0m\n'}
[241.936971] (-) TimerEvent: {}
[241.946348] (ei_whistle_cpp) StdoutLine: {'line': b'[ 67%] \x1b[32mBuilding CXX object CMakeFiles/whistle_node.dir/edge-impulse-sdk/tensorflow/lite/micro/kernels/shape.cc.o\x1b[0m\n'}
[242.033215] (ei_whistle_cpp) StdoutLine: {'line': b'[ 68%] \x1b[32mBuilding CXX object CMakeFiles/whistle_node.dir/edge-impulse-sdk/tensorflow/lite/micro/kernels/slice.cc.o\x1b[0m\n'}
[242.037789] (-) TimerEvent: {}
[242.139443] (-) TimerEvent: {}
[242.241222] (-) TimerEvent: {}
[242.343518] (-) TimerEvent: {}
[242.445608] (-) TimerEvent: {}
[242.552218] (-) TimerEvent: {}
[242.653418] (-) TimerEvent: {}
[242.755466] (-) TimerEvent: {}
[242.857382] (-) TimerEvent: {}
[242.958968] (-) TimerEvent: {}
[243.060871] (-) TimerEvent: {}
[243.096242] (ei_whistle_cpp) StdoutLine: {'line': b'[ 68%] \x1b[32mBuilding CXX object CMakeFiles/whistle_node.dir/edge-impulse-sdk/tensorflow/lite/micro/kernels/softmax.cc.o\x1b[0m\n'}
[243.161375] (-) TimerEvent: {}
[243.264671] (-) TimerEvent: {}
[243.367300] (-) TimerEvent: {}
[243.469654] (-) TimerEvent: {}
[243.572253] (-) TimerEvent: {}
[243.678168] (-) TimerEvent: {}
[243.781272] (-) TimerEvent: {}
[243.884061] (-) TimerEvent: {}
[243.985968] (-) TimerEvent: {}
[244.087635] (-) TimerEvent: {}
[244.189423] (-) TimerEvent: {}
[244.291144] (-) TimerEvent: {}
[244.392834] (-) TimerEvent: {}
[244.494963] (-) TimerEvent: {}
[244.596938] (-) TimerEvent: {}
[244.698851] (-) TimerEvent: {}
[244.800463] (-) TimerEvent: {}
[244.902173] (-) TimerEvent: {}
[245.004130] (-) TimerEvent: {}
[245.106103] (-) TimerEvent: {}
[245.207899] (-) TimerEvent: {}
[245.309580] (-) TimerEvent: {}
[245.411503] (-) TimerEvent: {}
[245.514072] (-) TimerEvent: {}
[245.616378] (-) TimerEvent: {}
[245.718143] (-) TimerEvent: {}
[245.819864] (-) TimerEvent: {}
[245.922192] (-) TimerEvent: {}
[246.024664] (-) TimerEvent: {}
[246.126592] (-) TimerEvent: {}
[246.228293] (-) TimerEvent: {}
[246.330109] (-) TimerEvent: {}
[246.431935] (-) TimerEvent: {}
[246.533816] (-) TimerEvent: {}
[246.635571] (-) TimerEvent: {}
[246.737205] (-) TimerEvent: {}
[246.838971] (-) TimerEvent: {}
[246.941344] (-) TimerEvent: {}
[247.043032] (-) TimerEvent: {}
[247.144854] (-) TimerEvent: {}
[247.247215] (-) TimerEvent: {}
[247.350239] (-) TimerEvent: {}
[247.452734] (-) TimerEvent: {}
[247.555249] (-) TimerEvent: {}
[247.620163] (ei_whistle_cpp) StdoutLine: {'line': b'[ 69%] \x1b[32mBuilding CXX object CMakeFiles/whistle_node.dir/edge-impulse-sdk/tensorflow/lite/micro/kernels/softmax_common.cc.o\x1b[0m\n'}
[247.657187] (-) TimerEvent: {}
[247.758977] (-) TimerEvent: {}
[247.861796] (-) TimerEvent: {}
[247.965205] (-) TimerEvent: {}
[248.067644] (-) TimerEvent: {}
[248.170700] (-) TimerEvent: {}
[248.273406] (-) TimerEvent: {}
[248.375984] (-) TimerEvent: {}
[248.478575] (-) TimerEvent: {}
[248.581214] (-) TimerEvent: {}
[248.684105] (-) TimerEvent: {}
[248.786594] (-) TimerEvent: {}
[248.888254] (-) TimerEvent: {}
[248.991194] (-) TimerEvent: {}
[249.092924] (-) TimerEvent: {}
[249.194784] (-) TimerEvent: {}
[249.296517] (-) TimerEvent: {}
[249.398272] (-) TimerEvent: {}
[249.500242] (-) TimerEvent: {}
[249.602087] (-) TimerEvent: {}
[249.703717] (-) TimerEvent: {}
[249.805608] (-) TimerEvent: {}
[249.907254] (-) TimerEvent: {}
[250.008975] (-) TimerEvent: {}
[250.111407] (-) TimerEvent: {}
[250.146815] (ei_whistle_cpp) StdoutLine: {'line': b'[ 69%] \x1b[32mBuilding CXX object CMakeFiles/whistle_node.dir/edge-impulse-sdk/tensorflow/lite/micro/kernels/space_to_batch_nd.cc.o\x1b[0m\n'}
[250.211684] (-) TimerEvent: {}
[250.313377] (-) TimerEvent: {}
[250.415144] (-) TimerEvent: {}
[250.516754] (-) TimerEvent: {}
[250.619276] (-) TimerEvent: {}
[250.721108] (-) TimerEvent: {}
[250.822776] (-) TimerEvent: {}
[250.924983] (-) TimerEvent: {}
[251.027069] (-) TimerEvent: {}
[251.128860] (-) TimerEvent: {}
[251.231217] (-) TimerEvent: {}
[251.332980] (-) TimerEvent: {}
[251.434965] (-) TimerEvent: {}
[251.514703] (ei_whistle_cpp) StdoutLine: {'line': b'[ 70%] \x1b[32mBuilding CXX object CMakeFiles/whistle_node.dir/edge-impulse-sdk/tensorflow/lite/micro/kernels/space_to_depth.cc.o\x1b[0m\n'}
[251.535202] (-) TimerEvent: {}
[251.636766] (-) TimerEvent: {}
[251.738278] (-) TimerEvent: {}
[251.839841] (-) TimerEvent: {}
[251.941430] (-) TimerEvent: {}
[252.043003] (-) TimerEvent: {}
[252.144617] (-) TimerEvent: {}
[252.246259] (-) TimerEvent: {}
[252.347883] (-) TimerEvent: {}
[252.449543] (-) TimerEvent: {}
[252.551061] (-) TimerEvent: {}
[252.652663] (-) TimerEvent: {}
[252.756047] (-) TimerEvent: {}
[252.864354] (-) TimerEvent: {}
[252.967088] (-) TimerEvent: {}
[253.069746] (-) TimerEvent: {}
[253.172266] (-) TimerEvent: {}
[253.275298] (-) TimerEvent: {}
[253.378216] (-) TimerEvent: {}
[253.480845] (-) TimerEvent: {}
[253.583370] (-) TimerEvent: {}
[253.686291] (-) TimerEvent: {}
[253.789247] (-) TimerEvent: {}
[253.892681] (-) TimerEvent: {}
[253.996137] (-) TimerEvent: {}
[254.097896] (-) TimerEvent: {}
[254.199641] (-) TimerEvent: {}
[254.301428] (-) TimerEvent: {}
[254.403192] (-) TimerEvent: {}
[254.505132] (-) TimerEvent: {}
[254.606852] (-) TimerEvent: {}
[254.708580] (-) TimerEvent: {}
[254.810561] (-) TimerEvent: {}
[254.912437] (-) TimerEvent: {}
[255.014243] (-) TimerEvent: {}
[255.116092] (-) TimerEvent: {}
[255.217987] (-) TimerEvent: {}
[255.319805] (-) TimerEvent: {}
[255.422233] (-) TimerEvent: {}
[255.524533] (-) TimerEvent: {}
[255.626785] (-) TimerEvent: {}
[255.728550] (-) TimerEvent: {}
[255.830515] (-) TimerEvent: {}
[255.891469] (ei_whistle_cpp) StdoutLine: {'line': b'[ 71%] \x1b[32mBuilding CXX object CMakeFiles/whistle_node.dir/edge-impulse-sdk/tensorflow/lite/micro/kernels/split.cc.o\x1b[0m\n'}
[255.930780] (-) TimerEvent: {}
[256.033902] (-) TimerEvent: {}
[256.136832] (-) TimerEvent: {}
[256.239874] (-) TimerEvent: {}
[256.342897] (-) TimerEvent: {}
[256.445968] (-) TimerEvent: {}
[256.548437] (-) TimerEvent: {}
[256.650239] (-) TimerEvent: {}
[256.752213] (-) TimerEvent: {}
[256.854984] (-) TimerEvent: {}
[256.958658] (-) TimerEvent: {}
[256.986245] (ei_whistle_cpp) StdoutLine: {'line': b'[ 71%] \x1b[32mBuilding CXX object CMakeFiles/whistle_node.dir/edge-impulse-sdk/tensorflow/lite/micro/kernels/split_v.cc.o\x1b[0m\n'}
[257.058904] (-) TimerEvent: {}
[257.160359] (-) TimerEvent: {}
[257.262422] (-) TimerEvent: {}
[257.364001] (-) TimerEvent: {}
[257.465440] (-) TimerEvent: {}
[257.566937] (-) TimerEvent: {}
[257.669444] (-) TimerEvent: {}
[257.771155] (-) TimerEvent: {}
[257.872740] (-) TimerEvent: {}
[257.974343] (-) TimerEvent: {}
[258.075877] (-) TimerEvent: {}
[258.177532] (-) TimerEvent: {}
[258.279440] (-) TimerEvent: {}
[258.382676] (-) TimerEvent: {}
[258.432904] (ei_whistle_cpp) StdoutLine: {'line': b'[ 72%] \x1b[32mBuilding CXX object CMakeFiles/whistle_node.dir/edge-impulse-sdk/tensorflow/lite/micro/kernels/squared_difference.cc.o\x1b[0m\n'}
[258.482944] (-) TimerEvent: {}
[258.585588] (-) TimerEvent: {}
[258.687840] (-) TimerEvent: {}
[258.790326] (-) TimerEvent: {}
[258.892756] (-) TimerEvent: {}
[258.994872] (-) TimerEvent: {}
[259.097326] (-) TimerEvent: {}
[259.199536] (-) TimerEvent: {}
[259.301961] (-) TimerEvent: {}
[259.405160] (-) TimerEvent: {}
[259.507380] (-) TimerEvent: {}
[259.608815] (-) TimerEvent: {}
[259.710336] (-) TimerEvent: {}
[259.811984] (-) TimerEvent: {}
[259.913846] (-) TimerEvent: {}
[260.015551] (-) TimerEvent: {}
[260.117231] (-) TimerEvent: {}
[260.218905] (-) TimerEvent: {}
[260.320637] (-) TimerEvent: {}
[260.423866] (-) TimerEvent: {}
[260.526266] (-) TimerEvent: {}
[260.627876] (-) TimerEvent: {}
[260.729638] (-) TimerEvent: {}
[260.831242] (-) TimerEvent: {}
[260.933105] (-) TimerEvent: {}
[261.034719] (-) TimerEvent: {}
[261.136413] (-) TimerEvent: {}
[261.238017] (-) TimerEvent: {}
[261.340449] (-) TimerEvent: {}
[261.442005] (-) TimerEvent: {}
[261.544447] (-) TimerEvent: {}
[261.646531] (-) TimerEvent: {}
[261.748986] (-) TimerEvent: {}
[261.851406] (-) TimerEvent: {}
[261.954108] (-) TimerEvent: {}
[262.056902] (-) TimerEvent: {}
[262.159964] (-) TimerEvent: {}
[262.261216] (-) TimerEvent: {}
[262.362490] (-) TimerEvent: {}
[262.463685] (-) TimerEvent: {}
[262.569854] (-) TimerEvent: {}
[262.671179] (-) TimerEvent: {}
[262.772193] (-) TimerEvent: {}
[262.873190] (-) TimerEvent: {}
[262.974117] (-) TimerEvent: {}
[263.075023] (-) TimerEvent: {}
[263.175909] (-) TimerEvent: {}
[263.276965] (-) TimerEvent: {}
[263.378041] (-) TimerEvent: {}
[263.479046] (-) TimerEvent: {}
[263.579898] (-) TimerEvent: {}
[263.680951] (-) TimerEvent: {}
[263.781844] (-) TimerEvent: {}
[263.882898] (-) TimerEvent: {}
[263.983770] (-) TimerEvent: {}
[264.084669] (-) TimerEvent: {}
[264.185531] (-) TimerEvent: {}
[264.286392] (-) TimerEvent: {}
[264.387258] (-) TimerEvent: {}
[264.488198] (-) TimerEvent: {}
[264.589140] (-) TimerEvent: {}
[264.690002] (-) TimerEvent: {}
[264.790878] (-) TimerEvent: {}
[264.891917] (-) TimerEvent: {}
[264.993221] (-) TimerEvent: {}
[265.094024] (-) TimerEvent: {}
[265.194911] (-) TimerEvent: {}
[265.295871] (-) TimerEvent: {}
[265.298502] (ei_whistle_cpp) StdoutLine: {'line': b'[ 73%] \x1b[32mBuilding CXX object CMakeFiles/whistle_node.dir/edge-impulse-sdk/tensorflow/lite/micro/kernels/sub.cc.o\x1b[0m\n'}
[265.396074] (-) TimerEvent: {}
[265.497263] (-) TimerEvent: {}
[265.598031] (-) TimerEvent: {}
[265.698772] (-) TimerEvent: {}
[265.799591] (-) TimerEvent: {}
[265.900439] (-) TimerEvent: {}
[266.001298] (-) TimerEvent: {}
[266.102169] (-) TimerEvent: {}
[266.202932] (-) TimerEvent: {}
[266.303765] (-) TimerEvent: {}
[266.348100] (ei_whistle_cpp) StdoutLine: {'line': b'[ 73%] \x1b[32mBuilding CXX object CMakeFiles/whistle_node.dir/edge-impulse-sdk/tensorflow/lite/micro/kernels/sub_common.cc.o\x1b[0m\n'}
[266.404028] (-) TimerEvent: {}
[266.504928] (-) TimerEvent: {}
[266.605997] (-) TimerEvent: {}
[266.706959] (-) TimerEvent: {}
[266.807955] (-) TimerEvent: {}
[266.908853] (-) TimerEvent: {}
[267.009872] (-) TimerEvent: {}
[267.110837] (-) TimerEvent: {}
[267.211746] (-) TimerEvent: {}
[267.312674] (-) TimerEvent: {}
[267.397148] (ei_whistle_cpp) StdoutLine: {'line': b'[ 74%] \x1b[32mBuilding CXX object CMakeFiles/whistle_node.dir/edge-impulse-sdk/tensorflow/lite/micro/kernels/strided_slice.cc.o\x1b[0m\n'}
[267.412924] (-) TimerEvent: {}
[267.521214] (-) TimerEvent: {}
[267.624405] (-) TimerEvent: {}
[267.725532] (-) TimerEvent: {}
[267.826619] (-) TimerEvent: {}
[267.927550] (-) TimerEvent: {}
[268.028664] (-) TimerEvent: {}
[268.129977] (-) TimerEvent: {}
[268.231597] (-) TimerEvent: {}
[268.332511] (-) TimerEvent: {}
[268.433529] (-) TimerEvent: {}
[268.455658] (ei_whistle_cpp) StdoutLine: {'line': b'[ 74%] \x1b[32mBuilding CXX object CMakeFiles/whistle_node.dir/edge-impulse-sdk/tensorflow/lite/micro/kernels/squeeze.cc.o\x1b[0m\n'}
[268.533769] (-) TimerEvent: {}
[268.636002] (-) TimerEvent: {}
[268.738285] (-) TimerEvent: {}
[268.840034] (-) TimerEvent: {}
[268.941595] (-) TimerEvent: {}
[269.043192] (-) TimerEvent: {}
[269.145069] (-) TimerEvent: {}
[269.246867] (-) TimerEvent: {}
[269.348562] (-) TimerEvent: {}
[269.450493] (-) TimerEvent: {}
[269.552084] (-) TimerEvent: {}
[269.653835] (-) TimerEvent: {}
[269.755297] (-) TimerEvent: {}
[269.856840] (-) TimerEvent: {}
[269.958338] (-) TimerEvent: {}
[270.059866] (-) TimerEvent: {}
[270.161600] (-) TimerEvent: {}
[270.263212] (-) TimerEvent: {}
[270.364725] (-) TimerEvent: {}
[270.466332] (-) TimerEvent: {}
[270.567870] (-) TimerEvent: {}
[270.669725] (-) TimerEvent: {}
[270.771289] (-) TimerEvent: {}
[270.873505] (-) TimerEvent: {}
[270.975276] (-) TimerEvent: {}
[271.076748] (-) TimerEvent: {}
[271.178431] (-) TimerEvent: {}
[271.280227] (-) TimerEvent: {}
[271.382096] (-) TimerEvent: {}
[271.483898] (-) TimerEvent: {}
[271.586833] (-) TimerEvent: {}
[271.688444] (-) TimerEvent: {}
[271.790091] (-) TimerEvent: {}
[271.891851] (-) TimerEvent: {}
[271.993452] (-) TimerEvent: {}
[272.094624] (-) TimerEvent: {}
[272.195767] (-) TimerEvent: {}
[272.299559] (-) TimerEvent: {}
[272.400827] (-) TimerEvent: {}
[272.501970] (-) TimerEvent: {}
[272.603017] (-) TimerEvent: {}
[272.705066] (-) TimerEvent: {}
[272.809892] (-) TimerEvent: {}
[272.826598] (ei_whistle_cpp) StdoutLine: {'line': b'[ 75%] \x1b[32mBuilding CXX object CMakeFiles/whistle_node.dir/edge-impulse-sdk/tensorflow/lite/micro/kernels/svdf.cc.o\x1b[0m\n'}
[272.910238] (-) TimerEvent: {}
[273.014037] (-) TimerEvent: {}
[273.116385] (-) TimerEvent: {}
[273.221228] (-) TimerEvent: {}
[273.322271] (-) TimerEvent: {}
[273.423496] (-) TimerEvent: {}
[273.525680] (-) TimerEvent: {}
[273.633241] (-) TimerEvent: {}
[273.737225] (-) TimerEvent: {}
[273.839854] (-) TimerEvent: {}
[273.945934] (-) TimerEvent: {}
[274.061250] (-) TimerEvent: {}
[274.165234] (-) TimerEvent: {}
[274.273228] (-) TimerEvent: {}
[274.377221] (-) TimerEvent: {}
[274.481250] (-) TimerEvent: {}
[274.585249] (-) TimerEvent: {}
[274.689221] (-) TimerEvent: {}
[274.793211] (-) TimerEvent: {}
[274.897248] (-) TimerEvent: {}
[275.001232] (-) TimerEvent: {}
[275.105251] (-) TimerEvent: {}
[275.209463] (-) TimerEvent: {}
[275.313229] (-) TimerEvent: {}
[275.411784] (ei_whistle_cpp) StdoutLine: {'line': b'[ 75%] \x1b[32mBuilding CXX object CMakeFiles/whistle_node.dir/edge-impulse-sdk/tensorflow/lite/micro/kernels/svdf_common.cc.o\x1b[0m\n'}
[275.417380] (-) TimerEvent: {}
[275.524616] (-) TimerEvent: {}
[275.627618] (-) TimerEvent: {}
[275.741652] (-) TimerEvent: {}
[275.848204] (-) TimerEvent: {}
[275.951043] (-) TimerEvent: {}
[276.053675] (-) TimerEvent: {}
[276.157821] (-) TimerEvent: {}
[276.260546] (-) TimerEvent: {}
[276.366264] (-) TimerEvent: {}
[276.469311] (-) TimerEvent: {}
[276.573311] (-) TimerEvent: {}
[276.677264] (-) TimerEvent: {}
[276.781228] (-) TimerEvent: {}
[276.886769] (-) TimerEvent: {}
[276.989212] (-) TimerEvent: {}
[277.097233] (-) TimerEvent: {}
[277.205320] (-) TimerEvent: {}
[277.309205] (-) TimerEvent: {}
[277.410328] (-) TimerEvent: {}
[277.513261] (-) TimerEvent: {}
[277.625465] (-) TimerEvent: {}
[277.729240] (-) TimerEvent: {}
[277.837606] (-) TimerEvent: {}
[277.938797] (-) TimerEvent: {}
[278.041469] (-) TimerEvent: {}
[278.149174] (-) TimerEvent: {}
[278.251601] (-) TimerEvent: {}
[278.354533] (-) TimerEvent: {}
[278.456655] (-) TimerEvent: {}
[278.558259] (-) TimerEvent: {}
[278.660782] (-) TimerEvent: {}
[278.763376] (-) TimerEvent: {}
[278.866020] (-) TimerEvent: {}
[278.968492] (-) TimerEvent: {}
[279.071197] (-) TimerEvent: {}
[279.174008] (-) TimerEvent: {}
[279.275921] (-) TimerEvent: {}
[279.378392] (-) TimerEvent: {}
[279.481259] (-) TimerEvent: {}
[279.583739] (-) TimerEvent: {}
[279.685528] (-) TimerEvent: {}
[279.787106] (-) TimerEvent: {}
[279.888887] (-) TimerEvent: {}
[279.990654] (-) TimerEvent: {}
[280.092273] (-) TimerEvent: {}
[280.194704] (-) TimerEvent: {}
[280.296824] (-) TimerEvent: {}
[280.398023] (-) TimerEvent: {}
[280.499304] (-) TimerEvent: {}
[280.600461] (-) TimerEvent: {}
[280.701672] (-) TimerEvent: {}
[280.804191] (-) TimerEvent: {}
[280.905683] (-) TimerEvent: {}
[281.007377] (-) TimerEvent: {}
[281.108596] (-) TimerEvent: {}
[281.209739] (-) TimerEvent: {}
[281.310985] (-) TimerEvent: {}
[281.412259] (-) TimerEvent: {}
[281.513513] (-) TimerEvent: {}
[281.614688] (-) TimerEvent: {}
[281.715848] (-) TimerEvent: {}
[281.817221] (-) TimerEvent: {}
[281.918505] (-) TimerEvent: {}
[282.020001] (-) TimerEvent: {}
[282.121544] (-) TimerEvent: {}
[282.223341] (-) TimerEvent: {}
[282.324694] (-) TimerEvent: {}
[282.426098] (-) TimerEvent: {}
[282.527127] (-) TimerEvent: {}
[282.628218] (-) TimerEvent: {}
[282.729209] (-) TimerEvent: {}
[282.830157] (-) TimerEvent: {}
[282.931184] (-) TimerEvent: {}
[283.032132] (-) TimerEvent: {}
[283.133156] (-) TimerEvent: {}
[283.234113] (-) TimerEvent: {}
[283.335064] (-) TimerEvent: {}
[283.436055] (-) TimerEvent: {}
[283.536992] (-) TimerEvent: {}
[283.637976] (-) TimerEvent: {}
[283.741963] (-) TimerEvent: {}
[283.842856] (-) TimerEvent: {}
[283.943783] (-) TimerEvent: {}
[284.044809] (-) TimerEvent: {}
[284.145951] (-) TimerEvent: {}
[284.246892] (-) TimerEvent: {}
[284.347858] (-) TimerEvent: {}
[284.448700] (-) TimerEvent: {}
[284.549606] (-) TimerEvent: {}
[284.650478] (-) TimerEvent: {}
[284.751387] (-) TimerEvent: {}
[284.852277] (-) TimerEvent: {}
[284.953186] (-) TimerEvent: {}
[285.054052] (-) TimerEvent: {}
[285.154904] (-) TimerEvent: {}
[285.255902] (-) TimerEvent: {}
[285.356795] (-) TimerEvent: {}
[285.457773] (-) TimerEvent: {}
[285.558615] (-) TimerEvent: {}
[285.659514] (-) TimerEvent: {}
[285.760382] (-) TimerEvent: {}
[285.861256] (-) TimerEvent: {}
[285.962273] (-) TimerEvent: {}
[286.063174] (-) TimerEvent: {}
[286.164028] (-) TimerEvent: {}
[286.264885] (-) TimerEvent: {}
[286.365781] (-) TimerEvent: {}
[286.466682] (-) TimerEvent: {}
[286.567532] (-) TimerEvent: {}
[286.668396] (-) TimerEvent: {}
[286.769309] (-) TimerEvent: {}
[286.870219] (-) TimerEvent: {}
[286.971150] (-) TimerEvent: {}
[287.072027] (-) TimerEvent: {}
[287.172867] (-) TimerEvent: {}
[287.273759] (-) TimerEvent: {}
[287.374718] (-) TimerEvent: {}
[287.475626] (-) TimerEvent: {}
[287.576589] (-) TimerEvent: {}
[287.677626] (-) TimerEvent: {}
[287.778926] (-) TimerEvent: {}
[287.880062] (-) TimerEvent: {}
[287.981045] (-) TimerEvent: {}
[288.082046] (-) TimerEvent: {}
[288.164060] (ei_whistle_cpp) StdoutLine: {'line': b'[ 75%] \x1b[32mBuilding CXX object CMakeFiles/whistle_node.dir/edge-impulse-sdk/tensorflow/lite/micro/kernels/topk_v2.cc.o\x1b[0m\n'}
[288.182226] (-) TimerEvent: {}
[288.283138] (-) TimerEvent: {}
[288.384017] (-) TimerEvent: {}
[288.484858] (-) TimerEvent: {}
[288.585726] (-) TimerEvent: {}
[288.686476] (-) TimerEvent: {}
[288.787364] (-) TimerEvent: {}
[288.888579] (-) TimerEvent: {}
[288.989517] (-) TimerEvent: {}
[289.090322] (-) TimerEvent: {}
[289.191248] (-) TimerEvent: {}
[289.292230] (-) TimerEvent: {}
[289.393156] (-) TimerEvent: {}
[289.494143] (-) TimerEvent: {}
[289.595121] (-) TimerEvent: {}
[289.696217] (-) TimerEvent: {}
[289.797196] (-) TimerEvent: {}
[289.898185] (-) TimerEvent: {}
[289.999119] (-) TimerEvent: {}
[290.100151] (-) TimerEvent: {}
[290.201040] (-) TimerEvent: {}
[290.301870] (-) TimerEvent: {}
[290.402732] (-) TimerEvent: {}
[290.503688] (-) TimerEvent: {}
[290.604551] (-) TimerEvent: {}
[290.705564] (-) TimerEvent: {}
[290.806421] (-) TimerEvent: {}
[290.907345] (-) TimerEvent: {}
[291.008201] (-) TimerEvent: {}
[291.109208] (-) TimerEvent: {}
[291.210050] (-) TimerEvent: {}
[291.310959] (-) TimerEvent: {}
[291.411845] (-) TimerEvent: {}
[291.512719] (-) TimerEvent: {}
[291.613699] (-) TimerEvent: {}
[291.714623] (-) TimerEvent: {}
[291.815471] (-) TimerEvent: {}
[291.916311] (-) TimerEvent: {}
[292.017174] (-) TimerEvent: {}
[292.118015] (-) TimerEvent: {}
[292.216211] (ei_whistle_cpp) StdoutLine: {'line': b'[ 76%] \x1b[32mBuilding CXX object CMakeFiles/whistle_node.dir/edge-impulse-sdk/tensorflow/lite/micro/kernels/transpose.cc.o\x1b[0m\n'}
[292.218242] (-) TimerEvent: {}
[292.320655] (-) TimerEvent: {}
[292.422174] (-) TimerEvent: {}
[292.523168] (-) TimerEvent: {}
[292.625409] (-) TimerEvent: {}
[292.726296] (-) TimerEvent: {}
[292.827105] (-) TimerEvent: {}
[292.928010] (-) TimerEvent: {}
[293.028979] (-) TimerEvent: {}
[293.129845] (-) TimerEvent: {}
[293.230721] (-) TimerEvent: {}
[293.274139] (ei_whistle_cpp) StdoutLine: {'line': b'[ 77%] \x1b[32mBuilding CXX object CMakeFiles/whistle_node.dir/edge-impulse-sdk/tensorflow/lite/micro/kernels/tile.cc.o\x1b[0m\n'}
[293.330997] (-) TimerEvent: {}
[293.433599] (-) TimerEvent: {}
[293.537602] (-) TimerEvent: {}
[293.639017] (-) TimerEvent: {}
[293.742541] (-) TimerEvent: {}
[293.843574] (-) TimerEvent: {}
[293.944793] (-) TimerEvent: {}
[294.046453] (-) TimerEvent: {}
[294.148555] (-) TimerEvent: {}
[294.251452] (-) TimerEvent: {}
[294.341753] (ei_whistle_cpp) StdoutLine: {'line': b'[ 78%] \x1b[32mBuilding CXX object CMakeFiles/whistle_node.dir/edge-impulse-sdk/tensorflow/lite/micro/kernels/tanh.cc.o\x1b[0m\n'}
[294.351628] (-) TimerEvent: {}
[294.453235] (-) TimerEvent: {}
[294.554829] (-) TimerEvent: {}
[294.656423] (-) TimerEvent: {}
[294.758032] (-) TimerEvent: {}
[294.859728] (-) TimerEvent: {}
[294.961247] (-) TimerEvent: {}
[295.062939] (-) TimerEvent: {}
[295.164476] (-) TimerEvent: {}
[295.265938] (-) TimerEvent: {}
[295.367615] (-) TimerEvent: {}
[295.469186] (-) TimerEvent: {}
[295.517372] (ei_whistle_cpp) StdoutLine: {'line': b'[ 78%] \x1b[32mBuilding CXX object CMakeFiles/whistle_node.dir/edge-impulse-sdk/tensorflow/lite/micro/kernels/transpose_conv.cc.o\x1b[0m\n'}
[295.569453] (-) TimerEvent: {}
[295.671124] (-) TimerEvent: {}
[295.772845] (-) TimerEvent: {}
[295.874335] (-) TimerEvent: {}
[295.976393] (-) TimerEvent: {}
[296.078009] (-) TimerEvent: {}
[296.179479] (-) TimerEvent: {}
[296.290071] (-) TimerEvent: {}
[296.392672] (-) TimerEvent: {}
[296.495041] (-) TimerEvent: {}
[296.597366] (-) TimerEvent: {}
[296.699861] (-) TimerEvent: {}
[296.802063] (-) TimerEvent: {}
[296.904258] (-) TimerEvent: {}
[297.006767] (-) TimerEvent: {}
[297.109226] (-) TimerEvent: {}
[297.210828] (-) TimerEvent: {}
[297.313334] (-) TimerEvent: {}
[297.416045] (-) TimerEvent: {}
[297.525392] (-) TimerEvent: {}
[297.630056] (-) TimerEvent: {}
[297.735993] (-) TimerEvent: {}
[297.837204] (-) TimerEvent: {}
[297.938366] (-) TimerEvent: {}
[298.039506] (-) TimerEvent: {}
[298.140678] (-) TimerEvent: {}
[298.241910] (-) TimerEvent: {}
[298.343292] (-) TimerEvent: {}
[298.444509] (-) TimerEvent: {}
[298.545746] (-) TimerEvent: {}
[298.646860] (-) TimerEvent: {}
[298.747903] (-) TimerEvent: {}
[298.849993] (-) TimerEvent: {}
[298.950893] (-) TimerEvent: {}
[299.051864] (-) TimerEvent: {}
[299.152829] (-) TimerEvent: {}
[299.253767] (-) TimerEvent: {}
[299.354699] (-) TimerEvent: {}
[299.455642] (-) TimerEvent: {}
[299.556725] (-) TimerEvent: {}
[299.657795] (-) TimerEvent: {}
[299.758891] (-) TimerEvent: {}
[299.859973] (-) TimerEvent: {}
[299.961138] (-) TimerEvent: {}
[300.062249] (-) TimerEvent: {}
[300.163344] (-) TimerEvent: {}
[300.264505] (-) TimerEvent: {}
[300.365623] (-) TimerEvent: {}
[300.466590] (-) TimerEvent: {}
[300.567635] (-) TimerEvent: {}
[300.668723] (-) TimerEvent: {}
[300.769848] (-) TimerEvent: {}
[300.872124] (-) TimerEvent: {}
[300.974396] (-) TimerEvent: {}
[301.076489] (-) TimerEvent: {}
[301.177488] (-) TimerEvent: {}
[301.278549] (-) TimerEvent: {}
[301.379542] (-) TimerEvent: {}
[301.480482] (-) TimerEvent: {}
[301.581543] (-) TimerEvent: {}
[301.682523] (-) TimerEvent: {}
[301.783478] (-) TimerEvent: {}
[301.884523] (-) TimerEvent: {}
[301.985925] (-) TimerEvent: {}
[302.086926] (-) TimerEvent: {}
[302.135079] (ei_whistle_cpp) StdoutLine: {'line': b'[ 78%] \x1b[32mBuilding CXX object CMakeFiles/whistle_node.dir/edge-impulse-sdk/tensorflow/lite/micro/kernels/unpack.cc.o\x1b[0m\n'}
[302.187121] (-) TimerEvent: {}
[302.288038] (-) TimerEvent: {}
[302.388832] (-) TimerEvent: {}
[302.489697] (-) TimerEvent: {}
[302.590565] (-) TimerEvent: {}
[302.691351] (-) TimerEvent: {}
[302.792125] (-) TimerEvent: {}
[302.892919] (-) TimerEvent: {}
[302.993876] (-) TimerEvent: {}
[303.094855] (-) TimerEvent: {}
[303.195740] (-) TimerEvent: {}
[303.296604] (-) TimerEvent: {}
[303.397540] (-) TimerEvent: {}
[303.498381] (-) TimerEvent: {}
[303.599306] (-) TimerEvent: {}
[303.700225] (-) TimerEvent: {}
[303.801222] (-) TimerEvent: {}
[303.902121] (-) TimerEvent: {}
[304.003061] (-) TimerEvent: {}
[304.103935] (-) TimerEvent: {}
[304.204937] (-) TimerEvent: {}
[304.305888] (-) TimerEvent: {}
[304.406784] (-) TimerEvent: {}
[304.507654] (-) TimerEvent: {}
[304.608665] (-) TimerEvent: {}
[304.709607] (-) TimerEvent: {}
[304.810444] (-) TimerEvent: {}
[304.911295] (-) TimerEvent: {}
[305.012246] (-) TimerEvent: {}
[305.113181] (-) TimerEvent: {}
[305.214056] (-) TimerEvent: {}
[305.314925] (-) TimerEvent: {}
[305.415774] (-) TimerEvent: {}
[305.516651] (-) TimerEvent: {}
[305.617625] (-) TimerEvent: {}
[305.718488] (-) TimerEvent: {}
[305.721913] (ei_whistle_cpp) StdoutLine: {'line': b'[ 79%] \x1b[32mBuilding CXX object CMakeFiles/whistle_node.dir/edge-impulse-sdk/tensorflow/lite/micro/kernels/var_handle.cc.o\x1b[0m\n'}
[305.818672] (-) TimerEvent: {}
[305.919417] (-) TimerEvent: {}
[306.020207] (-) TimerEvent: {}
[306.121063] (-) TimerEvent: {}
[306.221826] (-) TimerEvent: {}
[306.322579] (-) TimerEvent: {}
[306.423501] (-) TimerEvent: {}
[306.524333] (-) TimerEvent: {}
[306.625122] (-) TimerEvent: {}
[306.725889] (-) TimerEvent: {}
[306.767720] (ei_whistle_cpp) StdoutLine: {'line': b'[ 79%] \x1b[32mBuilding CXX object CMakeFiles/whistle_node.dir/edge-impulse-sdk/tensorflow/lite/micro/kernels/while.cc.o\x1b[0m\n'}
[306.826093] (-) TimerEvent: {}
[306.926943] (-) TimerEvent: {}
[307.029101] (-) TimerEvent: {}
[307.130454] (-) TimerEvent: {}
[307.231445] (-) TimerEvent: {}
[307.332415] (-) TimerEvent: {}
[307.433542] (-) TimerEvent: {}
[307.534911] (-) TimerEvent: {}
[307.635995] (-) TimerEvent: {}
[307.736921] (-) TimerEvent: {}
[307.817345] (ei_whistle_cpp) StdoutLine: {'line': b'[ 80%] \x1b[32mBuilding CXX object CMakeFiles/whistle_node.dir/edge-impulse-sdk/tensorflow/lite/micro/kernels/unidirectional_sequence_lstm.cc.o\x1b[0m\n'}
[307.837205] (-) TimerEvent: {}
[307.939447] (-) TimerEvent: {}
[308.042881] (-) TimerEvent: {}
[308.144378] (-) TimerEvent: {}
[308.246611] (-) TimerEvent: {}
[308.347657] (-) TimerEvent: {}
[308.448735] (-) TimerEvent: {}
[308.550218] (-) TimerEvent: {}
[308.651229] (-) TimerEvent: {}
[308.754890] (-) TimerEvent: {}
[308.856334] (-) TimerEvent: {}
[308.878754] (ei_whistle_cpp) StdoutLine: {'line': b'[ 81%] \x1b[32mBuilding CXX object CMakeFiles/whistle_node.dir/edge-impulse-sdk/tensorflow/lite/micro/kernels/tree_ensemble_classifier.cc.o\x1b[0m\n'}
[308.956590] (-) TimerEvent: {}
[309.059038] (-) TimerEvent: {}
[309.161661] (-) TimerEvent: {}
[309.264300] (-) TimerEvent: {}
[309.366889] (-) TimerEvent: {}
[309.469645] (-) TimerEvent: {}
[309.572323] (-) TimerEvent: {}
[309.674495] (-) TimerEvent: {}
[309.776587] (-) TimerEvent: {}
[309.877743] (-) TimerEvent: {}
[309.978841] (-) TimerEvent: {}
[310.081140] (-) TimerEvent: {}
[310.182949] (-) TimerEvent: {}
[310.284567] (-) TimerEvent: {}
[310.386851] (-) TimerEvent: {}
[310.488603] (-) TimerEvent: {}
[310.590256] (-) TimerEvent: {}
[310.692040] (-) TimerEvent: {}
[310.793679] (-) TimerEvent: {}
[310.895971] (-) TimerEvent: {}
[310.998153] (-) TimerEvent: {}
[311.100350] (-) TimerEvent: {}
[311.202199] (-) TimerEvent: {}
[311.303918] (-) TimerEvent: {}
[311.406331] (-) TimerEvent: {}
[311.516226] (-) TimerEvent: {}
[311.618437] (-) TimerEvent: {}
[311.721059] (-) TimerEvent: {}
[311.822814] (-) TimerEvent: {}
[311.924822] (-) TimerEvent: {}
[312.026567] (-) TimerEvent: {}
[312.129036] (-) TimerEvent: {}
[312.230876] (-) TimerEvent: {}
[312.333224] (-) TimerEvent: {}
[312.435209] (-) TimerEvent: {}
[312.537071] (-) TimerEvent: {}
[312.638658] (-) TimerEvent: {}
[312.739929] (-) TimerEvent: {}
[312.841602] (-) TimerEvent: {}
[312.943469] (-) TimerEvent: {}
[313.045306] (-) TimerEvent: {}
[313.147178] (-) TimerEvent: {}
[313.248885] (-) TimerEvent: {}
[313.350607] (-) TimerEvent: {}
[313.452768] (-) TimerEvent: {}
[313.555231] (-) TimerEvent: {}
[313.657535] (-) TimerEvent: {}
[313.760251] (-) TimerEvent: {}
[313.861935] (-) TimerEvent: {}
[313.963624] (-) TimerEvent: {}
[314.065386] (-) TimerEvent: {}
[314.167244] (-) TimerEvent: {}
[314.268964] (-) TimerEvent: {}
[314.371224] (-) TimerEvent: {}
[314.466334] (ei_whistle_cpp) StdoutLine: {'line': b'[ 82%] \x1b[32mBuilding CXX object CMakeFiles/whistle_node.dir/edge-impulse-sdk/tensorflow/lite/micro/kernels/zeros_like.cc.o\x1b[0m\n'}
[314.471447] (-) TimerEvent: {}
[314.573946] (-) TimerEvent: {}
[314.676239] (-) TimerEvent: {}
[314.779020] (-) TimerEvent: {}
[314.881418] (-) TimerEvent: {}
[314.983058] (-) TimerEvent: {}
[315.084646] (-) TimerEvent: {}
[315.186203] (-) TimerEvent: {}
[315.287765] (-) TimerEvent: {}
[315.389408] (-) TimerEvent: {}
[315.490821] (-) TimerEvent: {}
[315.592318] (-) TimerEvent: {}
[315.694257] (-) TimerEvent: {}
[315.705319] (ei_whistle_cpp) StdoutLine: {'line': b'[ 83%] \x1b[32mBuilding CXX object CMakeFiles/whistle_node.dir/edge-impulse-sdk/tensorflow/lite/micro/memory_helpers.cc.o\x1b[0m\n'}
[315.794500] (-) TimerEvent: {}
[315.896042] (-) TimerEvent: {}
[315.997652] (-) TimerEvent: {}
[316.099229] (-) TimerEvent: {}
[316.201245] (-) TimerEvent: {}
[316.302965] (-) TimerEvent: {}
[316.404811] (-) TimerEvent: {}
[316.506552] (-) TimerEvent: {}
[316.608650] (-) TimerEvent: {}
[316.710453] (-) TimerEvent: {}
[316.812125] (-) TimerEvent: {}
[316.913619] (-) TimerEvent: {}
[317.015079] (-) TimerEvent: {}
[317.116873] (-) TimerEvent: {}
[317.218698] (-) TimerEvent: {}
[317.320411] (-) TimerEvent: {}
[317.422154] (-) TimerEvent: {}
[317.523835] (-) TimerEvent: {}
[317.625271] (-) TimerEvent: {}
[317.726700] (-) TimerEvent: {}
[317.829440] (-) TimerEvent: {}
[317.932402] (-) TimerEvent: {}
[318.034226] (-) TimerEvent: {}
[318.135881] (-) TimerEvent: {}
[318.237596] (-) TimerEvent: {}
[318.339484] (-) TimerEvent: {}
[318.441271] (-) TimerEvent: {}
[318.542940] (-) TimerEvent: {}
[318.644796] (-) TimerEvent: {}
[318.747481] (-) TimerEvent: {}
[318.849251] (-) TimerEvent: {}
[318.953103] (-) TimerEvent: {}
[319.055791] (-) TimerEvent: {}
[319.158381] (-) TimerEvent: {}
[319.261600] (-) TimerEvent: {}
[319.364985] (-) TimerEvent: {}
[319.467550] (-) TimerEvent: {}
[319.570434] (-) TimerEvent: {}
[319.673186] (-) TimerEvent: {}
[319.775751] (-) TimerEvent: {}
[319.878376] (-) TimerEvent: {}
[319.982117] (-) TimerEvent: {}
[320.083199] (-) TimerEvent: {}
[320.184390] (-) TimerEvent: {}
[320.285565] (-) TimerEvent: {}
[320.378941] (ei_whistle_cpp) StdoutLine: {'line': b'[ 83%] \x1b[32mBuilding CXX object CMakeFiles/whistle_node.dir/edge-impulse-sdk/tensorflow/lite/micro/memory_planner/greedy_memory_planner.cc.o\x1b[0m\n'}
[320.385797] (-) TimerEvent: {}
[320.486915] (-) TimerEvent: {}
[320.588028] (-) TimerEvent: {}
[320.689291] (-) TimerEvent: {}
[320.790317] (-) TimerEvent: {}
[320.812016] (ei_whistle_cpp) StdoutLine: {'line': b'[ 84%] \x1b[32mBuilding CXX object CMakeFiles/whistle_node.dir/edge-impulse-sdk/tensorflow/lite/micro/memory_planner/linear_memory_planner.cc.o\x1b[0m\n'}
[320.890592] (-) TimerEvent: {}
[320.991727] (-) TimerEvent: {}
[321.092772] (-) TimerEvent: {}
[321.133297] (ei_whistle_cpp) StdoutLine: {'line': b'[ 84%] \x1b[32mBuilding CXX object CMakeFiles/whistle_node.dir/edge-impulse-sdk/tensorflow/lite/micro/memory_planner/non_persistent_buffer_planner_shim.cc.o\x1b[0m\n'}
[321.193071] (-) TimerEvent: {}
[321.294379] (-) TimerEvent: {}
[321.395758] (-) TimerEvent: {}
[321.496939] (-) TimerEvent: {}
[321.598206] (-) TimerEvent: {}
[321.699352] (-) TimerEvent: {}
[321.807036] (-) TimerEvent: {}
[321.908193] (-) TimerEvent: {}
[322.009923] (-) TimerEvent: {}
[322.111538] (-) TimerEvent: {}
[322.213103] (-) TimerEvent: {}
[322.314634] (-) TimerEvent: {}
[322.416254] (-) TimerEvent: {}
[322.518429] (-) TimerEvent: {}
[322.619474] (-) TimerEvent: {}
[322.721102] (-) TimerEvent: {}
[322.825201] (-) TimerEvent: {}
[322.927839] (-) TimerEvent: {}
[323.030313] (-) TimerEvent: {}
[323.131976] (-) TimerEvent: {}
[323.233588] (-) TimerEvent: {}
[323.335174] (-) TimerEvent: {}
[323.436750] (-) TimerEvent: {}
[323.538439] (-) TimerEvent: {}
[323.640062] (-) TimerEvent: {}
[323.742604] (-) TimerEvent: {}
[323.758712] (ei_whistle_cpp) StdoutLine: {'line': b'[ 85%] \x1b[32mBuilding CXX object CMakeFiles/whistle_node.dir/edge-impulse-sdk/tensorflow/lite/micro/micro_allocation_info.cc.o\x1b[0m\n'}
[323.842846] (-) TimerEvent: {}
[323.947480] (-) TimerEvent: {}
[324.050585] (-) TimerEvent: {}
[324.152856] (-) TimerEvent: {}
[324.254378] (-) TimerEvent: {}
[324.356121] (-) TimerEvent: {}
[324.458234] (-) TimerEvent: {}
[324.560024] (-) TimerEvent: {}
[324.662044] (-) TimerEvent: {}
[324.763916] (-) TimerEvent: {}
[324.865640] (-) TimerEvent: {}
[324.967639] (-) TimerEvent: {}
[325.069424] (-) TimerEvent: {}
[325.171284] (-) TimerEvent: {}
[325.273228] (-) TimerEvent: {}
[325.375186] (-) TimerEvent: {}
[325.477110] (-) TimerEvent: {}
[325.578983] (-) TimerEvent: {}
[325.680804] (-) TimerEvent: {}
[325.782915] (-) TimerEvent: {}
[325.810751] (ei_whistle_cpp) StdoutLine: {'line': b'[ 86%] \x1b[32mBuilding CXX object CMakeFiles/whistle_node.dir/edge-impulse-sdk/tensorflow/lite/micro/micro_allocator.cc.o\x1b[0m\n'}
[325.883222] (-) TimerEvent: {}
[325.985496] (-) TimerEvent: {}
[326.087251] (-) TimerEvent: {}
[326.190880] (-) TimerEvent: {}
[326.293570] (-) TimerEvent: {}
[326.395972] (-) TimerEvent: {}
[326.498622] (-) TimerEvent: {}
[326.601939] (-) TimerEvent: {}
[326.704649] (-) TimerEvent: {}
[326.813951] (-) TimerEvent: {}
[326.915469] (-) TimerEvent: {}
[326.981176] (ei_whistle_cpp) StdoutLine: {'line': b'[ 86%] \x1b[32mBuilding CXX object CMakeFiles/whistle_node.dir/edge-impulse-sdk/tensorflow/lite/micro/micro_context.cc.o\x1b[0m\n'}
[327.015722] (-) TimerEvent: {}
[327.118338] (-) TimerEvent: {}
[327.220891] (-) TimerEvent: {}
[327.323675] (-) TimerEvent: {}
[327.426810] (-) TimerEvent: {}
[327.530443] (-) TimerEvent: {}
[327.631693] (-) TimerEvent: {}
[327.734272] (-) TimerEvent: {}
[327.837159] (-) TimerEvent: {}
[327.940127] (-) TimerEvent: {}
[328.043643] (-) TimerEvent: {}
[328.146412] (-) TimerEvent: {}
[328.248044] (-) TimerEvent: {}
[328.349622] (-) TimerEvent: {}
[328.451265] (-) TimerEvent: {}
[328.552909] (-) TimerEvent: {}
[328.654623] (-) TimerEvent: {}
[328.756195] (-) TimerEvent: {}
[328.857924] (-) TimerEvent: {}
[328.960482] (-) TimerEvent: {}
[329.068271] (-) TimerEvent: {}
[329.173209] (-) TimerEvent: {}
[329.274207] (-) TimerEvent: {}
[329.376541] (-) TimerEvent: {}
[329.412042] (ei_whistle_cpp) StderrLine: {'line': b'\x1b[01m\x1b[K/home/dev/respeaker_deep_audio/src/ei_whistle_cpp/edge-impulse-sdk/tensorflow/lite/micro/memory_helpers.cc:\x1b[m\x1b[K In function \xe2\x80\x98\x1b[01m\x1b[KTfLiteStatus tflite::BytesRequiredForTensor(const tflite::Tensor&, size_t*, size_t*)\x1b[m\x1b[K\xe2\x80\x99:\n'}
[329.415363] (ei_whistle_cpp) StderrLine: {'line': b'\x1b[01m\x1b[K/home/dev/respeaker_deep_audio/src/ei_whistle_cpp/edge-impulse-sdk/tensorflow/lite/micro/memory_helpers.cc:107:61:\x1b[m\x1b[K \x1b[01;35m\x1b[Kwarning: \x1b[m\x1b[K\xe2\x80\x98\x1b[01m\x1b[Kflatbuffers::uoffset_t flatbuffers::Vector<T>::Length() const [with T = int; flatbuffers::uoffset_t = unsigned int]\x1b[m\x1b[K\xe2\x80\x99 is deprecated: use size() instead [\x1b[01;35m\x1b[K\x1b]8;;https://gcc.gnu.org/onlinedocs/gcc/Warning-Options.html#index-Wdeprecated-declarations\x07-Wdeprecated-declarations\x1b]8;;\x07\x1b[m\x1b[K]\n'}
[329.418648] (ei_whistle_cpp) StderrLine: {'line': b'  107 |     for (size_t n = 0; n < \x1b[01;35m\x1b[Kflatbuffer_tensor.shape()->Length()\x1b[m\x1b[K; ++n) {\n'}
[329.422818] (ei_whistle_cpp) StderrLine: {'line': b'      |                            \x1b[01;35m\x1b[K~~~~~~~~~~~~~~~~~~~~~~~~~~~~~~~~~^~\x1b[m\x1b[K\n'}
[329.426606] (ei_whistle_cpp) StderrLine: {'line': b'In file included from \x1b[01m\x1b[K/home/dev/respeaker_deep_audio/src/ei_whistle_cpp/edge-impulse-sdk/third_party/flatbuffers/include/flatbuffers/fb_array.h:22\x1b[m\x1b[K,\n'}
[329.430118] (ei_whistle_cpp) StderrLine: {'line': b'                 from \x1b[01m\x1b[K/home/dev/respeaker_deep_audio/src/ei_whistle_cpp/edge-impulse-sdk/third_party/flatbuffers/include/flatbuffers/flatbuffers.h:22\x1b[m\x1b[K,\n'}
[329.441998] (ei_whistle_cpp) StderrLine: {'line': b'                 from \x1b[01m\x1b[K/home/dev/respeaker_deep_audio/src/ei_whistle_cpp/edge-impulse-sdk/tensorflow/lite/schema/schema_generated.h:4\x1b[m\x1b[K,\n'}
[329.442843] (ei_whistle_cpp) StderrLine: {'line': b'                 from \x1b[01m\x1b[K/home/dev/respeaker_deep_audio/src/ei_whistle_cpp/edge-impulse-sdk/tensorflow/lite/micro/memory_helpers.h:22\x1b[m\x1b[K,\n'}
[329.443841] (ei_whistle_cpp) StderrLine: {'line': b'                 from \x1b[01m\x1b[K/home/dev/respeaker_deep_audio/src/ei_whistle_cpp/edge-impulse-sdk/tensorflow/lite/micro/memory_helpers.cc:16\x1b[m\x1b[K:\n'}
[329.444679] (ei_whistle_cpp) StderrLine: {'line': b'\x1b[01m\x1b[K/home/dev/respeaker_deep_audio/src/ei_whistle_cpp/edge-impulse-sdk/third_party/flatbuffers/include/flatbuffers/fb_vector.h:163:13:\x1b[m\x1b[K \x1b[01;36m\x1b[Knote: \x1b[m\x1b[Kdeclared here\n'}
[329.445470] (ei_whistle_cpp) StderrLine: {'line': b'  163 |   uoffset_t \x1b[01;36m\x1b[KLength\x1b[m\x1b[K() const { return size(); }\n'}
[329.446128] (ei_whistle_cpp) StderrLine: {'line': b'      |             \x1b[01;36m\x1b[K^~~~~~\x1b[m\x1b[K\n'}
[329.476810] (-) TimerEvent: {}
[329.578108] (-) TimerEvent: {}
[329.679298] (-) TimerEvent: {}
[329.780690] (-) TimerEvent: {}
[329.881829] (-) TimerEvent: {}
[329.983189] (-) TimerEvent: {}
[330.084421] (-) TimerEvent: {}
[330.185619] (-) TimerEvent: {}
[330.286887] (-) TimerEvent: {}
[330.388142] (-) TimerEvent: {}
[330.489421] (-) TimerEvent: {}
[330.590610] (-) TimerEvent: {}
[330.691802] (-) TimerEvent: {}
[330.793055] (-) TimerEvent: {}
[330.894193] (-) TimerEvent: {}
[330.995411] (-) TimerEvent: {}
[331.096728] (-) TimerEvent: {}
[331.197990] (-) TimerEvent: {}
[331.299193] (-) TimerEvent: {}
[331.400344] (-) TimerEvent: {}
[331.501548] (-) TimerEvent: {}
[331.602739] (-) TimerEvent: {}
[331.703923] (-) TimerEvent: {}
[331.805181] (-) TimerEvent: {}
[331.906439] (-) TimerEvent: {}
[332.007635] (-) TimerEvent: {}
[332.108860] (-) TimerEvent: {}
[332.210066] (-) TimerEvent: {}
[332.311209] (-) TimerEvent: {}
[332.412398] (-) TimerEvent: {}
[332.513652] (-) TimerEvent: {}
[332.614782] (-) TimerEvent: {}
[332.720393] (-) TimerEvent: {}
[332.760851] (ei_whistle_cpp) StdoutLine: {'line': b'[ 87%] \x1b[32mBuilding CXX object CMakeFiles/whistle_node.dir/edge-impulse-sdk/tensorflow/lite/micro/micro_error_reporter.cc.o\x1b[0m\n'}
[332.820710] (-) TimerEvent: {}
[332.922400] (-) TimerEvent: {}
[333.024087] (-) TimerEvent: {}
[333.090934] (ei_whistle_cpp) StdoutLine: {'line': b'[ 87%] \x1b[32mBuilding CXX object CMakeFiles/whistle_node.dir/edge-impulse-sdk/tensorflow/lite/micro/micro_graph.cc.o\x1b[0m\n'}
[333.124409] (-) TimerEvent: {}
[333.226886] (-) TimerEvent: {}
[333.329236] (-) TimerEvent: {}
[333.431969] (-) TimerEvent: {}
[333.534945] (-) TimerEvent: {}
[333.637807] (-) TimerEvent: {}
[333.740656] (-) TimerEvent: {}
[333.844041] (-) TimerEvent: {}
[333.946371] (-) TimerEvent: {}
[334.050095] (-) TimerEvent: {}
[334.152825] (-) TimerEvent: {}
[334.255762] (-) TimerEvent: {}
[334.299394] (ei_whistle_cpp) StdoutLine: {'line': b'[ 88%] \x1b[32mBuilding CXX object CMakeFiles/whistle_node.dir/edge-impulse-sdk/tensorflow/lite/micro/micro_interpreter.cc.o\x1b[0m\n'}
[334.356040] (-) TimerEvent: {}
[334.457153] (-) TimerEvent: {}
[334.558181] (-) TimerEvent: {}
[334.659227] (-) TimerEvent: {}
[334.760453] (-) TimerEvent: {}
[334.861588] (-) TimerEvent: {}
[334.962532] (-) TimerEvent: {}
[335.063584] (-) TimerEvent: {}
[335.164682] (-) TimerEvent: {}
[335.265827] (-) TimerEvent: {}
[335.366853] (-) TimerEvent: {}
[335.468029] (-) TimerEvent: {}
[335.569262] (-) TimerEvent: {}
[335.670397] (-) TimerEvent: {}
[335.771557] (-) TimerEvent: {}
[335.872843] (-) TimerEvent: {}
[335.974108] (-) TimerEvent: {}
[336.075318] (-) TimerEvent: {}
[336.176436] (-) TimerEvent: {}
[336.277642] (-) TimerEvent: {}
[336.379084] (-) TimerEvent: {}
[336.480504] (-) TimerEvent: {}
[336.581724] (-) TimerEvent: {}
[336.682850] (-) TimerEvent: {}
[336.784036] (-) TimerEvent: {}
[336.885394] (-) TimerEvent: {}
[336.986624] (-) TimerEvent: {}
[337.087813] (-) TimerEvent: {}
[337.189055] (-) TimerEvent: {}
[337.290394] (-) TimerEvent: {}
[337.391496] (-) TimerEvent: {}
[337.492683] (-) TimerEvent: {}
[337.593737] (-) TimerEvent: {}
[337.695148] (-) TimerEvent: {}
[337.798708] (-) TimerEvent: {}
[337.901349] (-) TimerEvent: {}
[338.004071] (-) TimerEvent: {}
[338.106994] (-) TimerEvent: {}
[338.209593] (-) TimerEvent: {}
[338.312387] (-) TimerEvent: {}
[338.415349] (-) TimerEvent: {}
[338.518108] (-) TimerEvent: {}
[338.620888] (-) TimerEvent: {}
[338.723660] (-) TimerEvent: {}
[338.826449] (-) TimerEvent: {}
[338.929562] (-) TimerEvent: {}
[339.032143] (-) TimerEvent: {}
[339.133847] (-) TimerEvent: {}
[339.235567] (-) TimerEvent: {}
[339.337354] (-) TimerEvent: {}
[339.439031] (-) TimerEvent: {}
[339.540805] (-) TimerEvent: {}
[339.642584] (-) TimerEvent: {}
[339.744223] (-) TimerEvent: {}
[339.846060] (-) TimerEvent: {}
[339.947776] (-) TimerEvent: {}
[340.049492] (-) TimerEvent: {}
[340.151343] (-) TimerEvent: {}
[340.253097] (-) TimerEvent: {}
[340.355084] (-) TimerEvent: {}
[340.456881] (-) TimerEvent: {}
[340.558689] (-) TimerEvent: {}
[340.660465] (-) TimerEvent: {}
[340.762292] (-) TimerEvent: {}
[340.863997] (-) TimerEvent: {}
[340.965893] (-) TimerEvent: {}
[341.067607] (-) TimerEvent: {}
[341.170217] (-) TimerEvent: {}
[341.273041] (-) TimerEvent: {}
[341.375578] (-) TimerEvent: {}
[341.478232] (-) TimerEvent: {}
[341.580858] (-) TimerEvent: {}
[341.683694] (-) TimerEvent: {}
[341.786332] (-) TimerEvent: {}
[341.888936] (-) TimerEvent: {}
[341.991495] (-) TimerEvent: {}
[342.094099] (-) TimerEvent: {}
[342.196736] (-) TimerEvent: {}
[342.299382] (-) TimerEvent: {}
[342.401937] (-) TimerEvent: {}
[342.504102] (-) TimerEvent: {}
[342.605805] (-) TimerEvent: {}
[342.708255] (-) TimerEvent: {}
[342.811349] (-) TimerEvent: {}
[342.915574] (-) TimerEvent: {}
[343.017273] (-) TimerEvent: {}
[343.119026] (-) TimerEvent: {}
[343.220787] (-) TimerEvent: {}
[343.322558] (-) TimerEvent: {}
[343.424647] (-) TimerEvent: {}
[343.526473] (-) TimerEvent: {}
[343.628290] (-) TimerEvent: {}
[343.730090] (-) TimerEvent: {}
[343.831981] (-) TimerEvent: {}
[343.934034] (-) TimerEvent: {}
[344.035930] (-) TimerEvent: {}
[344.137239] (-) TimerEvent: {}
[344.239015] (-) TimerEvent: {}
[344.340619] (-) TimerEvent: {}
[344.447220] (-) TimerEvent: {}
[344.549048] (-) TimerEvent: {}
[344.650995] (-) TimerEvent: {}
[344.753250] (-) TimerEvent: {}
[344.854820] (-) TimerEvent: {}
[344.956482] (-) TimerEvent: {}
[345.044547] (ei_whistle_cpp) StdoutLine: {'line': b'[ 89%] \x1b[32mBuilding CXX object CMakeFiles/whistle_node.dir/edge-impulse-sdk/tensorflow/lite/micro/micro_log.cc.o\x1b[0m\n'}
[345.056654] (-) TimerEvent: {}
[345.158589] (-) TimerEvent: {}
[345.260520] (-) TimerEvent: {}
[345.348823] (ei_whistle_cpp) StdoutLine: {'line': b'[ 89%] \x1b[32mBuilding CXX object CMakeFiles/whistle_node.dir/edge-impulse-sdk/tensorflow/lite/micro/micro_profiler.cc.o\x1b[0m\n'}
[345.360792] (-) TimerEvent: {}
[345.462577] (-) TimerEvent: {}
[345.566075] (-) TimerEvent: {}
[345.669244] (-) TimerEvent: {}
[345.777450] (-) TimerEvent: {}
[345.880575] (-) TimerEvent: {}
[345.984249] (-) TimerEvent: {}
[346.070302] (ei_whistle_cpp) StdoutLine: {'line': b'[ 90%] \x1b[32mBuilding CXX object CMakeFiles/whistle_node.dir/edge-impulse-sdk/tensorflow/lite/micro/micro_resource_variable.cc.o\x1b[0m\n'}
[346.084538] (-) TimerEvent: {}
[346.188012] (-) TimerEvent: {}
[346.291740] (-) TimerEvent: {}
[346.393703] (-) TimerEvent: {}
[346.495646] (-) TimerEvent: {}
[346.598021] (-) TimerEvent: {}
[346.700133] (-) TimerEvent: {}
[346.803044] (-) TimerEvent: {}
[346.905204] (-) TimerEvent: {}
[347.007712] (-) TimerEvent: {}
[347.110589] (-) TimerEvent: {}
[347.214060] (-) TimerEvent: {}
[347.315881] (-) TimerEvent: {}
[347.417677] (-) TimerEvent: {}
[347.519456] (-) TimerEvent: {}
[347.621299] (-) TimerEvent: {}
[347.739156] (-) TimerEvent: {}
[347.840270] (-) TimerEvent: {}
[347.897788] (ei_whistle_cpp) StdoutLine: {'line': b'[ 90%] \x1b[32mBuilding CXX object CMakeFiles/whistle_node.dir/edge-impulse-sdk/tensorflow/lite/micro/micro_string.cc.o\x1b[0m\n'}
[347.940661] (-) TimerEvent: {}
[348.043746] (-) TimerEvent: {}
[348.146784] (-) TimerEvent: {}
[348.249783] (-) TimerEvent: {}
[348.302302] (ei_whistle_cpp) StdoutLine: {'line': b'[ 91%] \x1b[32mBuilding CXX object CMakeFiles/whistle_node.dir/edge-impulse-sdk/tensorflow/lite/micro/micro_time.cc.o\x1b[0m\n'}
[348.350051] (-) TimerEvent: {}
[348.453490] (-) TimerEvent: {}
[348.556885] (-) TimerEvent: {}
[348.659381] (-) TimerEvent: {}
[348.718382] (ei_whistle_cpp) StdoutLine: {'line': b'[ 92%] \x1b[32mBuilding CXX object CMakeFiles/whistle_node.dir/edge-impulse-sdk/tensorflow/lite/micro/micro_utils.cc.o\x1b[0m\n'}
[348.759777] (-) TimerEvent: {}
[348.861768] (-) TimerEvent: {}
[348.969419] (-) TimerEvent: {}
[349.071222] (-) TimerEvent: {}
[349.173707] (-) TimerEvent: {}
[349.275503] (-) TimerEvent: {}
[349.377366] (-) TimerEvent: {}
[349.488145] (-) TimerEvent: {}
[349.590329] (-) TimerEvent: {}
[349.692182] (-) TimerEvent: {}
[349.793993] (-) TimerEvent: {}
[349.895695] (-) TimerEvent: {}
[349.997444] (-) TimerEvent: {}
[350.099623] (-) TimerEvent: {}
[350.201592] (-) TimerEvent: {}
[350.303531] (-) TimerEvent: {}
[350.405662] (-) TimerEvent: {}
[350.507892] (-) TimerEvent: {}
[350.610365] (-) TimerEvent: {}
[350.712740] (-) TimerEvent: {}
[350.814706] (-) TimerEvent: {}
[350.916628] (-) TimerEvent: {}
[351.018646] (-) TimerEvent: {}
[351.120618] (-) TimerEvent: {}
[351.222605] (-) TimerEvent: {}
[351.324579] (-) TimerEvent: {}
[351.426891] (-) TimerEvent: {}
[351.528757] (-) TimerEvent: {}
[351.630686] (-) TimerEvent: {}
[351.732728] (-) TimerEvent: {}
[351.834907] (-) TimerEvent: {}
[351.937209] (-) TimerEvent: {}
[352.039745] (-) TimerEvent: {}
[352.141891] (-) TimerEvent: {}
[352.243916] (-) TimerEvent: {}
[352.346107] (-) TimerEvent: {}
[352.448034] (-) TimerEvent: {}
[352.550612] (-) TimerEvent: {}
[352.656632] (-) TimerEvent: {}
[352.765695] (-) TimerEvent: {}
[352.870873] (-) TimerEvent: {}
[352.973350] (-) TimerEvent: {}
[353.076001] (-) TimerEvent: {}
[353.178363] (-) TimerEvent: {}
[353.208349] (ei_whistle_cpp) StdoutLine: {'line': b'[ 92%] \x1b[32mBuilding CXX object CMakeFiles/whistle_node.dir/edge-impulse-sdk/tensorflow/lite/micro/mock_micro_graph.cc.o\x1b[0m\n'}
[353.278593] (-) TimerEvent: {}
[353.381789] (-) TimerEvent: {}
[353.483600] (-) TimerEvent: {}
[353.585985] (-) TimerEvent: {}
[353.688092] (-) TimerEvent: {}
[353.790668] (-) TimerEvent: {}
[353.893208] (-) TimerEvent: {}
[353.995240] (-) TimerEvent: {}
[354.096991] (-) TimerEvent: {}
[354.198980] (-) TimerEvent: {}
[354.300930] (-) TimerEvent: {}
[354.405638] (-) TimerEvent: {}
[354.514681] (-) TimerEvent: {}
[354.618403] (-) TimerEvent: {}
[354.720359] (-) TimerEvent: {}
[354.822283] (-) TimerEvent: {}
[354.924483] (-) TimerEvent: {}
[355.026732] (-) TimerEvent: {}
[355.128752] (-) TimerEvent: {}
[355.231025] (-) TimerEvent: {}
[355.333295] (-) TimerEvent: {}
[355.435205] (-) TimerEvent: {}
[355.537223] (-) TimerEvent: {}
[355.639991] (-) TimerEvent: {}
[355.743167] (-) TimerEvent: {}
[355.845123] (-) TimerEvent: {}
[355.946998] (-) TimerEvent: {}
[356.049181] (-) TimerEvent: {}
[356.151173] (-) TimerEvent: {}
[356.252956] (-) TimerEvent: {}
[356.354801] (-) TimerEvent: {}
[356.456834] (-) TimerEvent: {}
[356.559139] (-) TimerEvent: {}
[356.661641] (-) TimerEvent: {}
[356.734867] (ei_whistle_cpp) StdoutLine: {'line': b'[ 93%] \x1b[32mBuilding CXX object CMakeFiles/whistle_node.dir/edge-impulse-sdk/tensorflow/lite/micro/non_persistent_arena_buffer_allocator.cc.o\x1b[0m\n'}
[356.761878] (-) TimerEvent: {}
[356.864469] (-) TimerEvent: {}
[356.966689] (-) TimerEvent: {}
[357.068941] (-) TimerEvent: {}
[357.171672] (-) TimerEvent: {}
[357.274186] (-) TimerEvent: {}
[357.376791] (-) TimerEvent: {}
[357.479309] (-) TimerEvent: {}
[357.581742] (-) TimerEvent: {}
[357.684215] (-) TimerEvent: {}
[357.785817] (-) TimerEvent: {}
[357.887648] (-) TimerEvent: {}
[357.990845] (-) TimerEvent: {}
[358.093719] (-) TimerEvent: {}
[358.196543] (-) TimerEvent: {}
[358.299438] (-) TimerEvent: {}
[358.402657] (-) TimerEvent: {}
[358.505301] (-) TimerEvent: {}
[358.608355] (-) TimerEvent: {}
[358.711246] (-) TimerEvent: {}
[358.814044] (-) TimerEvent: {}
[358.917256] (-) TimerEvent: {}
[359.018943] (-) TimerEvent: {}
[359.121489] (-) TimerEvent: {}
[359.223535] (-) TimerEvent: {}
[359.325254] (-) TimerEvent: {}
[359.427080] (-) TimerEvent: {}
[359.537871] (-) TimerEvent: {}
[359.639625] (-) TimerEvent: {}
[359.741357] (-) TimerEvent: {}
[359.843068] (-) TimerEvent: {}
[359.944868] (-) TimerEvent: {}
[360.046633] (-) TimerEvent: {}
[360.148387] (-) TimerEvent: {}
[360.250148] (-) TimerEvent: {}
[360.352208] (-) TimerEvent: {}
[360.453947] (-) TimerEvent: {}
[360.555792] (-) TimerEvent: {}
[360.657587] (-) TimerEvent: {}
[360.759414] (-) TimerEvent: {}
[360.861199] (-) TimerEvent: {}
[360.963145] (-) TimerEvent: {}
[361.064930] (-) TimerEvent: {}
[361.166706] (-) TimerEvent: {}
[361.268615] (-) TimerEvent: {}
[361.371180] (-) TimerEvent: {}
[361.473965] (-) TimerEvent: {}
[361.576623] (-) TimerEvent: {}
[361.679522] (-) TimerEvent: {}
[361.782648] (-) TimerEvent: {}
[361.885422] (-) TimerEvent: {}
[361.988007] (-) TimerEvent: {}
[362.090884] (-) TimerEvent: {}
[362.193551] (-) TimerEvent: {}
[362.296122] (-) TimerEvent: {}
[362.398998] (-) TimerEvent: {}
[362.501738] (-) TimerEvent: {}
[362.603422] (-) TimerEvent: {}
[362.705244] (-) TimerEvent: {}
[362.807946] (ei_whistle_cpp) StdoutLine: {'line': b'[ 93%] \x1b[32mBuilding CXX object CMakeFiles/whistle_node.dir/edge-impulse-sdk/tensorflow/lite/micro/op_resolver_bridge.cc.o\x1b[0m\n'}
[362.811671] (-) TimerEvent: {}
[362.914425] (-) TimerEvent: {}
[363.017034] (-) TimerEvent: {}
[363.119668] (-) TimerEvent: {}
[363.222464] (-) TimerEvent: {}
[363.325101] (-) TimerEvent: {}
[363.428197] (-) TimerEvent: {}
[363.530827] (-) TimerEvent: {}
[363.633462] (-) TimerEvent: {}
[363.736069] (-) TimerEvent: {}
[363.838928] (-) TimerEvent: {}
[363.941293] (-) TimerEvent: {}
[364.044211] (-) TimerEvent: {}
[364.145584] (-) TimerEvent: {}
[364.248167] (-) TimerEvent: {}
[364.350804] (-) TimerEvent: {}
[364.453351] (-) TimerEvent: {}
[364.562107] (-) TimerEvent: {}
[364.664782] (-) TimerEvent: {}
[364.767540] (-) TimerEvent: {}
[364.870496] (-) TimerEvent: {}
[364.973216] (-) TimerEvent: {}
[365.076068] (-) TimerEvent: {}
[365.179177] (-) TimerEvent: {}
[365.281978] (-) TimerEvent: {}
[365.384527] (-) TimerEvent: {}
[365.487339] (-) TimerEvent: {}
[365.590048] (-) TimerEvent: {}
[365.692918] (-) TimerEvent: {}
[365.795662] (-) TimerEvent: {}
[365.898523] (-) TimerEvent: {}
[366.001221] (-) TimerEvent: {}
[366.104055] (-) TimerEvent: {}
[366.206780] (-) TimerEvent: {}
[366.309458] (-) TimerEvent: {}
[366.425684] (-) TimerEvent: {}
[366.528287] (-) TimerEvent: {}
[366.630947] (-) TimerEvent: {}
[366.733857] (-) TimerEvent: {}
[366.836496] (-) TimerEvent: {}
[366.939243] (-) TimerEvent: {}
[367.041794] (-) TimerEvent: {}
[367.144513] (-) TimerEvent: {}
[367.246123] (ei_whistle_cpp) StdoutLine: {'line': b'[ 94%] \x1b[32mBuilding CXX object CMakeFiles/whistle_node.dir/edge-impulse-sdk/tensorflow/lite/micro/persistent_arena_buffer_allocator.cc.o\x1b[0m\n'}
[367.249910] (-) TimerEvent: {}
[367.352692] (-) TimerEvent: {}
[367.457575] (-) TimerEvent: {}
[367.561234] (-) TimerEvent: {}
[367.662352] (-) TimerEvent: {}
[367.679916] (ei_whistle_cpp) StdoutLine: {'line': b'[ 95%] \x1b[32mBuilding CXX object CMakeFiles/whistle_node.dir/edge-impulse-sdk/tensorflow/lite/micro/recording_micro_allocator.cc.o\x1b[0m\n'}
[367.762576] (-) TimerEvent: {}
[367.865686] (-) TimerEvent: {}
[367.968050] (-) TimerEvent: {}
[368.070969] (-) TimerEvent: {}
[368.173621] (-) TimerEvent: {}
[368.275934] (-) TimerEvent: {}
[368.378417] (-) TimerEvent: {}
[368.452086] (ei_whistle_cpp) StdoutLine: {'line': b'[ 95%] \x1b[32mBuilding CXX object CMakeFiles/whistle_node.dir/edge-impulse-sdk/tensorflow/lite/micro/recording_single_arena_buffer_allocator.cc.o\x1b[0m\n'}
[368.478701] (-) TimerEvent: {}
[368.580793] (-) TimerEvent: {}
[368.683033] (-) TimerEvent: {}
[368.785295] (-) TimerEvent: {}
[368.887823] (-) TimerEvent: {}
[368.989599] (-) TimerEvent: {}
[369.043298] (ei_whistle_cpp) StdoutLine: {'line': b'[ 96%] \x1b[32mBuilding CXX object CMakeFiles/whistle_node.dir/edge-impulse-sdk/tensorflow/lite/micro/schema_utils.cc.o\x1b[0m\n'}
[369.089912] (-) TimerEvent: {}
[369.191026] (-) TimerEvent: {}
[369.292093] (-) TimerEvent: {}
[369.393158] (-) TimerEvent: {}
[369.494224] (-) TimerEvent: {}
[369.595388] (-) TimerEvent: {}
[369.697869] (-) TimerEvent: {}
[369.800177] (-) TimerEvent: {}
[369.902693] (-) TimerEvent: {}
[370.005104] (-) TimerEvent: {}
[370.107434] (-) TimerEvent: {}
[370.209382] (-) TimerEvent: {}
[370.311325] (-) TimerEvent: {}
[370.413109] (-) TimerEvent: {}
[370.514724] (-) TimerEvent: {}
[370.616624] (-) TimerEvent: {}
[370.718229] (-) TimerEvent: {}
[370.819868] (-) TimerEvent: {}
[370.921658] (-) TimerEvent: {}
[371.023337] (-) TimerEvent: {}
[371.124938] (-) TimerEvent: {}
[371.226724] (-) TimerEvent: {}
[371.328347] (-) TimerEvent: {}
[371.430377] (-) TimerEvent: {}
[371.532075] (-) TimerEvent: {}
[371.634062] (-) TimerEvent: {}
[371.735741] (-) TimerEvent: {}
[371.837464] (-) TimerEvent: {}
[371.939041] (-) TimerEvent: {}
[372.041042] (-) TimerEvent: {}
[372.142791] (-) TimerEvent: {}
[372.244761] (-) TimerEvent: {}
[372.346553] (-) TimerEvent: {}
[372.448370] (-) TimerEvent: {}
[372.557322] (-) TimerEvent: {}
[372.658566] (-) TimerEvent: {}
[372.759593] (-) TimerEvent: {}
[372.861618] (-) TimerEvent: {}
[372.963394] (-) TimerEvent: {}
[373.065231] (-) TimerEvent: {}
[373.167010] (-) TimerEvent: {}
[373.268835] (-) TimerEvent: {}
[373.370539] (-) TimerEvent: {}
[373.472163] (-) TimerEvent: {}
[373.475423] (ei_whistle_cpp) StdoutLine: {'line': b'[ 96%] \x1b[32mBuilding CXX object CMakeFiles/whistle_node.dir/edge-impulse-sdk/tensorflow/lite/micro/single_arena_buffer_allocator.cc.o\x1b[0m\n'}
[373.572398] (-) TimerEvent: {}
[373.674066] (-) TimerEvent: {}
[373.775826] (-) TimerEvent: {}
[373.878478] (-) TimerEvent: {}
[373.981421] (-) TimerEvent: {}
[374.083919] (-) TimerEvent: {}
[374.187022] (-) TimerEvent: {}
[374.288820] (-) TimerEvent: {}
[374.390688] (-) TimerEvent: {}
[374.492593] (-) TimerEvent: {}
[374.594205] (-) TimerEvent: {}
[374.696028] (-) TimerEvent: {}
[374.798404] (-) TimerEvent: {}
[374.852043] (ei_whistle_cpp) StdoutLine: {'line': b'[ 97%] \x1b[32mBuilding CXX object CMakeFiles/whistle_node.dir/edge-impulse-sdk/tensorflow/lite/micro/system_setup.cc.o\x1b[0m\n'}
[374.898743] (-) TimerEvent: {}
[375.000499] (-) TimerEvent: {}
[375.056179] (ei_whistle_cpp) StdoutLine: {'line': b'[ 98%] \x1b[32mBuilding CXX object CMakeFiles/whistle_node.dir/edge-impulse-sdk/tensorflow/lite/micro/test_helper_custom_ops.cc.o\x1b[0m\n'}
[375.100836] (-) TimerEvent: {}
[375.202617] (-) TimerEvent: {}
[375.304149] (-) TimerEvent: {}
[375.406455] (-) TimerEvent: {}
[375.508829] (-) TimerEvent: {}
[375.611095] (-) TimerEvent: {}
[375.713418] (-) TimerEvent: {}
[375.815556] (-) TimerEvent: {}
[375.917975] (-) TimerEvent: {}
[376.020817] (-) TimerEvent: {}
[376.123188] (-) TimerEvent: {}
[376.225537] (-) TimerEvent: {}
[376.327889] (-) TimerEvent: {}
[376.429460] (-) TimerEvent: {}
[376.530992] (-) TimerEvent: {}
[376.632419] (-) TimerEvent: {}
[376.733963] (-) TimerEvent: {}
[376.835565] (-) TimerEvent: {}
[376.937378] (-) TimerEvent: {}
[377.039368] (-) TimerEvent: {}
[377.141043] (-) TimerEvent: {}
[377.242508] (-) TimerEvent: {}
[377.344150] (-) TimerEvent: {}
[377.445904] (-) TimerEvent: {}
[377.549341] (-) TimerEvent: {}
[377.653720] (-) TimerEvent: {}
[377.755062] (-) TimerEvent: {}
[377.856705] (-) TimerEvent: {}
[377.958437] (-) TimerEvent: {}
[378.059999] (-) TimerEvent: {}
[378.161798] (-) TimerEvent: {}
[378.263543] (-) TimerEvent: {}
[378.365398] (-) TimerEvent: {}
[378.467077] (-) TimerEvent: {}
[378.568925] (-) TimerEvent: {}
[378.670564] (-) TimerEvent: {}
[378.772172] (-) TimerEvent: {}
[378.874758] (-) TimerEvent: {}
[378.977400] (-) TimerEvent: {}
[379.079137] (-) TimerEvent: {}
[379.181780] (-) TimerEvent: {}
[379.284621] (-) TimerEvent: {}
[379.387453] (-) TimerEvent: {}
[379.489053] (-) TimerEvent: {}
[379.590608] (-) TimerEvent: {}
[379.692310] (-) TimerEvent: {}
[379.795231] (-) TimerEvent: {}
[379.898586] (-) TimerEvent: {}
[380.001291] (-) TimerEvent: {}
[380.103963] (-) TimerEvent: {}
[380.206654] (-) TimerEvent: {}
[380.309326] (-) TimerEvent: {}
[380.412130] (-) TimerEvent: {}
[380.514709] (-) TimerEvent: {}
[380.617605] (-) TimerEvent: {}
[380.720106] (-) TimerEvent: {}
[380.821722] (-) TimerEvent: {}
[380.923284] (-) TimerEvent: {}
[381.024811] (-) TimerEvent: {}
[381.127423] (-) TimerEvent: {}
[381.228977] (-) TimerEvent: {}
[381.331472] (-) TimerEvent: {}
[381.433052] (-) TimerEvent: {}
[381.534629] (-) TimerEvent: {}
[381.636212] (-) TimerEvent: {}
[381.737844] (-) TimerEvent: {}
[381.839432] (-) TimerEvent: {}
[381.941071] (-) TimerEvent: {}
[382.042573] (-) TimerEvent: {}
[382.144168] (-) TimerEvent: {}
[382.246202] (-) TimerEvent: {}
[382.347826] (-) TimerEvent: {}
[382.449577] (-) TimerEvent: {}
[382.551095] (-) TimerEvent: {}
[382.652552] (-) TimerEvent: {}
[382.754651] (-) TimerEvent: {}
[382.855700] (-) TimerEvent: {}
[382.957218] (-) TimerEvent: {}
[383.058791] (-) TimerEvent: {}
[383.160379] (-) TimerEvent: {}
[383.262064] (-) TimerEvent: {}
[383.363504] (-) TimerEvent: {}
[383.466040] (-) TimerEvent: {}
[383.567635] (-) TimerEvent: {}
[383.669239] (-) TimerEvent: {}
[383.770838] (-) TimerEvent: {}
[383.873987] (-) TimerEvent: {}
[383.976606] (-) TimerEvent: {}
[384.079092] (-) TimerEvent: {}
[384.180822] (-) TimerEvent: {}
[384.282741] (-) TimerEvent: {}
[384.385598] (-) TimerEvent: {}
[384.488370] (-) TimerEvent: {}
[384.590575] (-) TimerEvent: {}
[384.692356] (-) TimerEvent: {}
[384.794531] (-) TimerEvent: {}
[384.903442] (-) TimerEvent: {}
[385.006921] (-) TimerEvent: {}
[385.109147] (-) TimerEvent: {}
[385.212069] (-) TimerEvent: {}
[385.315024] (-) TimerEvent: {}
[385.416351] (-) TimerEvent: {}
[385.517328] (-) TimerEvent: {}
[385.618387] (-) TimerEvent: {}
[385.719363] (-) TimerEvent: {}
[385.820348] (-) TimerEvent: {}
[385.921387] (-) TimerEvent: {}
[386.022330] (-) TimerEvent: {}
[386.123414] (-) TimerEvent: {}
[386.224448] (-) TimerEvent: {}
[386.325487] (-) TimerEvent: {}
[386.426590] (-) TimerEvent: {}
[386.527794] (-) TimerEvent: {}
[386.629652] (-) TimerEvent: {}
[386.730882] (-) TimerEvent: {}
[386.832043] (-) TimerEvent: {}
[386.842191] (ei_whistle_cpp) StdoutLine: {'line': b'[ 99%] \x1b[32mBuilding CXX object CMakeFiles/whistle_node.dir/tflite-model/tflite_learn_812412_4.cpp.o\x1b[0m\n'}
[386.932344] (-) TimerEvent: {}
[386.980895] (ei_whistle_cpp) StdoutLine: {'line': b'[ 99%] \x1b[32mBuilding CXX object CMakeFiles/whistle_node.dir/edge-impulse-sdk/tensorflow/lite/micro/test_helpers.cc.o\x1b[0m\n'}
[387.032580] (-) TimerEvent: {}
[387.134037] (-) TimerEvent: {}
[387.235512] (-) TimerEvent: {}
[387.336933] (-) TimerEvent: {}
[387.438392] (-) TimerEvent: {}
[387.540374] (-) TimerEvent: {}
[387.642180] (-) TimerEvent: {}
[387.743057] (-) TimerEvent: {}
[387.843958] (-) TimerEvent: {}
[387.944831] (-) TimerEvent: {}
[388.045717] (-) TimerEvent: {}
[388.146746] (-) TimerEvent: {}
[388.248017] (-) TimerEvent: {}
[388.349134] (-) TimerEvent: {}
[388.450093] (-) TimerEvent: {}
[388.551305] (-) TimerEvent: {}
[388.652244] (-) TimerEvent: {}
[388.753392] (-) TimerEvent: {}
[388.854838] (-) TimerEvent: {}
[388.955995] (-) TimerEvent: {}
[389.057848] (-) TimerEvent: {}
[389.159317] (-) TimerEvent: {}
[389.261159] (-) TimerEvent: {}
[389.363176] (-) TimerEvent: {}
[389.464930] (-) TimerEvent: {}
[389.567079] (-) TimerEvent: {}
[389.668354] (-) TimerEvent: {}
[389.769579] (-) TimerEvent: {}
[389.870829] (-) TimerEvent: {}
[389.972578] (-) TimerEvent: {}
[390.073926] (-) TimerEvent: {}
[390.175378] (-) TimerEvent: {}
[390.277366] (-) TimerEvent: {}
[390.379037] (-) TimerEvent: {}
[390.480237] (-) TimerEvent: {}
[390.581154] (-) TimerEvent: {}
[390.682081] (-) TimerEvent: {}
[390.782973] (-) TimerEvent: {}
[390.883847] (-) TimerEvent: {}
[390.984711] (-) TimerEvent: {}
[391.085623] (-) TimerEvent: {}
[391.187133] (-) TimerEvent: {}
[391.287975] (-) TimerEvent: {}
[391.388893] (-) TimerEvent: {}
[391.489882] (-) TimerEvent: {}
[391.590850] (-) TimerEvent: {}
[391.691770] (-) TimerEvent: {}
[391.792632] (-) TimerEvent: {}
[391.893601] (-) TimerEvent: {}
[391.994443] (-) TimerEvent: {}
[392.095351] (-) TimerEvent: {}
[392.196280] (-) TimerEvent: {}
[392.297185] (-) TimerEvent: {}
[392.398038] (-) TimerEvent: {}
[392.498871] (-) TimerEvent: {}
[392.599935] (-) TimerEvent: {}
[392.701346] (-) TimerEvent: {}
[392.802215] (-) TimerEvent: {}
[392.903040] (-) TimerEvent: {}
[393.003878] (-) TimerEvent: {}
[393.104773] (-) TimerEvent: {}
[393.205667] (-) TimerEvent: {}
[393.306536] (-) TimerEvent: {}
[393.407424] (-) TimerEvent: {}
[393.508273] (-) TimerEvent: {}
[393.609135] (-) TimerEvent: {}
[393.709998] (-) TimerEvent: {}
[393.810922] (-) TimerEvent: {}
[393.911879] (-) TimerEvent: {}
[394.012746] (-) TimerEvent: {}
[394.113711] (-) TimerEvent: {}
[394.214600] (-) TimerEvent: {}
[394.315566] (-) TimerEvent: {}
[394.416430] (-) TimerEvent: {}
[394.517290] (-) TimerEvent: {}
[394.618130] (-) TimerEvent: {}
[394.719118] (-) TimerEvent: {}
[394.820470] (-) TimerEvent: {}
[394.921384] (-) TimerEvent: {}
[395.022199] (-) TimerEvent: {}
[395.123178] (-) TimerEvent: {}
[395.224157] (-) TimerEvent: {}
[395.325079] (-) TimerEvent: {}
[395.425911] (-) TimerEvent: {}
[395.526800] (-) TimerEvent: {}
[395.627650] (-) TimerEvent: {}
[395.728578] (-) TimerEvent: {}
[395.829577] (-) TimerEvent: {}
[395.930532] (-) TimerEvent: {}
[396.031380] (-) TimerEvent: {}
[396.132249] (-) TimerEvent: {}
[396.233157] (-) TimerEvent: {}
[396.334148] (-) TimerEvent: {}
[396.435004] (-) TimerEvent: {}
[396.535900] (-) TimerEvent: {}
[396.636763] (-) TimerEvent: {}
[396.737715] (-) TimerEvent: {}
[396.838646] (-) TimerEvent: {}
[396.939530] (-) TimerEvent: {}
[397.040392] (-) TimerEvent: {}
[397.141330] (-) TimerEvent: {}
[397.242164] (-) TimerEvent: {}
[397.343018] (-) TimerEvent: {}
[397.443875] (-) TimerEvent: {}
[397.544702] (-) TimerEvent: {}
[397.645661] (-) TimerEvent: {}
[397.746543] (-) TimerEvent: {}
[397.847494] (-) TimerEvent: {}
[397.948325] (-) TimerEvent: {}
[398.049210] (-) TimerEvent: {}
[398.150050] (-) TimerEvent: {}
[398.250962] (-) TimerEvent: {}
[398.351839] (-) TimerEvent: {}
[398.452795] (-) TimerEvent: {}
[398.553775] (-) TimerEvent: {}
[398.654636] (-) TimerEvent: {}
[398.755505] (-) TimerEvent: {}
[398.856454] (-) TimerEvent: {}
[398.957359] (-) TimerEvent: {}
[399.058290] (-) TimerEvent: {}
[399.159106] (-) TimerEvent: {}
[399.260006] (-) TimerEvent: {}
[399.360869] (-) TimerEvent: {}
[399.461759] (-) TimerEvent: {}
[399.562616] (-) TimerEvent: {}
[399.663456] (-) TimerEvent: {}
[399.764366] (-) TimerEvent: {}
[399.865258] (-) TimerEvent: {}
[399.966099] (-) TimerEvent: {}
[400.066991] (-) TimerEvent: {}
[400.167968] (-) TimerEvent: {}
[400.268935] (-) TimerEvent: {}
[400.369913] (-) TimerEvent: {}
[400.470802] (-) TimerEvent: {}
[400.571738] (-) TimerEvent: {}
[400.672596] (-) TimerEvent: {}
[400.773596] (-) TimerEvent: {}
[400.874587] (-) TimerEvent: {}
[400.975457] (-) TimerEvent: {}
[401.076373] (-) TimerEvent: {}
[401.177280] (-) TimerEvent: {}
[401.278123] (-) TimerEvent: {}
[401.379031] (-) TimerEvent: {}
[401.479891] (-) TimerEvent: {}
[401.580766] (-) TimerEvent: {}
[401.681687] (-) TimerEvent: {}
[401.782632] (-) TimerEvent: {}
[401.883491] (-) TimerEvent: {}
[401.984348] (-) TimerEvent: {}
[402.085190] (-) TimerEvent: {}
[402.186064] (-) TimerEvent: {}
[402.286991] (-) TimerEvent: {}
[402.387828] (-) TimerEvent: {}
[402.488761] (-) TimerEvent: {}
[402.589780] (-) TimerEvent: {}
[402.690758] (-) TimerEvent: {}
[402.791654] (-) TimerEvent: {}
[402.892574] (-) TimerEvent: {}
[402.993454] (-) TimerEvent: {}
[403.094327] (-) TimerEvent: {}
[403.195169] (-) TimerEvent: {}
[403.296062] (-) TimerEvent: {}
[403.397086] (-) TimerEvent: {}
[403.498035] (-) TimerEvent: {}
[403.598857] (-) TimerEvent: {}
[403.699785] (-) TimerEvent: {}
[403.782532] (ei_whistle_cpp) StdoutLine: {'line': b'[100%] \x1b[32m\x1b[1mLinking CXX executable whistle_node\x1b[0m\n'}
[403.799966] (-) TimerEvent: {}
[403.900884] (-) TimerEvent: {}
[404.002160] (-) TimerEvent: {}
[404.102917] (-) TimerEvent: {}
[404.203773] (-) TimerEvent: {}
[404.304654] (-) TimerEvent: {}
[404.405624] (-) TimerEvent: {}
[404.506661] (-) TimerEvent: {}
[404.607865] (-) TimerEvent: {}
[404.709235] (-) TimerEvent: {}
[404.810151] (-) TimerEvent: {}
[404.911186] (-) TimerEvent: {}
[405.012474] (-) TimerEvent: {}
[405.113566] (-) TimerEvent: {}
[405.214501] (-) TimerEvent: {}
[405.315438] (-) TimerEvent: {}
[405.416876] (-) TimerEvent: {}
[405.517775] (-) TimerEvent: {}
[405.619120] (-) TimerEvent: {}
[405.720133] (-) TimerEvent: {}
[405.820956] (-) TimerEvent: {}
[405.921979] (-) TimerEvent: {}
[406.022909] (-) TimerEvent: {}
[406.123628] (-) TimerEvent: {}
[406.224403] (-) TimerEvent: {}
[406.256819] (ei_whistle_cpp) StderrLine: {'line': b'gmake[2]: warning:  Clock skew detected.  Your build may be incomplete.\n'}
[406.324617] (-) TimerEvent: {}
[406.325344] (ei_whistle_cpp) StdoutLine: {'line': b'[100%] Built target whistle_node\n'}
[406.390595] (ei_whistle_cpp) CommandEnded: {'returncode': 0}
[406.396462] (ei_whistle_cpp) JobProgress: {'identifier': 'ei_whistle_cpp', 'progress': 'install'}
[406.424834] (-) TimerEvent: {}
[406.436608] (ei_whistle_cpp) Command: {'cmd': ['/usr/bin/cmake', '--install', '/home/dev/respeaker_deep_audio/build/ei_whistle_cpp'], 'cwd': '/home/dev/respeaker_deep_audio/build/ei_whistle_cpp', 'env': OrderedDict([('LESSOPEN', '| /usr/bin/lesspipe %s'), ('USER', 'dev'), ('SSH_CLIENT', '10.33.154.77 62536 22'), ('ROS_PACKAGE_PATH', '/home/dev/respeaker_deep_audio/install/ei_whistle_cpp/share'), ('XDG_SESSION_TYPE', 'tty'), ('GIT_ASKPASS', '/home/dev/.vscode-server/cli/servers/Stable-7d842fb85a0275a4a8e4d7e040d2625abbf7f084/server/extensions/git/dist/askpass.sh'), ('SHLVL', '1'), ('LD_LIBRARY_PATH', '/opt/ros/humble/opt/rviz_ogre_vendor/lib:/opt/ros/humble/lib/aarch64-linux-gnu:/opt/ros/humble/lib'), ('BROWSER', '/home/dev/.vscode-server/cli/servers/Stable-7d842fb85a0275a4a8e4d7e040d2625abbf7f084/server/bin/helpers/browser.sh'), ('MOTD_SHOWN', 'pam'), ('HOME', '/home/dev'), ('OLDPWD', '/home/dev/respeaker_deep_audio'), ('TERM_PROGRAM_VERSION', '1.105.1'), ('VSCODE_IPC_HOOK_CLI', '/run/user/1000/vscode-ipc-f7bea960-783f-4fa7-9b9a-9e5a1a128e49.sock'), ('ROS_PYTHON_VERSION', '3'), ('VSCODE_GIT_ASKPASS_MAIN', '/home/dev/.vscode-server/cli/servers/Stable-7d842fb85a0275a4a8e4d7e040d2625abbf7f084/server/extensions/git/dist/askpass-main.js'), ('VSCODE_GIT_ASKPASS_NODE', '/home/dev/.vscode-server/cli/servers/Stable-7d842fb85a0275a4a8e4d7e040d2625abbf7f084/server/node'), ('SSL_CERT_FILE', '/usr/lib/ssl/certs/ca-certificates.crt'), ('VSCODE_PYTHON_AUTOACTIVATE_GUARD', '1'), ('DBUS_SESSION_BUS_ADDRESS', 'unix:path=/run/user/1000/bus'), ('COLORTERM', 'truecolor'), ('COLCON_PREFIX_PATH', '/home/dev/respeaker_deep_audio/install'), ('ROS_DISTRO', 'humble'), ('LOGNAME', 'dev'), ('_', '/usr/bin/colcon'), ('ROS_VERSION', '2'), ('PKG_CONFIG_PATH', '/home/dev/respeaker_deep_audio/install/ei_whistle_cpp/lib/aarch64-linux-gnu/pkgconfig:/home/dev/respeaker_deep_audio/install/ei_whistle_cpp/lib/pkgconfig'), ('XDG_SESSION_CLASS', 'user'), ('TERM', 'xterm-256color'), ('XDG_SESSION_ID', '3'), ('ROS_LOCALHOST_ONLY', '0'), ('PATH', '/opt/ros/humble/bin:/home/dev/.vscode-server/cli/servers/Stable-7d842fb85a0275a4a8e4d7e040d2625abbf7f084/server/bin/remote-cli:/home/dev/.local/bin:/usr/local/sbin:/usr/local/bin:/usr/sbin:/usr/bin:/sbin:/bin:/usr/games:/usr/local/games:/snap/bin:/home/dev/.vscode-server/data/User/globalStorage/github.copilot-chat/debugCommand'), ('XDG_RUNTIME_DIR', '/run/user/1000'), ('SSL_CERT_DIR', '/usr/lib/ssl/certs'), ('LANG', 'en_US.UTF-8'), ('LS_COLORS', 'rs=0:di=01;34:ln=01;36:mh=00:pi=40;33:so=01;35:do=01;35:bd=40;33;01:cd=40;33;01:or=40;31;01:mi=00:su=37;41:sg=30;43:ca=30;41:tw=30;42:ow=34;42:st=37;44:ex=01;32:*.tar=01;31:*.tgz=01;31:*.arc=01;31:*.arj=01;31:*.taz=01;31:*.lha=01;31:*.lz4=01;31:*.lzh=01;31:*.lzma=01;31:*.tlz=01;31:*.txz=01;31:*.tzo=01;31:*.t7z=01;31:*.zip=01;31:*.z=01;31:*.dz=01;31:*.gz=01;31:*.lrz=01;31:*.lz=01;31:*.lzo=01;31:*.xz=01;31:*.zst=01;31:*.tzst=01;31:*.bz2=01;31:*.bz=01;31:*.tbz=01;31:*.tbz2=01;31:*.tz=01;31:*.deb=01;31:*.rpm=01;31:*.jar=01;31:*.war=01;31:*.ear=01;31:*.sar=01;31:*.rar=01;31:*.alz=01;31:*.ace=01;31:*.zoo=01;31:*.cpio=01;31:*.7z=01;31:*.rz=01;31:*.cab=01;31:*.wim=01;31:*.swm=01;31:*.dwm=01;31:*.esd=01;31:*.jpg=01;35:*.jpeg=01;35:*.mjpg=01;35:*.mjpeg=01;35:*.gif=01;35:*.bmp=01;35:*.pbm=01;35:*.pgm=01;35:*.ppm=01;35:*.tga=01;35:*.xbm=01;35:*.xpm=01;35:*.tif=01;35:*.tiff=01;35:*.png=01;35:*.svg=01;35:*.svgz=01;35:*.mng=01;35:*.pcx=01;35:*.mov=01;35:*.mpg=01;35:*.mpeg=01;35:*.m2v=01;35:*.mkv=01;35:*.webm=01;35:*.webp=01;35:*.ogm=01;35:*.mp4=01;35:*.m4v=01;35:*.mp4v=01;35:*.vob=01;35:*.qt=01;35:*.nuv=01;35:*.wmv=01;35:*.asf=01;35:*.rm=01;35:*.rmvb=01;35:*.flc=01;35:*.avi=01;35:*.fli=01;35:*.flv=01;35:*.gl=01;35:*.dl=01;35:*.xcf=01;35:*.xwd=01;35:*.yuv=01;35:*.cgm=01;35:*.emf=01;35:*.ogv=01;35:*.ogx=01;35:*.aac=00;36:*.au=00;36:*.flac=00;36:*.m4a=00;36:*.mid=00;36:*.midi=00;36:*.mka=00;36:*.mp3=00;36:*.mpc=00;36:*.ogg=00;36:*.ra=00;36:*.wav=00;36:*.oga=00;36:*.opus=00;36:*.spx=00;36:*.xspf=00;36:'), ('VSCODE_GIT_IPC_HANDLE', '/run/user/1000/vscode-git-5db78a076d.sock'), ('TERM_PROGRAM', 'vscode'), ('AMENT_PREFIX_PATH', '/home/dev/respeaker_deep_audio/install/ei_whistle_cpp:/opt/ros/humble'), ('SHELL', '/bin/bash'), ('LESSCLOSE', '/usr/bin/lesspipe %s %s'), ('VSCODE_GIT_ASKPASS_EXTRA_ARGS', ''), ('PWD', '/home/dev/respeaker_deep_audio/build/ei_whistle_cpp'), ('LC_ALL', 'en_US.UTF-8'), ('SSH_CONNECTION', '10.33.154.77 62536 10.33.220.113 22'), ('XDG_DATA_DIRS', '/usr/share/gnome:/usr/local/share:/usr/share:/var/lib/snapd/desktop'), ('PYTHONPATH', '/opt/ros/humble/lib/python3.10/site-packages:/opt/ros/humble/local/lib/python3.10/dist-packages'), ('COLCON', '1'), ('CMAKE_PREFIX_PATH', '/home/dev/respeaker_deep_audio/install/ei_whistle_cpp')]), 'shell': False}
[406.476028] (ei_whistle_cpp) StdoutLine: {'line': b'-- Install configuration: ""\n'}
[406.478310] (ei_whistle_cpp) StdoutLine: {'line': b'-- Installing: /home/dev/respeaker_deep_audio/install/ei_whistle_cpp/lib/ei_whistle_cpp/whistle_node\n'}
[406.516960] (ei_whistle_cpp) StdoutLine: {'line': b'-- Set runtime path of "/home/dev/respeaker_deep_audio/install/ei_whistle_cpp/lib/ei_whistle_cpp/whistle_node" to ""\n'}
[406.517791] (ei_whistle_cpp) StdoutLine: {'line': b'-- Up-to-date: /home/dev/respeaker_deep_audio/install/ei_whistle_cpp/share/ament_index/resource_index/package_run_dependencies/ei_whistle_cpp\n'}
[406.518445] (ei_whistle_cpp) StdoutLine: {'line': b'-- Up-to-date: /home/dev/respeaker_deep_audio/install/ei_whistle_cpp/share/ament_index/resource_index/parent_prefix_path/ei_whistle_cpp\n'}
[406.519023] (ei_whistle_cpp) StdoutLine: {'line': b'-- Up-to-date: /home/dev/respeaker_deep_audio/install/ei_whistle_cpp/share/ei_whistle_cpp/environment/ament_prefix_path.sh\n'}
[406.519741] (ei_whistle_cpp) StdoutLine: {'line': b'-- Up-to-date: /home/dev/respeaker_deep_audio/install/ei_whistle_cpp/share/ei_whistle_cpp/environment/ament_prefix_path.dsv\n'}
[406.520280] (ei_whistle_cpp) StdoutLine: {'line': b'-- Up-to-date: /home/dev/respeaker_deep_audio/install/ei_whistle_cpp/share/ei_whistle_cpp/environment/path.sh\n'}
[406.520780] (ei_whistle_cpp) StdoutLine: {'line': b'-- Up-to-date: /home/dev/respeaker_deep_audio/install/ei_whistle_cpp/share/ei_whistle_cpp/environment/path.dsv\n'}
[406.521392] (ei_whistle_cpp) StdoutLine: {'line': b'-- Up-to-date: /home/dev/respeaker_deep_audio/install/ei_whistle_cpp/share/ei_whistle_cpp/local_setup.bash\n'}
[406.522091] (ei_whistle_cpp) StdoutLine: {'line': b'-- Up-to-date: /home/dev/respeaker_deep_audio/install/ei_whistle_cpp/share/ei_whistle_cpp/local_setup.sh\n'}
[406.522684] (ei_whistle_cpp) StdoutLine: {'line': b'-- Up-to-date: /home/dev/respeaker_deep_audio/install/ei_whistle_cpp/share/ei_whistle_cpp/local_setup.zsh\n'}
[406.523178] (ei_whistle_cpp) StdoutLine: {'line': b'-- Up-to-date: /home/dev/respeaker_deep_audio/install/ei_whistle_cpp/share/ei_whistle_cpp/local_setup.dsv\n'}
[406.523601] (ei_whistle_cpp) StdoutLine: {'line': b'-- Installing: /home/dev/respeaker_deep_audio/install/ei_whistle_cpp/share/ei_whistle_cpp/package.dsv\n'}
[406.524907] (ei_whistle_cpp) StdoutLine: {'line': b'-- Up-to-date: /home/dev/respeaker_deep_audio/install/ei_whistle_cpp/share/ament_index/resource_index/packages/ei_whistle_cpp\n'}
[406.525571] (-) TimerEvent: {}
[406.526143] (ei_whistle_cpp) StdoutLine: {'line': b'-- Up-to-date: /home/dev/respeaker_deep_audio/install/ei_whistle_cpp/share/ei_whistle_cpp/cmake/ei_whistle_cppConfig.cmake\n'}
[406.526794] (ei_whistle_cpp) StdoutLine: {'line': b'-- Up-to-date: /home/dev/respeaker_deep_audio/install/ei_whistle_cpp/share/ei_whistle_cpp/cmake/ei_whistle_cppConfig-version.cmake\n'}
[406.527521] (ei_whistle_cpp) StdoutLine: {'line': b'-- Up-to-date: /home/dev/respeaker_deep_audio/install/ei_whistle_cpp/share/ei_whistle_cpp/package.xml\n'}
[406.532879] (ei_whistle_cpp) CommandEnded: {'returncode': 0}
[406.625986] (-) TimerEvent: {}
[406.669458] (ei_whistle_cpp) JobEnded: {'identifier': 'ei_whistle_cpp', 'rc': 0}
[406.673833] (-) EventReactorShutdown: {}
