[0.000000] (-) TimerEvent: {}
[0.001478] (-) JobUnselected: {'identifier': 'doa_publisher_py'}
[0.001796] (ei_whistle_cpp) JobQueued: {'identifier': 'ei_whistle_cpp', 'dependencies': OrderedDict()}
[0.002238] (ei_whistle_cpp) JobStarted: {'identifier': 'ei_whistle_cpp'}
[0.048510] (ei_whistle_cpp) JobProgress: {'identifier': 'ei_whistle_cpp', 'progress': 'cmake'}
[0.054700] (ei_whistle_cpp) JobProgress: {'identifier': 'ei_whistle_cpp', 'progress': 'build'}
[0.058671] (ei_whistle_cpp) Command: {'cmd': ['/usr/bin/cmake', '--build', '/home/dev/respeaker_deep_audio/build/ei_whistle_cpp', '--', '-j4', '-l4'], 'cwd': '/home/dev/respeaker_deep_audio/build/ei_whistle_cpp', 'env': OrderedDict([('LESSOPEN', '| /usr/bin/lesspipe %s'), ('USER', 'dev'), ('SSH_CLIENT', '10.33.154.77 62536 22'), ('ROS_PACKAGE_PATH', '/home/dev/respeaker_deep_audio/install/ei_whistle_cpp/share'), ('XDG_SESSION_TYPE', 'tty'), ('GIT_ASKPASS', '/home/dev/.vscode-server/cli/servers/Stable-7d842fb85a0275a4a8e4d7e040d2625abbf7f084/server/extensions/git/dist/askpass.sh'), ('SHLVL', '1'), ('LD_LIBRARY_PATH', '/opt/ros/humble/opt/rviz_ogre_vendor/lib:/opt/ros/humble/lib/aarch64-linux-gnu:/opt/ros/humble/lib'), ('BROWSER', '/home/dev/.vscode-server/cli/servers/Stable-7d842fb85a0275a4a8e4d7e040d2625abbf7f084/server/bin/helpers/browser.sh'), ('MOTD_SHOWN', 'pam'), ('HOME', '/home/dev'), ('OLDPWD', '/home/dev'), ('TERM_PROGRAM_VERSION', '1.105.1'), ('VSCODE_IPC_HOOK_CLI', '/run/user/1000/vscode-ipc-f7bea960-783f-4fa7-9b9a-9e5a1a128e49.sock'), ('ROS_PYTHON_VERSION', '3'), ('VSCODE_GIT_ASKPASS_MAIN', '/home/dev/.vscode-server/cli/servers/Stable-7d842fb85a0275a4a8e4d7e040d2625abbf7f084/server/extensions/git/dist/askpass-main.js'), ('VSCODE_GIT_ASKPASS_NODE', '/home/dev/.vscode-server/cli/servers/Stable-7d842fb85a0275a4a8e4d7e040d2625abbf7f084/server/node'), ('SSL_CERT_FILE', '/usr/lib/ssl/certs/ca-certificates.crt'), ('VSCODE_PYTHON_AUTOACTIVATE_GUARD', '1'), ('DBUS_SESSION_BUS_ADDRESS', 'unix:path=/run/user/1000/bus'), ('COLORTERM', 'truecolor'), ('COLCON_PREFIX_PATH', '/home/dev/respeaker_deep_audio/install'), ('ROS_DISTRO', 'humble'), ('LOGNAME', 'dev'), ('_', '/usr/bin/colcon'), ('ROS_VERSION', '2'), ('PKG_CONFIG_PATH', '/home/dev/respeaker_deep_audio/install/ei_whistle_cpp/lib/aarch64-linux-gnu/pkgconfig:/home/dev/respeaker_deep_audio/install/ei_whistle_cpp/lib/pkgconfig'), ('XDG_SESSION_CLASS', 'user'), ('TERM', 'xterm-256color'), ('XDG_SESSION_ID', '3'), ('ROS_LOCALHOST_ONLY', '0'), ('PATH', '/opt/ros/humble/bin:/home/dev/.vscode-server/cli/servers/Stable-7d842fb85a0275a4a8e4d7e040d2625abbf7f084/server/bin/remote-cli:/home/dev/.local/bin:/usr/local/sbin:/usr/local/bin:/usr/sbin:/usr/bin:/sbin:/bin:/usr/games:/usr/local/games:/snap/bin:/home/dev/.vscode-server/data/User/globalStorage/github.copilot-chat/debugCommand'), ('XDG_RUNTIME_DIR', '/run/user/1000'), ('SSL_CERT_DIR', '/usr/lib/ssl/certs'), ('LANG', 'en_US.UTF-8'), ('LS_COLORS', 'rs=0:di=01;34:ln=01;36:mh=00:pi=40;33:so=01;35:do=01;35:bd=40;33;01:cd=40;33;01:or=40;31;01:mi=00:su=37;41:sg=30;43:ca=30;41:tw=30;42:ow=34;42:st=37;44:ex=01;32:*.tar=01;31:*.tgz=01;31:*.arc=01;31:*.arj=01;31:*.taz=01;31:*.lha=01;31:*.lz4=01;31:*.lzh=01;31:*.lzma=01;31:*.tlz=01;31:*.txz=01;31:*.tzo=01;31:*.t7z=01;31:*.zip=01;31:*.z=01;31:*.dz=01;31:*.gz=01;31:*.lrz=01;31:*.lz=01;31:*.lzo=01;31:*.xz=01;31:*.zst=01;31:*.tzst=01;31:*.bz2=01;31:*.bz=01;31:*.tbz=01;31:*.tbz2=01;31:*.tz=01;31:*.deb=01;31:*.rpm=01;31:*.jar=01;31:*.war=01;31:*.ear=01;31:*.sar=01;31:*.rar=01;31:*.alz=01;31:*.ace=01;31:*.zoo=01;31:*.cpio=01;31:*.7z=01;31:*.rz=01;31:*.cab=01;31:*.wim=01;31:*.swm=01;31:*.dwm=01;31:*.esd=01;31:*.jpg=01;35:*.jpeg=01;35:*.mjpg=01;35:*.mjpeg=01;35:*.gif=01;35:*.bmp=01;35:*.pbm=01;35:*.pgm=01;35:*.ppm=01;35:*.tga=01;35:*.xbm=01;35:*.xpm=01;35:*.tif=01;35:*.tiff=01;35:*.png=01;35:*.svg=01;35:*.svgz=01;35:*.mng=01;35:*.pcx=01;35:*.mov=01;35:*.mpg=01;35:*.mpeg=01;35:*.m2v=01;35:*.mkv=01;35:*.webm=01;35:*.webp=01;35:*.ogm=01;35:*.mp4=01;35:*.m4v=01;35:*.mp4v=01;35:*.vob=01;35:*.qt=01;35:*.nuv=01;35:*.wmv=01;35:*.asf=01;35:*.rm=01;35:*.rmvb=01;35:*.flc=01;35:*.avi=01;35:*.fli=01;35:*.flv=01;35:*.gl=01;35:*.dl=01;35:*.xcf=01;35:*.xwd=01;35:*.yuv=01;35:*.cgm=01;35:*.emf=01;35:*.ogv=01;35:*.ogx=01;35:*.aac=00;36:*.au=00;36:*.flac=00;36:*.m4a=00;36:*.mid=00;36:*.midi=00;36:*.mka=00;36:*.mp3=00;36:*.mpc=00;36:*.ogg=00;36:*.ra=00;36:*.wav=00;36:*.oga=00;36:*.opus=00;36:*.spx=00;36:*.xspf=00;36:'), ('VSCODE_GIT_IPC_HANDLE', '/run/user/1000/vscode-git-5db78a076d.sock'), ('TERM_PROGRAM', 'vscode'), ('AMENT_PREFIX_PATH', '/home/dev/respeaker_deep_audio/install/ei_whistle_cpp:/opt/ros/humble'), ('SHELL', '/bin/bash'), ('LESSCLOSE', '/usr/bin/lesspipe %s %s'), ('VSCODE_GIT_ASKPASS_EXTRA_ARGS', ''), ('PWD', '/home/dev/respeaker_deep_audio/build/ei_whistle_cpp'), ('LC_ALL', 'en_US.UTF-8'), ('SSH_CONNECTION', '10.33.154.77 62536 10.33.220.113 22'), ('XDG_DATA_DIRS', '/usr/share/gnome:/usr/local/share:/usr/share:/var/lib/snapd/desktop'), ('PYTHONPATH', '/opt/ros/humble/lib/python3.10/site-packages:/opt/ros/humble/local/lib/python3.10/dist-packages'), ('COLCON', '1'), ('CMAKE_PREFIX_PATH', '/home/dev/respeaker_deep_audio/install/ei_whistle_cpp')]), 'shell': False}
[0.097759] (-) TimerEvent: {}
[0.198640] (-) TimerEvent: {}
[0.246193] (ei_whistle_cpp) StdoutLine: {'line': b'-- Found ament_cmake: 1.3.12 (/opt/ros/humble/share/ament_cmake/cmake)\n'}
[0.298849] (-) TimerEvent: {}
[0.399739] (-) TimerEvent: {}
[0.500722] (-) TimerEvent: {}
[0.601560] (-) TimerEvent: {}
[0.702590] (-) TimerEvent: {}
[0.803508] (-) TimerEvent: {}
[0.904893] (-) TimerEvent: {}
[1.006911] (-) TimerEvent: {}
[1.023071] (ei_whistle_cpp) StdoutLine: {'line': b'-- Found rclcpp: 16.0.15 (/opt/ros/humble/share/rclcpp/cmake)\n'}
[1.107109] (-) TimerEvent: {}
[1.208227] (-) TimerEvent: {}
[1.296736] (ei_whistle_cpp) StdoutLine: {'line': b'-- Found rosidl_generator_c: 3.1.7 (/opt/ros/humble/share/rosidl_generator_c/cmake)\n'}
[1.308563] (-) TimerEvent: {}
[1.317565] (ei_whistle_cpp) StdoutLine: {'line': b'-- Found rosidl_adapter: 3.1.7 (/opt/ros/humble/share/rosidl_adapter/cmake)\n'}
[1.362810] (ei_whistle_cpp) StdoutLine: {'line': b'-- Found rosidl_generator_cpp: 3.1.7 (/opt/ros/humble/share/rosidl_generator_cpp/cmake)\n'}
[1.408775] (-) TimerEvent: {}
[1.426690] (ei_whistle_cpp) StdoutLine: {'line': b'-- Using all available rosidl_typesupport_c: rosidl_typesupport_fastrtps_c;rosidl_typesupport_introspection_c\n'}
[1.504313] (ei_whistle_cpp) StdoutLine: {'line': b'-- Using all available rosidl_typesupport_cpp: rosidl_typesupport_fastrtps_cpp;rosidl_typesupport_introspection_cpp\n'}
[1.508948] (-) TimerEvent: {}
[1.609729] (-) TimerEvent: {}
[1.710609] (-) TimerEvent: {}
[1.717985] (ei_whistle_cpp) StdoutLine: {'line': b'-- Found rmw_implementation_cmake: 6.1.2 (/opt/ros/humble/share/rmw_implementation_cmake/cmake)\n'}
[1.729894] (ei_whistle_cpp) StdoutLine: {'line': b'-- Found rmw_fastrtps_cpp: 6.2.9 (/opt/ros/humble/share/rmw_fastrtps_cpp/cmake)\n'}
[1.810822] (-) TimerEvent: {}
[1.911687] (-) TimerEvent: {}
[2.012440] (-) TimerEvent: {}
[2.113229] (-) TimerEvent: {}
[2.214662] (-) TimerEvent: {}
[2.315391] (-) TimerEvent: {}
[2.416154] (-) TimerEvent: {}
[2.516932] (-) TimerEvent: {}
[2.617722] (-) TimerEvent: {}
[2.718532] (-) TimerEvent: {}
[2.819275] (-) TimerEvent: {}
[2.920099] (-) TimerEvent: {}
[2.944768] (ei_whistle_cpp) StdoutLine: {'line': b"-- Using RMW implementation 'rmw_fastrtps_cpp' as default\n"}
[3.020295] (-) TimerEvent: {}
[3.121140] (-) TimerEvent: {}
[3.221998] (-) TimerEvent: {}
[3.322858] (-) TimerEvent: {}
[3.423766] (-) TimerEvent: {}
[3.524744] (-) TimerEvent: {}
[3.625973] (-) TimerEvent: {}
[3.674243] (ei_whistle_cpp) StdoutLine: {'line': b'-- Configuring done\n'}
[3.726166] (-) TimerEvent: {}
[3.827048] (-) TimerEvent: {}
[3.867897] (ei_whistle_cpp) StdoutLine: {'line': b'-- Generating done\n'}
[3.898489] (ei_whistle_cpp) StdoutLine: {'line': b'-- Build files have been written to: /home/dev/respeaker_deep_audio/build/ei_whistle_cpp\n'}
[3.927275] (-) TimerEvent: {}
[4.028324] (-) TimerEvent: {}
[4.129205] (-) TimerEvent: {}
[4.170747] (ei_whistle_cpp) StdoutLine: {'line': b'\x1b[35m\x1b[1mConsolidate compiler generated dependencies of target whistle_node\x1b[0m\n'}
[4.229402] (-) TimerEvent: {}
[4.330218] (-) TimerEvent: {}
[4.431019] (-) TimerEvent: {}
[4.531791] (-) TimerEvent: {}
[4.632497] (-) TimerEvent: {}
[4.733255] (-) TimerEvent: {}
[4.834044] (-) TimerEvent: {}
[4.934811] (-) TimerEvent: {}
[5.035516] (-) TimerEvent: {}
[5.136241] (-) TimerEvent: {}
[5.237206] (-) TimerEvent: {}
[5.254217] (ei_whistle_cpp) StderrLine: {'line': b"gmake[2]: Warning: File '/home/dev/respeaker_deep_audio/src/ei_whistle_cpp/edge-impulse-sdk/classifier/ei_run_classifier.h' has modification time 10617 s in the future\n"}
[5.303622] (ei_whistle_cpp) StdoutLine: {'line': b'[  0%] \x1b[32mBuilding CXX object CMakeFiles/whistle_node.dir/whistle_node.cpp.o\x1b[0m\n'}
[5.311964] (ei_whistle_cpp) StdoutLine: {'line': b'[  1%] \x1b[32mBuilding CXX object CMakeFiles/whistle_node.dir/edge-impulse-sdk/classifier/ei_run_classifier_c.cpp.o\x1b[0m\n'}
[5.323992] (ei_whistle_cpp) StdoutLine: {'line': b'[  1%] \x1b[32mBuilding CXX object CMakeFiles/whistle_node.dir/edge-impulse-sdk/dsp/dct/fast-dct-fft.cpp.o\x1b[0m\n'}
[5.333308] (ei_whistle_cpp) StdoutLine: {'line': b'[  2%] \x1b[32mBuilding CXX object CMakeFiles/whistle_node.dir/edge-impulse-sdk/dsp/image/processing.cpp.o\x1b[0m\n'}
[5.337397] (-) TimerEvent: {}
[5.438835] (-) TimerEvent: {}
[5.469093] (ei_whistle_cpp) StdoutLine: {'line': b'[  3%] \x1b[32mBuilding CXX object CMakeFiles/whistle_node.dir/edge-impulse-sdk/dsp/kissfft/kiss_fft.cpp.o\x1b[0m\n'}
[5.476979] (ei_whistle_cpp) StdoutLine: {'line': b'[  3%] \x1b[32mBuilding CXX object CMakeFiles/whistle_node.dir/edge-impulse-sdk/dsp/kissfft/kiss_fftr.cpp.o\x1b[0m\n'}
[5.539047] (-) TimerEvent: {}
[5.640088] (-) TimerEvent: {}
[5.740968] (-) TimerEvent: {}
[5.830498] (ei_whistle_cpp) StdoutLine: {'line': b'[  4%] \x1b[32mBuilding CXX object CMakeFiles/whistle_node.dir/edge-impulse-sdk/dsp/memory.cpp.o\x1b[0m\n'}
[5.841208] (-) TimerEvent: {}
[5.942219] (-) TimerEvent: {}
[6.043127] (-) TimerEvent: {}
[6.144111] (-) TimerEvent: {}
[6.245152] (-) TimerEvent: {}
[6.346913] (-) TimerEvent: {}
[6.448021] (-) TimerEvent: {}
[6.549094] (-) TimerEvent: {}
[6.650155] (-) TimerEvent: {}
[6.751193] (-) TimerEvent: {}
[6.805915] (ei_whistle_cpp) StdoutLine: {'line': b'[  4%] \x1b[32mBuilding CXX object CMakeFiles/whistle_node.dir/edge-impulse-sdk/porting/posix/debug_log.cpp.o\x1b[0m\n'}
[6.851442] (-) TimerEvent: {}
[6.883157] (ei_whistle_cpp) StdoutLine: {'line': b'[  5%] \x1b[32mBuilding CXX object CMakeFiles/whistle_node.dir/edge-impulse-sdk/porting/posix/ei_classifier_porting.cpp.o\x1b[0m\n'}
[6.951649] (-) TimerEvent: {}
[7.053422] (-) TimerEvent: {}
[7.155173] (-) TimerEvent: {}
[7.226792] (ei_whistle_cpp) StdoutLine: {'line': b'[  6%] \x1b[32mBuilding C object CMakeFiles/whistle_node.dir/edge-impulse-sdk/tensorflow/lite/c/common.c.o\x1b[0m\n'}
[7.255411] (-) TimerEvent: {}
[7.357497] (-) TimerEvent: {}
[7.372607] (ei_whistle_cpp) StdoutLine: {'line': b'[  6%] \x1b[32mBuilding CXX object CMakeFiles/whistle_node.dir/edge-impulse-sdk/tensorflow/lite/core/api/common.cc.o\x1b[0m\n'}
[7.457768] (-) TimerEvent: {}
[7.559683] (-) TimerEvent: {}
[7.662014] (-) TimerEvent: {}
[7.764536] (-) TimerEvent: {}
[7.867089] (-) TimerEvent: {}
[7.892951] (ei_whistle_cpp) StdoutLine: {'line': b'[  7%] \x1b[32mBuilding CXX object CMakeFiles/whistle_node.dir/edge-impulse-sdk/tensorflow/lite/core/api/error_reporter.cc.o\x1b[0m\n'}
[7.967321] (-) TimerEvent: {}
[8.069759] (-) TimerEvent: {}
[8.135065] (ei_whistle_cpp) StdoutLine: {'line': b'[  7%] \x1b[32mBuilding CXX object CMakeFiles/whistle_node.dir/edge-impulse-sdk/tensorflow/lite/core/api/flatbuffer_conversions.cc.o\x1b[0m\n'}
[8.169981] (-) TimerEvent: {}
[8.208264] (ei_whistle_cpp) StdoutLine: {'line': b'[  8%] \x1b[32mBuilding CXX object CMakeFiles/whistle_node.dir/edge-impulse-sdk/tensorflow/lite/core/api/op_resolver.cc.o\x1b[0m\n'}
[8.270213] (-) TimerEvent: {}
[8.321037] (ei_whistle_cpp) StdoutLine: {'line': b'[  9%] \x1b[32mBuilding CXX object CMakeFiles/whistle_node.dir/edge-impulse-sdk/tensorflow/lite/core/api/tensor_utils.cc.o\x1b[0m\n'}
[8.370452] (-) TimerEvent: {}
[8.472301] (-) TimerEvent: {}
[8.574096] (-) TimerEvent: {}
[8.601218] (ei_whistle_cpp) StdoutLine: {'line': b'[  9%] \x1b[32mBuilding CXX object CMakeFiles/whistle_node.dir/edge-impulse-sdk/tensorflow/lite/kernels/custom/tree_ensemble_classifier.cc.o\x1b[0m\n'}
[8.674300] (-) TimerEvent: {}
[8.775782] (-) TimerEvent: {}
[8.876701] (-) TimerEvent: {}
[8.978161] (-) TimerEvent: {}
[9.079326] (-) TimerEvent: {}
[9.180654] (-) TimerEvent: {}
[9.281668] (-) TimerEvent: {}
[9.382747] (-) TimerEvent: {}
[9.483954] (-) TimerEvent: {}
[9.585063] (-) TimerEvent: {}
[9.686057] (-) TimerEvent: {}
[9.787999] (-) TimerEvent: {}
[9.890940] (-) TimerEvent: {}
[9.993981] (-) TimerEvent: {}
[10.097393] (-) TimerEvent: {}
[10.200187] (-) TimerEvent: {}
[10.302062] (-) TimerEvent: {}
[10.403610] (-) TimerEvent: {}
[10.505423] (-) TimerEvent: {}
[10.607357] (-) TimerEvent: {}
[10.709192] (-) TimerEvent: {}
[10.810983] (-) TimerEvent: {}
[10.912738] (-) TimerEvent: {}
[11.014403] (-) TimerEvent: {}
[11.116205] (-) TimerEvent: {}
[11.218104] (-) TimerEvent: {}
[11.320069] (-) TimerEvent: {}
[11.421829] (-) TimerEvent: {}
[11.523654] (-) TimerEvent: {}
[11.625526] (-) TimerEvent: {}
[11.728049] (-) TimerEvent: {}
[11.830007] (-) TimerEvent: {}
[11.931999] (-) TimerEvent: {}
[12.033843] (-) TimerEvent: {}
[12.137214] (-) TimerEvent: {}
[12.240511] (-) TimerEvent: {}
[12.344308] (-) TimerEvent: {}
[12.446964] (-) TimerEvent: {}
[12.549640] (-) TimerEvent: {}
[12.652498] (-) TimerEvent: {}
[12.754423] (-) TimerEvent: {}
[12.762801] (ei_whistle_cpp) StdoutLine: {'line': b'[ 10%] \x1b[32mBuilding CXX object CMakeFiles/whistle_node.dir/edge-impulse-sdk/tensorflow/lite/kernels/internal/portable_tensor_utils.cc.o\x1b[0m\n'}
[12.854810] (-) TimerEvent: {}
[12.956515] (-) TimerEvent: {}
[13.058360] (-) TimerEvent: {}
[13.160202] (-) TimerEvent: {}
[13.262304] (-) TimerEvent: {}
[13.364477] (-) TimerEvent: {}
[13.466518] (-) TimerEvent: {}
[13.568598] (-) TimerEvent: {}
[13.670701] (-) TimerEvent: {}
[13.773460] (-) TimerEvent: {}
[13.876160] (-) TimerEvent: {}
[13.978471] (-) TimerEvent: {}
[14.080244] (-) TimerEvent: {}
[14.182165] (-) TimerEvent: {}
[14.284018] (-) TimerEvent: {}
[14.385834] (-) TimerEvent: {}
[14.487756] (-) TimerEvent: {}
[14.596814] (-) TimerEvent: {}
[14.698750] (-) TimerEvent: {}
[14.800747] (-) TimerEvent: {}
[14.902622] (-) TimerEvent: {}
[15.004805] (-) TimerEvent: {}
[15.106903] (-) TimerEvent: {}
[15.208950] (-) TimerEvent: {}
[15.317952] (-) TimerEvent: {}
[15.419595] (-) TimerEvent: {}
[15.443338] (ei_whistle_cpp) StdoutLine: {'line': b'[ 10%] \x1b[32mBuilding CXX object CMakeFiles/whistle_node.dir/edge-impulse-sdk/tensorflow/lite/kernels/internal/quantization_util.cc.o\x1b[0m\n'}
[15.476848] (ei_whistle_cpp) StdoutLine: {'line': b'[ 11%] \x1b[32mBuilding CXX object CMakeFiles/whistle_node.dir/edge-impulse-sdk/tensorflow/lite/kernels/internal/reference_portable_tensor_utils.cc.o\x1b[0m\n'}
[15.519873] (-) TimerEvent: {}
[15.622265] (-) TimerEvent: {}
[15.724578] (-) TimerEvent: {}
[15.826913] (-) TimerEvent: {}
[15.929388] (-) TimerEvent: {}
[16.031822] (-) TimerEvent: {}
[16.134002] (-) TimerEvent: {}
[16.236389] (-) TimerEvent: {}
[16.338567] (-) TimerEvent: {}
[16.442636] (-) TimerEvent: {}
[16.547128] (-) TimerEvent: {}
[16.649030] (-) TimerEvent: {}
[16.753406] (-) TimerEvent: {}
[16.856224] (-) TimerEvent: {}
[16.965810] (-) TimerEvent: {}
[17.069815] (-) TimerEvent: {}
[17.173835] (-) TimerEvent: {}
[17.281805] (-) TimerEvent: {}
[17.393808] (-) TimerEvent: {}
[17.495138] (-) TimerEvent: {}
[17.598306] (-) TimerEvent: {}
[17.701115] (-) TimerEvent: {}
[17.803757] (-) TimerEvent: {}
[17.906283] (-) TimerEvent: {}
[18.008768] (-) TimerEvent: {}
[18.111688] (-) TimerEvent: {}
[18.214882] (-) TimerEvent: {}
[18.317821] (-) TimerEvent: {}
[18.420294] (-) TimerEvent: {}
[18.522787] (-) TimerEvent: {}
[18.624489] (-) TimerEvent: {}
[18.675232] (ei_whistle_cpp) StdoutLine: {'line': b'[ 12%] \x1b[32mBuilding CXX object CMakeFiles/whistle_node.dir/edge-impulse-sdk/tensorflow/lite/kernels/internal/tensor_utils.cc.o\x1b[0m\n'}
[18.724736] (-) TimerEvent: {}
[18.826586] (-) TimerEvent: {}
[18.942031] (-) TimerEvent: {}
[19.045800] (-) TimerEvent: {}
[19.147007] (-) TimerEvent: {}
[19.249231] (-) TimerEvent: {}
[19.351610] (-) TimerEvent: {}
[19.454331] (-) TimerEvent: {}
[19.556814] (-) TimerEvent: {}
[19.664839] (-) TimerEvent: {}
[19.767542] (-) TimerEvent: {}
[19.870093] (-) TimerEvent: {}
[19.972618] (-) TimerEvent: {}
[20.075512] (-) TimerEvent: {}
[20.178259] (-) TimerEvent: {}
[20.281028] (-) TimerEvent: {}
[20.383716] (-) TimerEvent: {}
[20.485483] (-) TimerEvent: {}
[20.587384] (-) TimerEvent: {}
[20.689159] (-) TimerEvent: {}
[20.791323] (-) TimerEvent: {}
[20.893907] (-) TimerEvent: {}
[20.995607] (-) TimerEvent: {}
[21.097515] (-) TimerEvent: {}
[21.200220] (-) TimerEvent: {}
[21.302664] (-) TimerEvent: {}
[21.405389] (-) TimerEvent: {}
[21.507954] (-) TimerEvent: {}
[21.609515] (-) TimerEvent: {}
[21.653386] (ei_whistle_cpp) StdoutLine: {'line': b'[ 12%] \x1b[32mBuilding CXX object CMakeFiles/whistle_node.dir/edge-impulse-sdk/tensorflow/lite/kernels/kernel_util_lite.cc.o\x1b[0m\n'}
[21.709838] (-) TimerEvent: {}
[21.812269] (-) TimerEvent: {}
[21.914626] (-) TimerEvent: {}
[22.016937] (-) TimerEvent: {}
[22.119293] (-) TimerEvent: {}
[22.221492] (-) TimerEvent: {}
[22.324783] (-) TimerEvent: {}
[22.329226] (ei_whistle_cpp) StdoutLine: {'line': b'[ 13%] \x1b[32mBuilding CXX object CMakeFiles/whistle_node.dir/edge-impulse-sdk/tensorflow/lite/micro/all_ops_resolver.cc.o\x1b[0m\n'}
[22.425040] (-) TimerEvent: {}
[22.527504] (-) TimerEvent: {}
[22.629966] (-) TimerEvent: {}
[22.732266] (-) TimerEvent: {}
[22.834465] (-) TimerEvent: {}
[22.936867] (-) TimerEvent: {}
[23.039456] (-) TimerEvent: {}
[23.142091] (-) TimerEvent: {}
[23.245100] (-) TimerEvent: {}
[23.347941] (-) TimerEvent: {}
[23.450630] (-) TimerEvent: {}
[23.553456] (-) TimerEvent: {}
[23.655866] (-) TimerEvent: {}
[23.758351] (-) TimerEvent: {}
[23.860937] (-) TimerEvent: {}
[23.963401] (-) TimerEvent: {}
[24.065788] (-) TimerEvent: {}
[24.168287] (-) TimerEvent: {}
[24.271029] (-) TimerEvent: {}
[24.373783] (-) TimerEvent: {}
[24.476248] (-) TimerEvent: {}
[24.578871] (-) TimerEvent: {}
[24.691570] (-) TimerEvent: {}
[24.794345] (-) TimerEvent: {}
[24.896855] (-) TimerEvent: {}
[24.999289] (-) TimerEvent: {}
[25.102309] (-) TimerEvent: {}
[25.205553] (-) TimerEvent: {}
[25.308200] (-) TimerEvent: {}
[25.413509] (-) TimerEvent: {}
[25.514794] (-) TimerEvent: {}
[25.617437] (-) TimerEvent: {}
[25.719984] (-) TimerEvent: {}
[25.822568] (-) TimerEvent: {}
[25.925127] (-) TimerEvent: {}
[26.027743] (-) TimerEvent: {}
[26.130120] (-) TimerEvent: {}
[26.232464] (-) TimerEvent: {}
[26.335042] (-) TimerEvent: {}
[26.438196] (-) TimerEvent: {}
[26.540747] (-) TimerEvent: {}
[26.647287] (-) TimerEvent: {}
[26.745650] (ei_whistle_cpp) StdoutLine: {'line': b'[ 13%] \x1b[32mBuilding CXX object CMakeFiles/whistle_node.dir/edge-impulse-sdk/tensorflow/lite/micro/fake_micro_context.cc.o\x1b[0m\n'}
[26.748889] (-) TimerEvent: {}
[26.850902] (-) TimerEvent: {}
[26.952740] (-) TimerEvent: {}
[27.055025] (-) TimerEvent: {}
[27.156758] (-) TimerEvent: {}
[27.258519] (-) TimerEvent: {}
[27.360201] (-) TimerEvent: {}
[27.462741] (-) TimerEvent: {}
[27.565407] (-) TimerEvent: {}
[27.668496] (-) TimerEvent: {}
[27.771538] (-) TimerEvent: {}
[27.874476] (-) TimerEvent: {}
[27.977233] (-) TimerEvent: {}
[28.080150] (-) TimerEvent: {}
[28.183632] (-) TimerEvent: {}
[28.286614] (-) TimerEvent: {}
[28.389460] (-) TimerEvent: {}
[28.492252] (-) TimerEvent: {}
[28.595176] (-) TimerEvent: {}
[28.698239] (-) TimerEvent: {}
[28.800909] (-) TimerEvent: {}
[28.903856] (-) TimerEvent: {}
[29.006437] (-) TimerEvent: {}
[29.109091] (-) TimerEvent: {}
[29.211578] (-) TimerEvent: {}
[29.314235] (-) TimerEvent: {}
[29.417161] (-) TimerEvent: {}
[29.519761] (-) TimerEvent: {}
[29.622329] (-) TimerEvent: {}
[29.730798] (-) TimerEvent: {}
[29.833315] (-) TimerEvent: {}
[29.935924] (-) TimerEvent: {}
[30.038486] (-) TimerEvent: {}
[30.140659] (-) TimerEvent: {}
[30.243310] (-) TimerEvent: {}
[30.344847] (-) TimerEvent: {}
[30.447326] (-) TimerEvent: {}
[30.549715] (-) TimerEvent: {}
[30.653304] (-) TimerEvent: {}
[30.755832] (-) TimerEvent: {}
[30.858560] (-) TimerEvent: {}
[30.961028] (-) TimerEvent: {}
[31.063609] (-) TimerEvent: {}
[31.166204] (-) TimerEvent: {}
[31.268709] (-) TimerEvent: {}
[31.371499] (-) TimerEvent: {}
[31.474074] (-) TimerEvent: {}
[31.577140] (-) TimerEvent: {}
[31.679078] (-) TimerEvent: {}
[31.781705] (-) TimerEvent: {}
[31.793832] (ei_whistle_cpp) StdoutLine: {'line': b'[ 14%] \x1b[32mBuilding CXX object CMakeFiles/whistle_node.dir/edge-impulse-sdk/tensorflow/lite/micro/flatbuffer_conversions_bridge.cc.o\x1b[0m\n'}
[31.881806] (-) TimerEvent: {}
[31.984207] (-) TimerEvent: {}
[32.087329] (-) TimerEvent: {}
[32.141176] (ei_whistle_cpp) StdoutLine: {'line': b'[ 15%] \x1b[32mBuilding CXX object CMakeFiles/whistle_node.dir/edge-impulse-sdk/tensorflow/lite/micro/flatbuffer_utils.cc.o\x1b[0m\n'}
[32.187584] (-) TimerEvent: {}
[32.290266] (-) TimerEvent: {}
[32.392754] (-) TimerEvent: {}
[32.495354] (-) TimerEvent: {}
[32.597630] (-) TimerEvent: {}
[32.700152] (-) TimerEvent: {}
[32.804015] (-) TimerEvent: {}
[32.905972] (-) TimerEvent: {}
[33.007887] (-) TimerEvent: {}
[33.109460] (-) TimerEvent: {}
[33.211114] (-) TimerEvent: {}
[33.312717] (-) TimerEvent: {}
[33.414481] (-) TimerEvent: {}
[33.516165] (-) TimerEvent: {}
[33.617811] (-) TimerEvent: {}
[33.719575] (-) TimerEvent: {}
[33.821790] (-) TimerEvent: {}
[33.923936] (-) TimerEvent: {}
[34.026260] (-) TimerEvent: {}
[34.128572] (-) TimerEvent: {}
[34.230825] (-) TimerEvent: {}
[34.332733] (-) TimerEvent: {}
[34.434716] (-) TimerEvent: {}
[34.536450] (-) TimerEvent: {}
[34.638255] (-) TimerEvent: {}
[34.741064] (-) TimerEvent: {}
[34.844248] (-) TimerEvent: {}
[34.947205] (-) TimerEvent: {}
[35.050002] (-) TimerEvent: {}
[35.152677] (-) TimerEvent: {}
[35.254576] (-) TimerEvent: {}
[35.356035] (-) TimerEvent: {}
[35.458639] (-) TimerEvent: {}
[35.561506] (-) TimerEvent: {}
[35.664149] (-) TimerEvent: {}
[35.766798] (-) TimerEvent: {}
[35.869807] (-) TimerEvent: {}
[35.972390] (-) TimerEvent: {}
[36.074892] (-) TimerEvent: {}
[36.177437] (-) TimerEvent: {}
[36.279932] (-) TimerEvent: {}
[36.284843] (ei_whistle_cpp) StdoutLine: {'line': b'[ 15%] \x1b[32mBuilding CXX object CMakeFiles/whistle_node.dir/edge-impulse-sdk/tensorflow/lite/micro/kernels/activations.cc.o\x1b[0m\n'}
[36.380208] (-) TimerEvent: {}
[36.481630] (-) TimerEvent: {}
[36.585485] (-) TimerEvent: {}
[36.688137] (-) TimerEvent: {}
[36.789843] (-) TimerEvent: {}
[36.891491] (-) TimerEvent: {}
[36.993690] (-) TimerEvent: {}
[37.095427] (-) TimerEvent: {}
[37.197054] (-) TimerEvent: {}
[37.298816] (-) TimerEvent: {}
[37.400481] (-) TimerEvent: {}
[37.502017] (-) TimerEvent: {}
[37.603518] (-) TimerEvent: {}
[37.705111] (-) TimerEvent: {}
[37.807399] (-) TimerEvent: {}
[37.910250] (-) TimerEvent: {}
[38.012769] (-) TimerEvent: {}
[38.115565] (-) TimerEvent: {}
[38.218254] (-) TimerEvent: {}
[38.321140] (-) TimerEvent: {}
[38.423582] (-) TimerEvent: {}
[38.525192] (-) TimerEvent: {}
[38.626828] (-) TimerEvent: {}
[38.728520] (-) TimerEvent: {}
[38.831069] (-) TimerEvent: {}
[38.933435] (-) TimerEvent: {}
[39.035917] (-) TimerEvent: {}
[39.140640] (-) TimerEvent: {}
[39.243176] (-) TimerEvent: {}
[39.345742] (-) TimerEvent: {}
[39.448566] (-) TimerEvent: {}
[39.550188] (-) TimerEvent: {}
[39.651677] (-) TimerEvent: {}
[39.754287] (-) TimerEvent: {}
[39.856783] (-) TimerEvent: {}
[39.959291] (-) TimerEvent: {}
[40.073873] (-) TimerEvent: {}
[40.179674] (-) TimerEvent: {}
[40.283760] (-) TimerEvent: {}
[40.388418] (-) TimerEvent: {}
[40.489787] (-) TimerEvent: {}
[40.591339] (-) TimerEvent: {}
[40.692939] (-) TimerEvent: {}
[40.794579] (-) TimerEvent: {}
[40.896243] (-) TimerEvent: {}
[40.997897] (-) TimerEvent: {}
[41.099446] (-) TimerEvent: {}
[41.152009] (ei_whistle_cpp) StdoutLine: {'line': b'[ 16%] \x1b[32mBuilding CXX object CMakeFiles/whistle_node.dir/edge-impulse-sdk/tensorflow/lite/micro/kernels/activations_common.cc.o\x1b[0m\n'}
[41.199854] (-) TimerEvent: {}
[41.302056] (-) TimerEvent: {}
[41.403770] (-) TimerEvent: {}
[41.505984] (-) TimerEvent: {}
[41.611122] (-) TimerEvent: {}
[41.715153] (-) TimerEvent: {}
[41.819885] (-) TimerEvent: {}
[41.922489] (-) TimerEvent: {}
[42.025707] (-) TimerEvent: {}
[42.128311] (-) TimerEvent: {}
[42.231182] (-) TimerEvent: {}
[42.333625] (-) TimerEvent: {}
[42.436335] (-) TimerEvent: {}
[42.538566] (-) TimerEvent: {}
[42.640433] (-) TimerEvent: {}
[42.742044] (-) TimerEvent: {}
[42.843755] (-) TimerEvent: {}
[42.945421] (-) TimerEvent: {}
[43.047161] (-) TimerEvent: {}
[43.148894] (-) TimerEvent: {}
[43.250814] (-) TimerEvent: {}
[43.352765] (-) TimerEvent: {}
[43.454643] (-) TimerEvent: {}
[43.556232] (-) TimerEvent: {}
[43.657844] (-) TimerEvent: {}
[43.759581] (-) TimerEvent: {}
[43.861259] (-) TimerEvent: {}
[43.963218] (-) TimerEvent: {}
[44.064900] (-) TimerEvent: {}
[44.166609] (-) TimerEvent: {}
[44.268452] (-) TimerEvent: {}
[44.370155] (-) TimerEvent: {}
[44.471986] (-) TimerEvent: {}
[44.575413] (-) TimerEvent: {}
[44.615252] (ei_whistle_cpp) StdoutLine: {'line': b'[ 16%] \x1b[32mBuilding CXX object CMakeFiles/whistle_node.dir/edge-impulse-sdk/tensorflow/lite/micro/kernels/add.cc.o\x1b[0m\n'}
[44.675646] (-) TimerEvent: {}
[44.777381] (-) TimerEvent: {}
[44.879061] (-) TimerEvent: {}
[44.980699] (-) TimerEvent: {}
[45.082385] (-) TimerEvent: {}
[45.189847] (-) TimerEvent: {}
[45.290973] (-) TimerEvent: {}
[45.392158] (-) TimerEvent: {}
[45.493804] (-) TimerEvent: {}
[45.597836] (-) TimerEvent: {}
[45.700750] (-) TimerEvent: {}
[45.802382] (-) TimerEvent: {}
[45.903866] (-) TimerEvent: {}
[46.005637] (-) TimerEvent: {}
[46.107234] (-) TimerEvent: {}
[46.209345] (-) TimerEvent: {}
[46.310972] (-) TimerEvent: {}
[46.413095] (-) TimerEvent: {}
[46.515435] (-) TimerEvent: {}
[46.618887] (-) TimerEvent: {}
[46.720613] (-) TimerEvent: {}
[46.822623] (-) TimerEvent: {}
[46.924485] (-) TimerEvent: {}
[47.026547] (-) TimerEvent: {}
[47.128916] (-) TimerEvent: {}
[47.230702] (-) TimerEvent: {}
[47.332897] (-) TimerEvent: {}
[47.435015] (-) TimerEvent: {}
[47.536982] (-) TimerEvent: {}
[47.638649] (-) TimerEvent: {}
[47.740293] (-) TimerEvent: {}
[47.842978] (-) TimerEvent: {}
[47.945119] (-) TimerEvent: {}
[48.046988] (-) TimerEvent: {}
[48.148850] (-) TimerEvent: {}
[48.250704] (-) TimerEvent: {}
[48.352539] (-) TimerEvent: {}
[48.454815] (-) TimerEvent: {}
[48.556721] (-) TimerEvent: {}
[48.658967] (-) TimerEvent: {}
[48.760763] (-) TimerEvent: {}
[48.862761] (-) TimerEvent: {}
[48.964463] (-) TimerEvent: {}
[49.066223] (-) TimerEvent: {}
[49.168135] (-) TimerEvent: {}
[49.270134] (-) TimerEvent: {}
[49.371896] (-) TimerEvent: {}
[49.473777] (-) TimerEvent: {}
[49.575598] (-) TimerEvent: {}
[49.596971] (ei_whistle_cpp) StdoutLine: {'line': b'[ 17%] \x1b[32mBuilding CXX object CMakeFiles/whistle_node.dir/edge-impulse-sdk/tensorflow/lite/micro/kernels/add_common.cc.o\x1b[0m\n'}
[49.675887] (-) TimerEvent: {}
[49.784652] (-) TimerEvent: {}
[49.886954] (-) TimerEvent: {}
[49.989400] (-) TimerEvent: {}
[50.092247] (-) TimerEvent: {}
[50.201889] (-) TimerEvent: {}
[50.309820] (-) TimerEvent: {}
[50.410979] (-) TimerEvent: {}
[50.513416] (-) TimerEvent: {}
[50.615819] (-) TimerEvent: {}
[50.718555] (-) TimerEvent: {}
[50.821042] (-) TimerEvent: {}
[50.923607] (-) TimerEvent: {}
[51.025972] (-) TimerEvent: {}
[51.128548] (-) TimerEvent: {}
[51.231051] (-) TimerEvent: {}
[51.333477] (-) TimerEvent: {}
[51.435917] (-) TimerEvent: {}
[51.538810] (-) TimerEvent: {}
[51.643650] (-) TimerEvent: {}
[51.746179] (-) TimerEvent: {}
[51.848820] (-) TimerEvent: {}
[51.950822] (-) TimerEvent: {}
[52.052812] (-) TimerEvent: {}
[52.154739] (-) TimerEvent: {}
[52.256520] (-) TimerEvent: {}
[52.340625] (ei_whistle_cpp) StdoutLine: {'line': b'[ 18%] \x1b[32mBuilding CXX object CMakeFiles/whistle_node.dir/edge-impulse-sdk/tensorflow/lite/micro/kernels/add_n.cc.o\x1b[0m\n'}
[52.356796] (-) TimerEvent: {}
[52.458618] (-) TimerEvent: {}
[52.560376] (-) TimerEvent: {}
[52.662268] (-) TimerEvent: {}
[52.764286] (-) TimerEvent: {}
[52.866108] (-) TimerEvent: {}
[52.967839] (-) TimerEvent: {}
[53.069962] (-) TimerEvent: {}
[53.171670] (-) TimerEvent: {}
[53.273457] (-) TimerEvent: {}
[53.375308] (-) TimerEvent: {}
[53.477029] (-) TimerEvent: {}
[53.578937] (-) TimerEvent: {}
[53.680597] (-) TimerEvent: {}
[53.782293] (-) TimerEvent: {}
[53.884014] (-) TimerEvent: {}
[53.986611] (-) TimerEvent: {}
[54.089065] (-) TimerEvent: {}
[54.192215] (-) TimerEvent: {}
[54.294774] (-) TimerEvent: {}
[54.397689] (-) TimerEvent: {}
[54.500363] (-) TimerEvent: {}
[54.602847] (-) TimerEvent: {}
[54.705348] (-) TimerEvent: {}
[54.809260] (-) TimerEvent: {}
[54.912391] (-) TimerEvent: {}
[55.014801] (-) TimerEvent: {}
[55.117561] (-) TimerEvent: {}
[55.220338] (-) TimerEvent: {}
[55.321567] (-) TimerEvent: {}
[55.422709] (-) TimerEvent: {}
[55.525174] (-) TimerEvent: {}
[55.627688] (-) TimerEvent: {}
[55.730237] (-) TimerEvent: {}
[55.832667] (-) TimerEvent: {}
[55.935141] (-) TimerEvent: {}
[56.037699] (-) TimerEvent: {}
[56.140191] (-) TimerEvent: {}
[56.242676] (-) TimerEvent: {}
[56.345735] (-) TimerEvent: {}
[56.448330] (-) TimerEvent: {}
[56.550950] (-) TimerEvent: {}
[56.652963] (-) TimerEvent: {}
[56.755729] (-) TimerEvent: {}
[56.857406] (-) TimerEvent: {}
[56.959307] (-) TimerEvent: {}
[57.061069] (-) TimerEvent: {}
[57.162811] (-) TimerEvent: {}
[57.264588] (-) TimerEvent: {}
[57.366362] (-) TimerEvent: {}
[57.468136] (-) TimerEvent: {}
[57.570134] (-) TimerEvent: {}
[57.671796] (-) TimerEvent: {}
[57.773526] (-) TimerEvent: {}
[57.875326] (-) TimerEvent: {}
[57.977272] (-) TimerEvent: {}
[58.079188] (-) TimerEvent: {}
[58.181068] (-) TimerEvent: {}
[58.283609] (-) TimerEvent: {}
[58.386324] (-) TimerEvent: {}
[58.488927] (-) TimerEvent: {}
[58.591838] (-) TimerEvent: {}
[58.694570] (-) TimerEvent: {}
[58.797675] (-) TimerEvent: {}
[58.900544] (-) TimerEvent: {}
[59.003266] (-) TimerEvent: {}
[59.105955] (-) TimerEvent: {}
[59.208539] (-) TimerEvent: {}
[59.311132] (-) TimerEvent: {}
[59.413690] (-) TimerEvent: {}
[59.516118] (-) TimerEvent: {}
[59.617820] (-) TimerEvent: {}
[59.720354] (-) TimerEvent: {}
[59.822953] (-) TimerEvent: {}
[59.925724] (-) TimerEvent: {}
[60.028192] (-) TimerEvent: {}
[60.130755] (-) TimerEvent: {}
[60.245806] (-) TimerEvent: {}
[60.347078] (-) TimerEvent: {}
[60.448638] (-) TimerEvent: {}
[60.551030] (-) TimerEvent: {}
[60.653643] (-) TimerEvent: {}
[60.756347] (-) TimerEvent: {}
[60.859492] (-) TimerEvent: {}
[60.962170] (-) TimerEvent: {}
[61.064520] (-) TimerEvent: {}
[61.167767] (-) TimerEvent: {}
[61.250857] (ei_whistle_cpp) StdoutLine: {'line': b'[ 18%] \x1b[32mBuilding CXX object CMakeFiles/whistle_node.dir/edge-impulse-sdk/tensorflow/lite/micro/kernels/arg_min_max.cc.o\x1b[0m\n'}
[61.268060] (-) TimerEvent: {}
[61.370625] (-) TimerEvent: {}
[61.473252] (-) TimerEvent: {}
[61.578475] (-) TimerEvent: {}
[61.681202] (-) TimerEvent: {}
[61.785245] (-) TimerEvent: {}
[61.886958] (-) TimerEvent: {}
[61.988859] (-) TimerEvent: {}
[62.090751] (-) TimerEvent: {}
[62.192752] (-) TimerEvent: {}
[62.294603] (-) TimerEvent: {}
[62.396303] (-) TimerEvent: {}
[62.498147] (-) TimerEvent: {}
[62.599860] (-) TimerEvent: {}
[62.701791] (-) TimerEvent: {}
[62.803641] (-) TimerEvent: {}
[62.905311] (-) TimerEvent: {}
[63.007299] (-) TimerEvent: {}
[63.109357] (-) TimerEvent: {}
[63.211155] (-) TimerEvent: {}
[63.312954] (-) TimerEvent: {}
[63.414713] (-) TimerEvent: {}
[63.516424] (-) TimerEvent: {}
[63.618249] (-) TimerEvent: {}
[63.719983] (-) TimerEvent: {}
[63.821784] (-) TimerEvent: {}
[63.923499] (-) TimerEvent: {}
[64.025241] (-) TimerEvent: {}
[64.127107] (-) TimerEvent: {}
[64.228912] (-) TimerEvent: {}
[64.330837] (-) TimerEvent: {}
[64.432558] (-) TimerEvent: {}
[64.534331] (-) TimerEvent: {}
[64.636152] (-) TimerEvent: {}
[64.737989] (-) TimerEvent: {}
[64.839932] (-) TimerEvent: {}
[64.942774] (-) TimerEvent: {}
[65.044511] (-) TimerEvent: {}
[65.146306] (-) TimerEvent: {}
[65.248069] (-) TimerEvent: {}
[65.350436] (-) TimerEvent: {}
[65.453012] (-) TimerEvent: {}
[65.555960] (-) TimerEvent: {}
[65.658736] (-) TimerEvent: {}
[65.761220] (-) TimerEvent: {}
[65.864131] (-) TimerEvent: {}
[65.966654] (-) TimerEvent: {}
[66.069717] (-) TimerEvent: {}
[66.173824] (-) TimerEvent: {}
[66.276350] (-) TimerEvent: {}
[66.378985] (-) TimerEvent: {}
[66.481358] (-) TimerEvent: {}
[66.588510] (-) TimerEvent: {}
[66.695461] (-) TimerEvent: {}
[66.796880] (-) TimerEvent: {}
[66.899624] (-) TimerEvent: {}
[67.002512] (-) TimerEvent: {}
[67.105363] (-) TimerEvent: {}
[67.208649] (-) TimerEvent: {}
[67.311594] (-) TimerEvent: {}
[67.414623] (-) TimerEvent: {}
[67.517281] (-) TimerEvent: {}
[67.619958] (-) TimerEvent: {}
[67.722703] (-) TimerEvent: {}
[67.825638] (-) TimerEvent: {}
[67.928399] (-) TimerEvent: {}
[68.031801] (-) TimerEvent: {}
[68.133377] (-) TimerEvent: {}
[68.235045] (-) TimerEvent: {}
[68.336642] (-) TimerEvent: {}
[68.438326] (-) TimerEvent: {}
[68.539955] (-) TimerEvent: {}
[68.641631] (-) TimerEvent: {}
[68.743198] (-) TimerEvent: {}
[68.844775] (-) TimerEvent: {}
[68.946402] (-) TimerEvent: {}
[69.048071] (-) TimerEvent: {}
[69.149826] (-) TimerEvent: {}
[69.251457] (-) TimerEvent: {}
[69.353119] (-) TimerEvent: {}
[69.455127] (-) TimerEvent: {}
[69.557963] (-) TimerEvent: {}
[69.659585] (-) TimerEvent: {}
[69.761200] (-) TimerEvent: {}
[69.863041] (-) TimerEvent: {}
[69.939725] (ei_whistle_cpp) StdoutLine: {'line': b'[ 19%] \x1b[32mBuilding CXX object CMakeFiles/whistle_node.dir/edge-impulse-sdk/tensorflow/lite/micro/kernels/assign_variable.cc.o\x1b[0m\n'}
[69.963265] (-) TimerEvent: {}
[70.065665] (-) TimerEvent: {}
[70.088848] (ei_whistle_cpp) StdoutLine: {'line': b'[ 19%] \x1b[32mBuilding CXX object CMakeFiles/whistle_node.dir/edge-impulse-sdk/tensorflow/lite/micro/kernels/batch_matmul.cc.o\x1b[0m\n'}
[70.166912] (-) TimerEvent: {}
[70.268424] (-) TimerEvent: {}
[70.370360] (-) TimerEvent: {}
[70.474576] (-) TimerEvent: {}
[70.577465] (-) TimerEvent: {}
[70.679915] (-) TimerEvent: {}
[70.782751] (-) TimerEvent: {}
[70.827667] (ei_whistle_cpp) StdoutLine: {'line': b'[ 20%] \x1b[32mBuilding CXX object CMakeFiles/whistle_node.dir/edge-impulse-sdk/tensorflow/lite/micro/kernels/batch_to_space_nd.cc.o\x1b[0m\n'}
[70.883023] (-) TimerEvent: {}
[70.985559] (-) TimerEvent: {}
[71.087705] (-) TimerEvent: {}
[71.189060] (-) TimerEvent: {}
[71.290801] (-) TimerEvent: {}
[71.392367] (-) TimerEvent: {}
[71.497089] (-) TimerEvent: {}
[71.598764] (-) TimerEvent: {}
[71.702585] (-) TimerEvent: {}
[71.804447] (-) TimerEvent: {}
[71.905967] (-) TimerEvent: {}
[72.007970] (-) TimerEvent: {}
[72.109403] (-) TimerEvent: {}
[72.210963] (-) TimerEvent: {}
[72.312687] (-) TimerEvent: {}
[72.414440] (-) TimerEvent: {}
[72.516114] (-) TimerEvent: {}
[72.617657] (-) TimerEvent: {}
[72.719220] (-) TimerEvent: {}
[72.820842] (-) TimerEvent: {}
[72.922668] (-) TimerEvent: {}
[73.024529] (-) TimerEvent: {}
[73.126460] (-) TimerEvent: {}
[73.228097] (-) TimerEvent: {}
[73.329957] (-) TimerEvent: {}
[73.431708] (-) TimerEvent: {}
[73.533546] (-) TimerEvent: {}
[73.635324] (-) TimerEvent: {}
[73.737509] (-) TimerEvent: {}
[73.839928] (-) TimerEvent: {}
[73.942079] (-) TimerEvent: {}
[73.967829] (ei_whistle_cpp) StdoutLine: {'line': b'[ 21%] \x1b[32mBuilding CXX object CMakeFiles/whistle_node.dir/edge-impulse-sdk/tensorflow/lite/micro/kernels/broadcast_args.cc.o\x1b[0m\n'}
[74.042328] (-) TimerEvent: {}
[74.144048] (-) TimerEvent: {}
[74.245797] (-) TimerEvent: {}
[74.347742] (-) TimerEvent: {}
[74.449615] (-) TimerEvent: {}
[74.551406] (-) TimerEvent: {}
[74.652973] (-) TimerEvent: {}
[74.754708] (-) TimerEvent: {}
[74.856497] (-) TimerEvent: {}
[74.958166] (-) TimerEvent: {}
[75.060029] (-) TimerEvent: {}
[75.161778] (-) TimerEvent: {}
[75.263828] (-) TimerEvent: {}
[75.368591] (-) TimerEvent: {}
[75.469980] (-) TimerEvent: {}
[75.573186] (-) TimerEvent: {}
[75.675872] (-) TimerEvent: {}
[75.778629] (-) TimerEvent: {}
[75.881502] (-) TimerEvent: {}
[75.984106] (-) TimerEvent: {}
[76.086659] (-) TimerEvent: {}
[76.189503] (-) TimerEvent: {}
[76.291142] (-) TimerEvent: {}
[76.392957] (-) TimerEvent: {}
[76.494569] (-) TimerEvent: {}
[76.596439] (-) TimerEvent: {}
[76.698030] (-) TimerEvent: {}
[76.799567] (-) TimerEvent: {}
[76.901108] (-) TimerEvent: {}
[77.002784] (-) TimerEvent: {}
[77.105024] (-) TimerEvent: {}
[77.206920] (-) TimerEvent: {}
[77.241277] (ei_whistle_cpp) StdoutLine: {'line': b'[ 21%] \x1b[32mBuilding CXX object CMakeFiles/whistle_node.dir/edge-impulse-sdk/tensorflow/lite/micro/kernels/broadcast_to.cc.o\x1b[0m\n'}
[77.307203] (-) TimerEvent: {}
[77.409158] (-) TimerEvent: {}
[77.511623] (-) TimerEvent: {}
[77.613361] (-) TimerEvent: {}
[77.715699] (-) TimerEvent: {}
[77.817518] (-) TimerEvent: {}
[77.919252] (-) TimerEvent: {}
[78.021013] (-) TimerEvent: {}
[78.123252] (-) TimerEvent: {}
[78.225003] (-) TimerEvent: {}
[78.327484] (-) TimerEvent: {}
[78.429111] (-) TimerEvent: {}
[78.531325] (-) TimerEvent: {}
[78.595784] (ei_whistle_cpp) StdoutLine: {'line': b'[ 22%] \x1b[32mBuilding CXX object CMakeFiles/whistle_node.dir/edge-impulse-sdk/tensorflow/lite/micro/kernels/call_once.cc.o\x1b[0m\n'}
[78.631578] (-) TimerEvent: {}
[78.733275] (-) TimerEvent: {}
[78.834911] (-) TimerEvent: {}
[78.936671] (-) TimerEvent: {}
[79.038194] (-) TimerEvent: {}
[79.139789] (-) TimerEvent: {}
[79.241355] (-) TimerEvent: {}
[79.334267] (ei_whistle_cpp) StdoutLine: {'line': b'[ 22%] \x1b[32mBuilding CXX object CMakeFiles/whistle_node.dir/edge-impulse-sdk/tensorflow/lite/micro/kernels/cast.cc.o\x1b[0m\n'}
[79.341690] (-) TimerEvent: {}
[79.443684] (-) TimerEvent: {}
[79.545902] (-) TimerEvent: {}
[79.648727] (-) TimerEvent: {}
[79.750758] (-) TimerEvent: {}
[79.853305] (-) TimerEvent: {}
[79.957119] (-) TimerEvent: {}
[80.059483] (-) TimerEvent: {}
[80.162138] (-) TimerEvent: {}
[80.273465] (-) TimerEvent: {}
[80.374655] (-) TimerEvent: {}
[80.476928] (-) TimerEvent: {}
[80.579173] (-) TimerEvent: {}
[80.681770] (-) TimerEvent: {}
[80.784374] (-) TimerEvent: {}
[80.887209] (-) TimerEvent: {}
[80.990239] (-) TimerEvent: {}
[81.093372] (-) TimerEvent: {}
[81.195148] (-) TimerEvent: {}
[81.296979] (-) TimerEvent: {}
[81.400174] (-) TimerEvent: {}
[81.502025] (-) TimerEvent: {}
[81.604004] (-) TimerEvent: {}
[81.707107] (-) TimerEvent: {}
[81.809068] (-) TimerEvent: {}
[81.911049] (-) TimerEvent: {}
[82.012823] (-) TimerEvent: {}
[82.114999] (-) TimerEvent: {}
[82.216745] (-) TimerEvent: {}
[82.318796] (-) TimerEvent: {}
[82.420423] (-) TimerEvent: {}
[82.522143] (-) TimerEvent: {}
[82.623912] (-) TimerEvent: {}
[82.725763] (-) TimerEvent: {}
[82.827782] (-) TimerEvent: {}
[82.929853] (-) TimerEvent: {}
[83.031575] (-) TimerEvent: {}
[83.133323] (-) TimerEvent: {}
[83.235196] (-) TimerEvent: {}
[83.336938] (-) TimerEvent: {}
[83.440032] (-) TimerEvent: {}
[83.541653] (-) TimerEvent: {}
[83.643179] (-) TimerEvent: {}
[83.744891] (-) TimerEvent: {}
[83.846839] (-) TimerEvent: {}
[83.948449] (-) TimerEvent: {}
[84.050174] (-) TimerEvent: {}
[84.151999] (-) TimerEvent: {}
[84.253730] (-) TimerEvent: {}
[84.355342] (-) TimerEvent: {}
[84.457087] (-) TimerEvent: {}
[84.558655] (-) TimerEvent: {}
[84.660254] (-) TimerEvent: {}
[84.762136] (-) TimerEvent: {}
[84.864021] (-) TimerEvent: {}
[84.965766] (-) TimerEvent: {}
[85.067481] (-) TimerEvent: {}
[85.169317] (-) TimerEvent: {}
[85.183832] (ei_whistle_cpp) StdoutLine: {'line': b'[ 23%] \x1b[32mBuilding CXX object CMakeFiles/whistle_node.dir/edge-impulse-sdk/tensorflow/lite/micro/kernels/ceil.cc.o\x1b[0m\n'}
[85.269843] (-) TimerEvent: {}
[85.372307] (-) TimerEvent: {}
[85.473405] (-) TimerEvent: {}
[85.575034] (-) TimerEvent: {}
[85.676598] (-) TimerEvent: {}
[85.772316] (ei_whistle_cpp) StdoutLine: {'line': b'[ 24%] \x1b[32mBuilding CXX object CMakeFiles/whistle_node.dir/edge-impulse-sdk/tensorflow/lite/micro/kernels/circular_buffer.cc.o\x1b[0m\n'}
[85.776808] (-) TimerEvent: {}
[85.878313] (-) TimerEvent: {}
[85.979851] (-) TimerEvent: {}
[86.081381] (-) TimerEvent: {}
[86.182957] (-) TimerEvent: {}
[86.284541] (-) TimerEvent: {}
[86.386654] (-) TimerEvent: {}
[86.488626] (-) TimerEvent: {}
[86.591240] (-) TimerEvent: {}
[86.693521] (-) TimerEvent: {}
[86.795280] (-) TimerEvent: {}
[86.896852] (-) TimerEvent: {}
[86.998415] (-) TimerEvent: {}
[87.100142] (-) TimerEvent: {}
[87.201826] (-) TimerEvent: {}
[87.303751] (-) TimerEvent: {}
[87.405444] (-) TimerEvent: {}
[87.507354] (-) TimerEvent: {}
[87.609071] (-) TimerEvent: {}
[87.711032] (-) TimerEvent: {}
[87.812788] (-) TimerEvent: {}
[87.915057] (-) TimerEvent: {}
[88.016778] (-) TimerEvent: {}
[88.118619] (-) TimerEvent: {}
[88.220270] (-) TimerEvent: {}
[88.322148] (-) TimerEvent: {}
[88.424044] (-) TimerEvent: {}
[88.525629] (-) TimerEvent: {}
[88.627374] (-) TimerEvent: {}
[88.729153] (-) TimerEvent: {}
[88.830853] (-) TimerEvent: {}
[88.932448] (-) TimerEvent: {}
[89.034334] (-) TimerEvent: {}
[89.136120] (-) TimerEvent: {}
[89.237897] (-) TimerEvent: {}
[89.339503] (-) TimerEvent: {}
[89.441342] (-) TimerEvent: {}
[89.542993] (-) TimerEvent: {}
[89.644602] (-) TimerEvent: {}
[89.746492] (-) TimerEvent: {}
[89.848027] (-) TimerEvent: {}
[89.949632] (-) TimerEvent: {}
[90.059624] (-) TimerEvent: {}
[90.162039] (-) TimerEvent: {}
[90.264366] (-) TimerEvent: {}
[90.366727] (-) TimerEvent: {}
[90.468101] (-) TimerEvent: {}
[90.569318] (-) TimerEvent: {}
[90.671461] (-) TimerEvent: {}
[90.773641] (-) TimerEvent: {}
[90.875644] (-) TimerEvent: {}
[90.977841] (-) TimerEvent: {}
[91.080074] (-) TimerEvent: {}
[91.182363] (-) TimerEvent: {}
[91.284730] (-) TimerEvent: {}
[91.387518] (-) TimerEvent: {}
[91.489860] (-) TimerEvent: {}
[91.592997] (-) TimerEvent: {}
[91.638625] (ei_whistle_cpp) StdoutLine: {'line': b'[ 25%] \x1b[32mBuilding CXX object CMakeFiles/whistle_node.dir/edge-impulse-sdk/tensorflow/lite/micro/kernels/comparisons.cc.o\x1b[0m\n'}
[91.649978] (ei_whistle_cpp) StdoutLine: {'line': b'[ 25%] \x1b[32mBuilding CXX object CMakeFiles/whistle_node.dir/edge-impulse-sdk/tensorflow/lite/micro/kernels/circular_buffer_common.cc.o\x1b[0m\n'}
[91.693283] (-) TimerEvent: {}
[91.794388] (-) TimerEvent: {}
[91.895458] (-) TimerEvent: {}
[91.996541] (-) TimerEvent: {}
[92.097672] (-) TimerEvent: {}
[92.198835] (-) TimerEvent: {}
[92.299928] (-) TimerEvent: {}
[92.401061] (-) TimerEvent: {}
[92.436365] (ei_whistle_cpp) StdoutLine: {'line': b'[ 25%] \x1b[32mBuilding CXX object CMakeFiles/whistle_node.dir/edge-impulse-sdk/tensorflow/lite/micro/kernels/complex_abs.cc.o\x1b[0m\n'}
[92.501314] (-) TimerEvent: {}
[92.602869] (-) TimerEvent: {}
[92.704599] (-) TimerEvent: {}
[92.805926] (-) TimerEvent: {}
[92.907314] (-) TimerEvent: {}
[93.008785] (-) TimerEvent: {}
[93.110332] (-) TimerEvent: {}
[93.211804] (-) TimerEvent: {}
[93.314022] (-) TimerEvent: {}
[93.416245] (-) TimerEvent: {}
[93.520188] (-) TimerEvent: {}
[93.622911] (-) TimerEvent: {}
[93.725471] (-) TimerEvent: {}
[93.827078] (-) TimerEvent: {}
[93.928705] (-) TimerEvent: {}
[94.030567] (-) TimerEvent: {}
[94.132112] (-) TimerEvent: {}
[94.233841] (-) TimerEvent: {}
[94.335631] (-) TimerEvent: {}
[94.437133] (-) TimerEvent: {}
[94.538717] (-) TimerEvent: {}
[94.640322] (-) TimerEvent: {}
[94.741933] (-) TimerEvent: {}
[94.843553] (-) TimerEvent: {}
[94.945158] (-) TimerEvent: {}
[95.048109] (-) TimerEvent: {}
[95.157947] (-) TimerEvent: {}
[95.259523] (-) TimerEvent: {}
[95.360551] (-) TimerEvent: {}
[95.462097] (-) TimerEvent: {}
[95.563198] (-) TimerEvent: {}
[95.664833] (-) TimerEvent: {}
[95.766792] (-) TimerEvent: {}
[95.868391] (-) TimerEvent: {}
[95.969985] (-) TimerEvent: {}
[96.071527] (-) TimerEvent: {}
[96.173067] (-) TimerEvent: {}
[96.274892] (-) TimerEvent: {}
[96.377747] (-) TimerEvent: {}
[96.479326] (-) TimerEvent: {}
[96.580842] (-) TimerEvent: {}
[96.682428] (-) TimerEvent: {}
[96.784053] (-) TimerEvent: {}
[96.885639] (-) TimerEvent: {}
[96.987261] (-) TimerEvent: {}
[97.088994] (-) TimerEvent: {}
[97.190664] (-) TimerEvent: {}
[97.292264] (-) TimerEvent: {}
[97.393824] (-) TimerEvent: {}
[97.495637] (-) TimerEvent: {}
[97.597733] (-) TimerEvent: {}
[97.699563] (-) TimerEvent: {}
[97.736939] (ei_whistle_cpp) StdoutLine: {'line': b'[ 26%] \x1b[32mBuilding CXX object CMakeFiles/whistle_node.dir/edge-impulse-sdk/tensorflow/lite/micro/kernels/concatenation.cc.o\x1b[0m\n'}
[97.799818] (-) TimerEvent: {}
[97.900883] (-) TimerEvent: {}
[98.002000] (-) TimerEvent: {}
[98.103981] (-) TimerEvent: {}
[98.204947] (-) TimerEvent: {}
[98.305966] (-) TimerEvent: {}
[98.407043] (-) TimerEvent: {}
[98.508052] (-) TimerEvent: {}
[98.609027] (-) TimerEvent: {}
[98.710065] (-) TimerEvent: {}
[98.811397] (-) TimerEvent: {}
[98.912456] (-) TimerEvent: {}
[98.956151] (ei_whistle_cpp) StdoutLine: {'line': b'[ 27%] \x1b[32mBuilding CXX object CMakeFiles/whistle_node.dir/edge-impulse-sdk/tensorflow/lite/micro/kernels/conv.cc.o\x1b[0m\n'}
[99.012775] (-) TimerEvent: {}
[99.030831] (ei_whistle_cpp) StdoutLine: {'line': b'[ 27%] \x1b[32mBuilding CXX object CMakeFiles/whistle_node.dir/edge-impulse-sdk/tensorflow/lite/micro/kernels/conv_common.cc.o\x1b[0m\n'}
[99.112980] (-) TimerEvent: {}
[99.214629] (-) TimerEvent: {}
[99.316502] (-) TimerEvent: {}
[99.418691] (-) TimerEvent: {}
[99.520933] (-) TimerEvent: {}
[99.623236] (-) TimerEvent: {}
[99.725545] (-) TimerEvent: {}
[99.828031] (-) TimerEvent: {}
[99.930236] (-) TimerEvent: {}
[100.032390] (-) TimerEvent: {}
[100.134923] (-) TimerEvent: {}
[100.249872] (-) TimerEvent: {}
[100.351176] (-) TimerEvent: {}
[100.453475] (-) TimerEvent: {}
[100.556150] (-) TimerEvent: {}
[100.659182] (-) TimerEvent: {}
[100.762406] (-) TimerEvent: {}
[100.864973] (-) TimerEvent: {}
[100.967513] (-) TimerEvent: {}
[101.069969] (-) TimerEvent: {}
[101.172349] (-) TimerEvent: {}
[101.274748] (-) TimerEvent: {}
[101.342981] (ei_whistle_cpp) StdoutLine: {'line': b'[ 28%] \x1b[32mBuilding CXX object CMakeFiles/whistle_node.dir/edge-impulse-sdk/tensorflow/lite/micro/kernels/cumsum.cc.o\x1b[0m\n'}
[101.375081] (-) TimerEvent: {}
[101.477742] (-) TimerEvent: {}
[101.579942] (-) TimerEvent: {}
[101.682110] (-) TimerEvent: {}
[101.783730] (-) TimerEvent: {}
[101.885615] (-) TimerEvent: {}
[101.987267] (-) TimerEvent: {}
[102.088967] (-) TimerEvent: {}
[102.190620] (-) TimerEvent: {}
[102.292733] (-) TimerEvent: {}
[102.394199] (-) TimerEvent: {}
[102.495718] (-) TimerEvent: {}
[102.597198] (-) TimerEvent: {}
[102.698771] (-) TimerEvent: {}
[102.800422] (-) TimerEvent: {}
[102.902169] (-) TimerEvent: {}
[103.003830] (-) TimerEvent: {}
[103.105508] (-) TimerEvent: {}
[103.207202] (-) TimerEvent: {}
[103.308859] (-) TimerEvent: {}
[103.410708] (-) TimerEvent: {}
[103.512443] (-) TimerEvent: {}
[103.614153] (-) TimerEvent: {}
[103.716181] (-) TimerEvent: {}
[103.818174] (-) TimerEvent: {}
[103.919919] (-) TimerEvent: {}
[104.021939] (-) TimerEvent: {}
[104.124141] (-) TimerEvent: {}
[104.197948] (ei_whistle_cpp) StdoutLine: {'line': b'[ 28%] \x1b[32mBuilding CXX object CMakeFiles/whistle_node.dir/edge-impulse-sdk/tensorflow/lite/micro/kernels/depth_to_space.cc.o\x1b[0m\n'}
[104.224403] (-) TimerEvent: {}
[104.326141] (-) TimerEvent: {}
[104.427724] (-) TimerEvent: {}
[104.529402] (-) TimerEvent: {}
[104.631347] (-) TimerEvent: {}
[104.733065] (-) TimerEvent: {}
[104.834770] (-) TimerEvent: {}
[104.936694] (-) TimerEvent: {}
[105.038705] (-) TimerEvent: {}
[105.140416] (-) TimerEvent: {}
[105.245811] (-) TimerEvent: {}
[105.346909] (-) TimerEvent: {}
[105.449197] (-) TimerEvent: {}
[105.551616] (-) TimerEvent: {}
[105.654062] (-) TimerEvent: {}
[105.756906] (-) TimerEvent: {}
[105.859369] (-) TimerEvent: {}
[105.961754] (-) TimerEvent: {}
[106.064114] (-) TimerEvent: {}
[106.166573] (-) TimerEvent: {}
[106.269032] (-) TimerEvent: {}
[106.372160] (-) TimerEvent: {}
[106.435812] (ei_whistle_cpp) StdoutLine: {'line': b'[ 29%] \x1b[32mBuilding CXX object CMakeFiles/whistle_node.dir/edge-impulse-sdk/tensorflow/lite/micro/kernels/depthwise_conv.cc.o\x1b[0m\n'}
[106.472387] (-) TimerEvent: {}
[106.575324] (-) TimerEvent: {}
[106.679030] (-) TimerEvent: {}
[106.780976] (-) TimerEvent: {}
[106.883230] (-) TimerEvent: {}
[106.985549] (-) TimerEvent: {}
[107.088771] (-) TimerEvent: {}
[107.171231] (ei_whistle_cpp) StdoutLine: {'line': b'[ 30%] \x1b[32mBuilding CXX object CMakeFiles/whistle_node.dir/edge-impulse-sdk/tensorflow/lite/micro/kernels/depthwise_conv_common.cc.o\x1b[0m\n'}
[107.189038] (-) TimerEvent: {}
[107.292035] (-) TimerEvent: {}
[107.394783] (-) TimerEvent: {}
[107.497183] (-) TimerEvent: {}
[107.599542] (-) TimerEvent: {}
[107.702070] (-) TimerEvent: {}
[107.804232] (-) TimerEvent: {}
[107.906900] (-) TimerEvent: {}
[108.009080] (-) TimerEvent: {}
[108.111404] (-) TimerEvent: {}
[108.213955] (-) TimerEvent: {}
[108.316346] (-) TimerEvent: {}
[108.419126] (-) TimerEvent: {}
[108.522124] (-) TimerEvent: {}
[108.624488] (-) TimerEvent: {}
[108.727432] (-) TimerEvent: {}
[108.830032] (-) TimerEvent: {}
[108.932687] (-) TimerEvent: {}
[109.035164] (-) TimerEvent: {}
[109.137562] (-) TimerEvent: {}
[109.239984] (-) TimerEvent: {}
[109.342436] (-) TimerEvent: {}
[109.445151] (-) TimerEvent: {}
[109.548292] (-) TimerEvent: {}
[109.650992] (-) TimerEvent: {}
[109.682358] (ei_whistle_cpp) StdoutLine: {'line': b'[ 30%] \x1b[32mBuilding CXX object CMakeFiles/whistle_node.dir/edge-impulse-sdk/tensorflow/lite/micro/kernels/dequantize.cc.o\x1b[0m\n'}
[109.751230] (-) TimerEvent: {}
[109.772300] (ei_whistle_cpp) StdoutLine: {'line': b'[ 31%] \x1b[32mBuilding CXX object CMakeFiles/whistle_node.dir/edge-impulse-sdk/tensorflow/lite/micro/kernels/dequantize_common.cc.o\x1b[0m\n'}
[109.851511] (-) TimerEvent: {}
[109.953088] (-) TimerEvent: {}
[110.055127] (-) TimerEvent: {}
[110.156569] (-) TimerEvent: {}
[110.258263] (-) TimerEvent: {}
[110.360262] (-) TimerEvent: {}
[110.461853] (-) TimerEvent: {}
[110.563835] (-) TimerEvent: {}
[110.665797] (-) TimerEvent: {}
[110.767987] (-) TimerEvent: {}
[110.870186] (-) TimerEvent: {}
[110.972020] (-) TimerEvent: {}
[111.074070] (-) TimerEvent: {}
[111.175387] (-) TimerEvent: {}
[111.276790] (-) TimerEvent: {}
[111.378497] (-) TimerEvent: {}
[111.480791] (-) TimerEvent: {}
[111.582488] (-) TimerEvent: {}
[111.684852] (-) TimerEvent: {}
[111.786751] (-) TimerEvent: {}
[111.888555] (-) TimerEvent: {}
[111.990698] (-) TimerEvent: {}
[112.092538] (-) TimerEvent: {}
[112.194517] (-) TimerEvent: {}
[112.296159] (-) TimerEvent: {}
[112.397810] (-) TimerEvent: {}
[112.499536] (-) TimerEvent: {}
[112.601317] (-) TimerEvent: {}
[112.703127] (-) TimerEvent: {}
[112.804655] (-) TimerEvent: {}
[112.906330] (-) TimerEvent: {}
[113.008159] (-) TimerEvent: {}
[113.109946] (-) TimerEvent: {}
[113.211498] (-) TimerEvent: {}
[113.313056] (-) TimerEvent: {}
[113.414638] (-) TimerEvent: {}
[113.516285] (-) TimerEvent: {}
[113.617801] (-) TimerEvent: {}
[113.719484] (-) TimerEvent: {}
[113.821121] (-) TimerEvent: {}
[113.922702] (-) TimerEvent: {}
[114.024327] (-) TimerEvent: {}
[114.125865] (-) TimerEvent: {}
[114.227488] (-) TimerEvent: {}
[114.329012] (-) TimerEvent: {}
[114.430647] (-) TimerEvent: {}
[114.532093] (-) TimerEvent: {}
[114.633743] (-) TimerEvent: {}
[114.733712] (ei_whistle_cpp) StdoutLine: {'line': b'[ 31%] \x1b[32mBuilding CXX object CMakeFiles/whistle_node.dir/edge-impulse-sdk/tensorflow/lite/micro/kernels/detection_postprocess.cc.o\x1b[0m\n'}
[114.737737] (-) TimerEvent: {}
[114.796772] (ei_whistle_cpp) StdoutLine: {'line': b'[ 32%] \x1b[32mBuilding CXX object CMakeFiles/whistle_node.dir/edge-impulse-sdk/tensorflow/lite/micro/kernels/div.cc.o\x1b[0m\n'}
[114.838255] (-) TimerEvent: {}
[114.940377] (-) TimerEvent: {}
[115.042975] (-) TimerEvent: {}
[115.145450] (-) TimerEvent: {}
[115.248080] (-) TimerEvent: {}
[115.349503] (-) TimerEvent: {}
[115.451474] (-) TimerEvent: {}
[115.552933] (-) TimerEvent: {}
[115.654411] (-) TimerEvent: {}
[115.756288] (-) TimerEvent: {}
[115.857791] (-) TimerEvent: {}
[115.959231] (-) TimerEvent: {}
[116.060693] (-) TimerEvent: {}
[116.162152] (-) TimerEvent: {}
[116.264096] (-) TimerEvent: {}
[116.365821] (-) TimerEvent: {}
[116.467449] (-) TimerEvent: {}
[116.569111] (-) TimerEvent: {}
[116.671673] (-) TimerEvent: {}
[116.773216] (-) TimerEvent: {}
[116.875698] (-) TimerEvent: {}
[116.978697] (-) TimerEvent: {}
[117.081136] (-) TimerEvent: {}
[117.183896] (-) TimerEvent: {}
[117.286498] (-) TimerEvent: {}
[117.389189] (-) TimerEvent: {}
[117.491804] (-) TimerEvent: {}
[117.596683] (-) TimerEvent: {}
[117.699767] (-) TimerEvent: {}
[117.792601] (ei_whistle_cpp) StdoutLine: {'line': b'[ 33%] \x1b[32mBuilding CXX object CMakeFiles/whistle_node.dir/edge-impulse-sdk/tensorflow/lite/micro/kernels/elementwise.cc.o\x1b[0m\n'}
[117.800026] (-) TimerEvent: {}
[117.901485] (-) TimerEvent: {}
[118.003081] (-) TimerEvent: {}
[118.104599] (-) TimerEvent: {}
[118.206153] (-) TimerEvent: {}
[118.307662] (-) TimerEvent: {}
[118.398642] (ei_whistle_cpp) StdoutLine: {'line': b'[ 33%] \x1b[32mBuilding CXX object CMakeFiles/whistle_node.dir/edge-impulse-sdk/tensorflow/lite/micro/kernels/elu.cc.o\x1b[0m\n'}
[118.407965] (-) TimerEvent: {}
[118.510629] (-) TimerEvent: {}
[118.613185] (-) TimerEvent: {}
[118.715997] (-) TimerEvent: {}
[118.818383] (-) TimerEvent: {}
[118.920895] (-) TimerEvent: {}
[119.023546] (-) TimerEvent: {}
[119.125655] (-) TimerEvent: {}
[119.228097] (-) TimerEvent: {}
[119.329719] (-) TimerEvent: {}
[119.431282] (-) TimerEvent: {}
[119.532871] (-) TimerEvent: {}
[119.634542] (-) TimerEvent: {}
[119.736822] (-) TimerEvent: {}
[119.838672] (-) TimerEvent: {}
[119.941185] (-) TimerEvent: {}
[120.043912] (-) TimerEvent: {}
[120.145894] (-) TimerEvent: {}
[120.254835] (-) TimerEvent: {}
[120.355974] (-) TimerEvent: {}
[120.458237] (-) TimerEvent: {}
[120.560313] (-) TimerEvent: {}
[120.662407] (-) TimerEvent: {}
[120.764342] (-) TimerEvent: {}
[120.866363] (-) TimerEvent: {}
[120.976658] (-) TimerEvent: {}
[121.079351] (-) TimerEvent: {}
[121.181045] (-) TimerEvent: {}
[121.283035] (-) TimerEvent: {}
[121.384894] (-) TimerEvent: {}
[121.486700] (-) TimerEvent: {}
[121.588289] (-) TimerEvent: {}
[121.689962] (-) TimerEvent: {}
[121.793554] (-) TimerEvent: {}
[121.895655] (-) TimerEvent: {}
[121.997438] (-) TimerEvent: {}
[122.099577] (-) TimerEvent: {}
[122.201606] (-) TimerEvent: {}
[122.303527] (-) TimerEvent: {}
[122.405934] (-) TimerEvent: {}
[122.508237] (-) TimerEvent: {}
[122.610215] (-) TimerEvent: {}
[122.713498] (-) TimerEvent: {}
[122.813441] (ei_whistle_cpp) StdoutLine: {'line': b'[ 34%] \x1b[32mBuilding CXX object CMakeFiles/whistle_node.dir/edge-impulse-sdk/tensorflow/lite/micro/kernels/ethosu.cc.o\x1b[0m\n'}
[122.817708] (-) TimerEvent: {}
[122.919368] (-) TimerEvent: {}
[123.021524] (-) TimerEvent: {}
[123.123396] (-) TimerEvent: {}
[123.225249] (-) TimerEvent: {}
[123.327466] (-) TimerEvent: {}
[123.429310] (-) TimerEvent: {}
[123.531249] (-) TimerEvent: {}
[123.633117] (-) TimerEvent: {}
[123.734929] (-) TimerEvent: {}
[123.836923] (-) TimerEvent: {}
[123.938724] (-) TimerEvent: {}
[124.040955] (-) TimerEvent: {}
[124.142819] (-) TimerEvent: {}
[124.244668] (-) TimerEvent: {}
[124.346412] (-) TimerEvent: {}
[124.448980] (-) TimerEvent: {}
[124.550344] (ei_whistle_cpp) StdoutLine: {'line': b'[ 34%] \x1b[32mBuilding CXX object CMakeFiles/whistle_node.dir/edge-impulse-sdk/tensorflow/lite/micro/kernels/exp.cc.o\x1b[0m\n'}
[124.555087] (-) TimerEvent: {}
[124.573730] (ei_whistle_cpp) StdoutLine: {'line': b'[ 35%] \x1b[32mBuilding CXX object CMakeFiles/whistle_node.dir/edge-impulse-sdk/tensorflow/lite/micro/kernels/expand_dims.cc.o\x1b[0m\n'}
[124.655289] (-) TimerEvent: {}
[124.756579] (-) TimerEvent: {}
[124.858529] (-) TimerEvent: {}
[124.959928] (-) TimerEvent: {}
[125.061421] (-) TimerEvent: {}
[125.162911] (-) TimerEvent: {}
[125.264319] (-) TimerEvent: {}
[125.365795] (-) TimerEvent: {}
[125.475861] (-) TimerEvent: {}
[125.578929] (-) TimerEvent: {}
[125.681459] (-) TimerEvent: {}
[125.784539] (-) TimerEvent: {}
[125.888190] (-) TimerEvent: {}
[125.971376] (ei_whistle_cpp) StdoutLine: {'line': b'[ 36%] \x1b[32mBuilding CXX object CMakeFiles/whistle_node.dir/edge-impulse-sdk/tensorflow/lite/micro/kernels/fill.cc.o\x1b[0m\n'}
[125.988487] (-) TimerEvent: {}
[126.089817] (-) TimerEvent: {}
[126.191414] (-) TimerEvent: {}
[126.293771] (-) TimerEvent: {}
[126.396323] (-) TimerEvent: {}
[126.497873] (-) TimerEvent: {}
[126.600375] (-) TimerEvent: {}
[126.703025] (-) TimerEvent: {}
[126.804759] (-) TimerEvent: {}
[126.906542] (-) TimerEvent: {}
[127.008226] (-) TimerEvent: {}
[127.109775] (-) TimerEvent: {}
[127.211449] (-) TimerEvent: {}
[127.313055] (-) TimerEvent: {}
[127.414749] (-) TimerEvent: {}
[127.516573] (-) TimerEvent: {}
[127.618426] (-) TimerEvent: {}
[127.720070] (-) TimerEvent: {}
[127.821819] (-) TimerEvent: {}
[127.923431] (-) TimerEvent: {}
[128.025013] (-) TimerEvent: {}
[128.126770] (-) TimerEvent: {}
[128.228574] (-) TimerEvent: {}
[128.330544] (-) TimerEvent: {}
[128.432133] (-) TimerEvent: {}
[128.533791] (-) TimerEvent: {}
[128.635434] (-) TimerEvent: {}
[128.655831] (ei_whistle_cpp) StdoutLine: {'line': b'[ 36%] \x1b[32mBuilding CXX object CMakeFiles/whistle_node.dir/edge-impulse-sdk/tensorflow/lite/micro/kernels/floor.cc.o\x1b[0m\n'}
[128.735783] (-) TimerEvent: {}
[128.837399] (-) TimerEvent: {}
[128.938965] (-) TimerEvent: {}
[129.040373] (-) TimerEvent: {}
[129.141812] (-) TimerEvent: {}
[129.243330] (-) TimerEvent: {}
[129.344733] (-) TimerEvent: {}
[129.446520] (-) TimerEvent: {}
[129.548031] (-) TimerEvent: {}
[129.651144] (-) TimerEvent: {}
[129.753513] (-) TimerEvent: {}
[129.855982] (-) TimerEvent: {}
[129.958424] (-) TimerEvent: {}
[130.060987] (-) TimerEvent: {}
[130.163391] (-) TimerEvent: {}
[130.265905] (-) TimerEvent: {}
[130.367454] (-) TimerEvent: {}
[130.469320] (-) TimerEvent: {}
[130.583870] (-) TimerEvent: {}
[130.679108] (ei_whistle_cpp) StdoutLine: {'line': b'[ 37%] \x1b[32mBuilding CXX object CMakeFiles/whistle_node.dir/edge-impulse-sdk/tensorflow/lite/micro/kernels/floor_div.cc.o\x1b[0m\n'}
[130.684107] (-) TimerEvent: {}
[130.748808] (ei_whistle_cpp) StdoutLine: {'line': b'[ 37%] \x1b[32mBuilding CXX object CMakeFiles/whistle_node.dir/edge-impulse-sdk/tensorflow/lite/micro/kernels/floor_mod.cc.o\x1b[0m\n'}
[130.784377] (-) TimerEvent: {}
[130.886736] (-) TimerEvent: {}
[130.996834] (-) TimerEvent: {}
[131.098825] (-) TimerEvent: {}
[131.200742] (-) TimerEvent: {}
[131.302668] (-) TimerEvent: {}
[131.404615] (-) TimerEvent: {}
[131.507966] (-) TimerEvent: {}
[131.614266] (-) TimerEvent: {}
[131.716329] (-) TimerEvent: {}
[131.791148] (ei_whistle_cpp) StdoutLine: {'line': b'[ 38%] \x1b[32mBuilding CXX object CMakeFiles/whistle_node.dir/edge-impulse-sdk/tensorflow/lite/micro/kernels/fully_connected.cc.o\x1b[0m\n'}
[131.816555] (-) TimerEvent: {}
[131.918597] (-) TimerEvent: {}
[132.021850] (-) TimerEvent: {}
[132.124007] (-) TimerEvent: {}
[132.226348] (-) TimerEvent: {}
[132.328810] (-) TimerEvent: {}
[132.431593] (-) TimerEvent: {}
[132.534070] (-) TimerEvent: {}
[132.635712] (-) TimerEvent: {}
[132.737721] (-) TimerEvent: {}
[132.839906] (-) TimerEvent: {}
[132.942674] (-) TimerEvent: {}
[133.044366] (-) TimerEvent: {}
[133.147077] (-) TimerEvent: {}
[133.248744] (-) TimerEvent: {}
[133.350714] (-) TimerEvent: {}
[133.452807] (-) TimerEvent: {}
[133.554623] (-) TimerEvent: {}
[133.656595] (-) TimerEvent: {}
[133.759306] (-) TimerEvent: {}
[133.861734] (-) TimerEvent: {}
[133.964103] (-) TimerEvent: {}
[134.066570] (-) TimerEvent: {}
[134.169075] (-) TimerEvent: {}
[134.271616] (-) TimerEvent: {}
[134.374927] (-) TimerEvent: {}
[134.477459] (-) TimerEvent: {}
[134.538601] (ei_whistle_cpp) StdoutLine: {'line': b'[ 39%] \x1b[32mBuilding CXX object CMakeFiles/whistle_node.dir/edge-impulse-sdk/tensorflow/lite/micro/kernels/fully_connected_common.cc.o\x1b[0m\n'}
[134.577784] (-) TimerEvent: {}
[134.680312] (-) TimerEvent: {}
[134.782511] (-) TimerEvent: {}
[134.884754] (-) TimerEvent: {}
[134.987009] (-) TimerEvent: {}
[135.089138] (-) TimerEvent: {}
[135.194644] (-) TimerEvent: {}
[135.295690] (-) TimerEvent: {}
[135.397308] (-) TimerEvent: {}
[135.499878] (-) TimerEvent: {}
[135.602556] (-) TimerEvent: {}
[135.705088] (-) TimerEvent: {}
[135.809407] (-) TimerEvent: {}
[135.911696] (-) TimerEvent: {}
[136.023001] (-) TimerEvent: {}
[136.125925] (-) TimerEvent: {}
[136.228590] (-) TimerEvent: {}
[136.331501] (-) TimerEvent: {}
[136.434780] (-) TimerEvent: {}
[136.537524] (-) TimerEvent: {}
[136.642896] (-) TimerEvent: {}
[136.744096] (-) TimerEvent: {}
[136.845357] (-) TimerEvent: {}
[136.946557] (-) TimerEvent: {}
[137.047720] (-) TimerEvent: {}
[137.148888] (-) TimerEvent: {}
[137.250021] (-) TimerEvent: {}
[137.351174] (-) TimerEvent: {}
[137.452312] (-) TimerEvent: {}
[137.553422] (-) TimerEvent: {}
[137.654814] (-) TimerEvent: {}
[137.755911] (-) TimerEvent: {}
[137.858514] (-) TimerEvent: {}
[137.961447] (-) TimerEvent: {}
[138.064007] (-) TimerEvent: {}
[138.166612] (-) TimerEvent: {}
[138.269097] (-) TimerEvent: {}
[138.371662] (-) TimerEvent: {}
[138.474136] (-) TimerEvent: {}
[138.576814] (-) TimerEvent: {}
[138.679549] (-) TimerEvent: {}
[138.781777] (-) TimerEvent: {}
[138.791672] (ei_whistle_cpp) StdoutLine: {'line': b'[ 39%] \x1b[32mBuilding CXX object CMakeFiles/whistle_node.dir/edge-impulse-sdk/tensorflow/lite/micro/kernels/gather.cc.o\x1b[0m\n'}
[138.882009] (-) TimerEvent: {}
[138.983632] (-) TimerEvent: {}
[139.085342] (-) TimerEvent: {}
[139.187645] (-) TimerEvent: {}
[139.244754] (ei_whistle_cpp) StdoutLine: {'line': b'[ 40%] \x1b[32mBuilding CXX object CMakeFiles/whistle_node.dir/edge-impulse-sdk/tensorflow/lite/micro/kernels/gather_nd.cc.o\x1b[0m\n'}
[139.287943] (-) TimerEvent: {}
[139.389659] (-) TimerEvent: {}
[139.491141] (-) TimerEvent: {}
[139.592893] (-) TimerEvent: {}
[139.696542] (-) TimerEvent: {}
[139.799407] (-) TimerEvent: {}
[139.901837] (-) TimerEvent: {}
[139.935140] (ei_whistle_cpp) StdoutLine: {'line': b'[ 40%] \x1b[32mBuilding CXX object CMakeFiles/whistle_node.dir/edge-impulse-sdk/tensorflow/lite/micro/kernels/hard_swish.cc.o\x1b[0m\n'}
[140.002036] (-) TimerEvent: {}
[140.103877] (-) TimerEvent: {}
[140.205935] (-) TimerEvent: {}
[140.308174] (-) TimerEvent: {}
[140.409534] (-) TimerEvent: {}
[140.511206] (-) TimerEvent: {}
[140.612700] (-) TimerEvent: {}
[140.714112] (-) TimerEvent: {}
[140.815579] (-) TimerEvent: {}
[140.917143] (-) TimerEvent: {}
[141.019459] (-) TimerEvent: {}
[141.121787] (-) TimerEvent: {}
[141.224090] (-) TimerEvent: {}
[141.326592] (-) TimerEvent: {}
[141.429450] (-) TimerEvent: {}
[141.532287] (-) TimerEvent: {}
[141.634682] (-) TimerEvent: {}
[141.737204] (-) TimerEvent: {}
[141.839309] (-) TimerEvent: {}
[141.941083] (-) TimerEvent: {}
[142.042831] (-) TimerEvent: {}
[142.145290] (-) TimerEvent: {}
[142.247799] (-) TimerEvent: {}
[142.350664] (-) TimerEvent: {}
[142.453551] (-) TimerEvent: {}
[142.556396] (-) TimerEvent: {}
[142.658928] (-) TimerEvent: {}
[142.761761] (-) TimerEvent: {}
[142.781859] (ei_whistle_cpp) StdoutLine: {'line': b'[ 41%] \x1b[32mBuilding CXX object CMakeFiles/whistle_node.dir/edge-impulse-sdk/tensorflow/lite/micro/kernels/hard_swish_common.cc.o\x1b[0m\n'}
[142.861962] (-) TimerEvent: {}
[142.963063] (-) TimerEvent: {}
[143.064180] (-) TimerEvent: {}
[143.165229] (-) TimerEvent: {}
[143.266368] (-) TimerEvent: {}
[143.367521] (-) TimerEvent: {}
[143.468631] (-) TimerEvent: {}
[143.569820] (-) TimerEvent: {}
[143.671145] (-) TimerEvent: {}
[143.772217] (-) TimerEvent: {}
[143.873448] (-) TimerEvent: {}
[143.974790] (-) TimerEvent: {}
[144.075958] (-) TimerEvent: {}
[144.176994] (-) TimerEvent: {}
[144.278190] (-) TimerEvent: {}
[144.379302] (-) TimerEvent: {}
[144.480483] (-) TimerEvent: {}
[144.581694] (-) TimerEvent: {}
[144.683005] (-) TimerEvent: {}
[144.784205] (-) TimerEvent: {}
[144.885469] (-) TimerEvent: {}
[144.986910] (-) TimerEvent: {}
[145.088300] (-) TimerEvent: {}
[145.189731] (-) TimerEvent: {}
[145.298275] (-) TimerEvent: {}
[145.405951] (-) TimerEvent: {}
[145.507505] (-) TimerEvent: {}
[145.517627] (ei_whistle_cpp) StdoutLine: {'line': b'[ 42%] \x1b[32mBuilding CXX object CMakeFiles/whistle_node.dir/edge-impulse-sdk/tensorflow/lite/micro/kernels/if.cc.o\x1b[0m\n'}
[145.607693] (-) TimerEvent: {}
[145.711537] (-) TimerEvent: {}
[145.756973] (ei_whistle_cpp) StdoutLine: {'line': b'[ 42%] \x1b[32mBuilding CXX object CMakeFiles/whistle_node.dir/edge-impulse-sdk/tensorflow/lite/micro/kernels/kernel_runner.cc.o\x1b[0m\n'}
[145.811737] (-) TimerEvent: {}
[145.913986] (-) TimerEvent: {}
[146.015530] (-) TimerEvent: {}
[146.117036] (-) TimerEvent: {}
[146.219121] (-) TimerEvent: {}
[146.320734] (-) TimerEvent: {}
[146.422198] (-) TimerEvent: {}
[146.523761] (-) TimerEvent: {}
[146.625931] (-) TimerEvent: {}
[146.727473] (-) TimerEvent: {}
[146.829049] (-) TimerEvent: {}
[146.930625] (-) TimerEvent: {}
[147.032332] (-) TimerEvent: {}
[147.133985] (-) TimerEvent: {}
[147.235819] (-) TimerEvent: {}
[147.337508] (-) TimerEvent: {}
[147.439455] (-) TimerEvent: {}
[147.541134] (-) TimerEvent: {}
[147.563505] (ei_whistle_cpp) StdoutLine: {'line': b'[ 43%] \x1b[32mBuilding CXX object CMakeFiles/whistle_node.dir/edge-impulse-sdk/tensorflow/lite/micro/kernels/kernel_util_micro.cc.o\x1b[0m\n'}
[147.641475] (-) TimerEvent: {}
[147.742945] (-) TimerEvent: {}
[147.844520] (-) TimerEvent: {}
[147.946650] (-) TimerEvent: {}
[148.049324] (-) TimerEvent: {}
[148.151696] (-) TimerEvent: {}
[148.254231] (-) TimerEvent: {}
[148.356507] (-) TimerEvent: {}
[148.458666] (-) TimerEvent: {}
[148.561036] (-) TimerEvent: {}
[148.663411] (-) TimerEvent: {}
[148.765789] (-) TimerEvent: {}
[148.868355] (-) TimerEvent: {}
[148.971482] (-) TimerEvent: {}
[149.073318] (-) TimerEvent: {}
[149.175083] (-) TimerEvent: {}
[149.276710] (-) TimerEvent: {}
[149.378413] (-) TimerEvent: {}
[149.480260] (-) TimerEvent: {}
[149.582298] (-) TimerEvent: {}
[149.683963] (-) TimerEvent: {}
[149.785711] (-) TimerEvent: {}
[149.887387] (-) TimerEvent: {}
[149.989204] (-) TimerEvent: {}
[150.091058] (-) TimerEvent: {}
[150.192676] (-) TimerEvent: {}
[150.294862] (-) TimerEvent: {}
[150.397458] (-) TimerEvent: {}
[150.499282] (-) TimerEvent: {}
[150.602122] (-) TimerEvent: {}
[150.704840] (-) TimerEvent: {}
[150.810304] (-) TimerEvent: {}
[150.913337] (-) TimerEvent: {}
[151.015809] (-) TimerEvent: {}
[151.117507] (-) TimerEvent: {}
[151.227237] (-) TimerEvent: {}
[151.328990] (-) TimerEvent: {}
[151.430748] (-) TimerEvent: {}
[151.532499] (-) TimerEvent: {}
[151.558826] (ei_whistle_cpp) StdoutLine: {'line': b'[ 43%] \x1b[32mBuilding CXX object CMakeFiles/whistle_node.dir/edge-impulse-sdk/tensorflow/lite/micro/kernels/l2_pool_2d.cc.o\x1b[0m\n'}
[151.635373] (-) TimerEvent: {}
[151.736422] (-) TimerEvent: {}
[151.837524] (-) TimerEvent: {}
[151.938680] (-) TimerEvent: {}
[152.039781] (-) TimerEvent: {}
[152.140962] (-) TimerEvent: {}
[152.242108] (-) TimerEvent: {}
[152.343115] (-) TimerEvent: {}
[152.444195] (-) TimerEvent: {}
[152.545240] (-) TimerEvent: {}
[152.646302] (-) TimerEvent: {}
[152.747295] (-) TimerEvent: {}
[152.848377] (-) TimerEvent: {}
[152.949550] (-) TimerEvent: {}
[153.050640] (-) TimerEvent: {}
[153.151807] (-) TimerEvent: {}
[153.252951] (-) TimerEvent: {}
[153.354106] (-) TimerEvent: {}
[153.455166] (-) TimerEvent: {}
[153.556382] (-) TimerEvent: {}
[153.657476] (-) TimerEvent: {}
[153.758539] (-) TimerEvent: {}
[153.859593] (-) TimerEvent: {}
[153.960622] (-) TimerEvent: {}
[154.061723] (-) TimerEvent: {}
[154.162770] (-) TimerEvent: {}
[154.263873] (-) TimerEvent: {}
[154.365109] (-) TimerEvent: {}
[154.466534] (-) TimerEvent: {}
[154.567662] (-) TimerEvent: {}
[154.668796] (-) TimerEvent: {}
[154.685294] (ei_whistle_cpp) StdoutLine: {'line': b'[ 44%] \x1b[32mBuilding CXX object CMakeFiles/whistle_node.dir/edge-impulse-sdk/tensorflow/lite/micro/kernels/l2norm.cc.o\x1b[0m\n'}
[154.769060] (-) TimerEvent: {}
[154.870536] (-) TimerEvent: {}
[154.971940] (-) TimerEvent: {}
[155.073351] (-) TimerEvent: {}
[155.178211] (-) TimerEvent: {}
[155.279103] (-) TimerEvent: {}
[155.385426] (-) TimerEvent: {}
[155.486985] (-) TimerEvent: {}
[155.588555] (-) TimerEvent: {}
[155.690232] (-) TimerEvent: {}
[155.791921] (-) TimerEvent: {}
[155.893681] (-) TimerEvent: {}
[155.995408] (-) TimerEvent: {}
[156.097118] (-) TimerEvent: {}
[156.198870] (-) TimerEvent: {}
[156.301521] (-) TimerEvent: {}
[156.404148] (-) TimerEvent: {}
[156.509038] (-) TimerEvent: {}
[156.611071] (-) TimerEvent: {}
[156.713383] (-) TimerEvent: {}
[156.819646] (-) TimerEvent: {}
[156.922367] (-) TimerEvent: {}
[157.025143] (-) TimerEvent: {}
[157.127736] (-) TimerEvent: {}
[157.230455] (-) TimerEvent: {}
[157.333187] (-) TimerEvent: {}
[157.435849] (-) TimerEvent: {}
[157.538643] (-) TimerEvent: {}
[157.641169] (-) TimerEvent: {}
[157.744110] (-) TimerEvent: {}
[157.845765] (-) TimerEvent: {}
[157.947392] (-) TimerEvent: {}
[158.049106] (-) TimerEvent: {}
[158.150950] (-) TimerEvent: {}
[158.253024] (-) TimerEvent: {}
[158.355033] (-) TimerEvent: {}
[158.456768] (-) TimerEvent: {}
[158.558584] (-) TimerEvent: {}
[158.660287] (-) TimerEvent: {}
[158.762055] (-) TimerEvent: {}
[158.863810] (-) TimerEvent: {}
[158.965776] (-) TimerEvent: {}
[159.067457] (-) TimerEvent: {}
[159.169433] (-) TimerEvent: {}
[159.271171] (-) TimerEvent: {}
[159.373025] (-) TimerEvent: {}
[159.474789] (-) TimerEvent: {}
[159.576458] (-) TimerEvent: {}
[159.678165] (-) TimerEvent: {}
[159.780040] (-) TimerEvent: {}
[159.881747] (-) TimerEvent: {}
[159.983349] (-) TimerEvent: {}
[160.085105] (-) TimerEvent: {}
[160.188595] (-) TimerEvent: {}
[160.290259] (-) TimerEvent: {}
[160.310925] (ei_whistle_cpp) StdoutLine: {'line': b'[ 45%] \x1b[32mBuilding CXX object CMakeFiles/whistle_node.dir/edge-impulse-sdk/tensorflow/lite/micro/kernels/leaky_relu.cc.o\x1b[0m\n'}
[160.390519] (-) TimerEvent: {}
[160.492251] (-) TimerEvent: {}
[160.594816] (-) TimerEvent: {}
[160.697419] (-) TimerEvent: {}
[160.800114] (-) TimerEvent: {}
[160.902588] (-) TimerEvent: {}
[161.005258] (-) TimerEvent: {}
[161.107972] (-) TimerEvent: {}
[161.211001] (-) TimerEvent: {}
[161.313881] (-) TimerEvent: {}
[161.416478] (-) TimerEvent: {}
[161.519121] (-) TimerEvent: {}
[161.621521] (-) TimerEvent: {}
[161.723664] (-) TimerEvent: {}
[161.825445] (-) TimerEvent: {}
[161.927432] (-) TimerEvent: {}
[162.029126] (-) TimerEvent: {}
[162.130866] (-) TimerEvent: {}
[162.232601] (-) TimerEvent: {}
[162.334288] (-) TimerEvent: {}
[162.435859] (-) TimerEvent: {}
[162.537399] (-) TimerEvent: {}
[162.638979] (-) TimerEvent: {}
[162.740540] (-) TimerEvent: {}
[162.842115] (-) TimerEvent: {}
[162.943653] (-) TimerEvent: {}
[163.045212] (-) TimerEvent: {}
[163.146891] (-) TimerEvent: {}
[163.248468] (-) TimerEvent: {}
[163.350164] (-) TimerEvent: {}
[163.451814] (-) TimerEvent: {}
[163.553409] (-) TimerEvent: {}
[163.655156] (-) TimerEvent: {}
[163.756778] (-) TimerEvent: {}
[163.858441] (-) TimerEvent: {}
[163.960162] (-) TimerEvent: {}
[164.061979] (-) TimerEvent: {}
[164.163778] (-) TimerEvent: {}
[164.265543] (-) TimerEvent: {}
[164.367601] (-) TimerEvent: {}
[164.461506] (ei_whistle_cpp) StdoutLine: {'line': b'[ 45%] \x1b[32mBuilding CXX object CMakeFiles/whistle_node.dir/edge-impulse-sdk/tensorflow/lite/micro/kernels/leaky_relu_common.cc.o\x1b[0m\n'}
[164.467872] (-) TimerEvent: {}
[164.569520] (-) TimerEvent: {}
[164.671238] (-) TimerEvent: {}
[164.772922] (-) TimerEvent: {}
[164.874652] (-) TimerEvent: {}
[164.976264] (-) TimerEvent: {}
[165.078011] (-) TimerEvent: {}
[165.183808] (-) TimerEvent: {}
[165.289123] (-) TimerEvent: {}
[165.296558] (ei_whistle_cpp) StdoutLine: {'line': b'[ 46%] \x1b[32mBuilding CXX object CMakeFiles/whistle_node.dir/edge-impulse-sdk/tensorflow/lite/micro/kernels/log_softmax.cc.o\x1b[0m\n'}
[165.389426] (-) TimerEvent: {}
[165.491844] (-) TimerEvent: {}
[165.594182] (-) TimerEvent: {}
[165.697095] (-) TimerEvent: {}
[165.800143] (-) TimerEvent: {}
[165.901799] (-) TimerEvent: {}
[166.003531] (-) TimerEvent: {}
[166.105189] (-) TimerEvent: {}
[166.207177] (-) TimerEvent: {}
[166.309006] (-) TimerEvent: {}
[166.410963] (-) TimerEvent: {}
[166.513198] (-) TimerEvent: {}
[166.617796] (-) TimerEvent: {}
[166.720436] (-) TimerEvent: {}
[166.822307] (-) TimerEvent: {}
[166.924463] (-) TimerEvent: {}
[167.026320] (-) TimerEvent: {}
[167.128105] (-) TimerEvent: {}
[167.229807] (-) TimerEvent: {}
[167.331506] (-) TimerEvent: {}
[167.433861] (-) TimerEvent: {}
[167.535643] (-) TimerEvent: {}
[167.637889] (-) TimerEvent: {}
[167.739543] (-) TimerEvent: {}
[167.841187] (-) TimerEvent: {}
[167.943043] (-) TimerEvent: {}
[167.991933] (ei_whistle_cpp) StdoutLine: {'line': b'[ 46%] \x1b[32mBuilding CXX object CMakeFiles/whistle_node.dir/edge-impulse-sdk/tensorflow/lite/micro/kernels/logical.cc.o\x1b[0m\n'}
[168.043343] (-) TimerEvent: {}
[168.144878] (-) TimerEvent: {}
[168.246334] (-) TimerEvent: {}
[168.347925] (-) TimerEvent: {}
[168.449335] (-) TimerEvent: {}
[168.551031] (-) TimerEvent: {}
[168.652951] (-) TimerEvent: {}
[168.754684] (-) TimerEvent: {}
[168.856187] (-) TimerEvent: {}
[168.871059] (ei_whistle_cpp) StdoutLine: {'line': b'[ 47%] \x1b[32mBuilding CXX object CMakeFiles/whistle_node.dir/edge-impulse-sdk/tensorflow/lite/micro/kernels/logical_common.cc.o\x1b[0m\n'}
[168.956415] (-) TimerEvent: {}
[169.057882] (-) TimerEvent: {}
[169.159212] (-) TimerEvent: {}
[169.260574] (-) TimerEvent: {}
[169.362303] (-) TimerEvent: {}
[169.463857] (-) TimerEvent: {}
[169.565683] (-) TimerEvent: {}
[169.667497] (-) TimerEvent: {}
[169.769095] (-) TimerEvent: {}
[169.870494] (-) TimerEvent: {}
[169.972044] (-) TimerEvent: {}
[170.073412] (-) TimerEvent: {}
[170.175874] (-) TimerEvent: {}
[170.277803] (-) TimerEvent: {}
[170.380216] (-) TimerEvent: {}
[170.482867] (-) TimerEvent: {}
[170.585921] (-) TimerEvent: {}
[170.688911] (-) TimerEvent: {}
[170.792289] (-) TimerEvent: {}
[170.895072] (-) TimerEvent: {}
[170.997747] (-) TimerEvent: {}
[171.100625] (-) TimerEvent: {}
[171.203485] (-) TimerEvent: {}
[171.306046] (-) TimerEvent: {}
[171.415056] (-) TimerEvent: {}
[171.517744] (-) TimerEvent: {}
[171.620178] (-) TimerEvent: {}
[171.722628] (-) TimerEvent: {}
[171.824703] (-) TimerEvent: {}
[171.926412] (-) TimerEvent: {}
[172.028183] (-) TimerEvent: {}
[172.129796] (-) TimerEvent: {}
[172.231253] (-) TimerEvent: {}
[172.332747] (-) TimerEvent: {}
[172.434335] (-) TimerEvent: {}
[172.536159] (-) TimerEvent: {}
[172.637893] (-) TimerEvent: {}
[172.739548] (-) TimerEvent: {}
[172.840949] (-) TimerEvent: {}
[172.942435] (-) TimerEvent: {}
[173.043972] (-) TimerEvent: {}
[173.145488] (-) TimerEvent: {}
[173.247164] (-) TimerEvent: {}
[173.348847] (-) TimerEvent: {}
[173.451677] (-) TimerEvent: {}
[173.554601] (-) TimerEvent: {}
[173.656087] (-) TimerEvent: {}
[173.757270] (-) TimerEvent: {}
[173.858469] (-) TimerEvent: {}
[173.959685] (-) TimerEvent: {}
[174.060810] (-) TimerEvent: {}
[174.162056] (-) TimerEvent: {}
[174.263120] (-) TimerEvent: {}
[174.364208] (-) TimerEvent: {}
[174.465271] (-) TimerEvent: {}
[174.566460] (-) TimerEvent: {}
[174.667541] (-) TimerEvent: {}
[174.768645] (-) TimerEvent: {}
[174.869672] (-) TimerEvent: {}
[174.970696] (-) TimerEvent: {}
[175.071683] (-) TimerEvent: {}
[175.172666] (-) TimerEvent: {}
[175.273649] (-) TimerEvent: {}
[175.374592] (-) TimerEvent: {}
[175.475444] (-) TimerEvent: {}
[175.576305] (-) TimerEvent: {}
[175.677166] (-) TimerEvent: {}
[175.778063] (-) TimerEvent: {}
[175.878923] (-) TimerEvent: {}
[175.979790] (-) TimerEvent: {}
[175.994017] (ei_whistle_cpp) StdoutLine: {'line': b'[ 48%] \x1b[32mBuilding CXX object CMakeFiles/whistle_node.dir/edge-impulse-sdk/tensorflow/lite/micro/kernels/lstm_eval.cc.o\x1b[0m\n'}
[176.079988] (-) TimerEvent: {}
[176.180743] (-) TimerEvent: {}
[176.281499] (-) TimerEvent: {}
[176.382347] (-) TimerEvent: {}
[176.483278] (-) TimerEvent: {}
[176.584026] (-) TimerEvent: {}
[176.684760] (-) TimerEvent: {}
[176.785531] (-) TimerEvent: {}
[176.886395] (-) TimerEvent: {}
[176.987370] (-) TimerEvent: {}
[177.088451] (-) TimerEvent: {}
[177.189328] (-) TimerEvent: {}
[177.290175] (-) TimerEvent: {}
[177.391026] (-) TimerEvent: {}
[177.492318] (-) TimerEvent: {}
[177.593153] (-) TimerEvent: {}
[177.694634] (-) TimerEvent: {}
[177.795577] (-) TimerEvent: {}
[177.896455] (-) TimerEvent: {}
[177.997307] (-) TimerEvent: {}
[178.042229] (ei_whistle_cpp) StdoutLine: {'line': b'[ 49%] \x1b[32mBuilding CXX object CMakeFiles/whistle_node.dir/edge-impulse-sdk/tensorflow/lite/micro/kernels/maximum_minimum.cc.o\x1b[0m\n'}
[178.097548] (-) TimerEvent: {}
[178.100697] (ei_whistle_cpp) StdoutLine: {'line': b'[ 49%] \x1b[32mBuilding CXX object CMakeFiles/whistle_node.dir/edge-impulse-sdk/tensorflow/lite/micro/kernels/logistic_common.cc.o\x1b[0m\n'}
[178.197854] (-) TimerEvent: {}
[178.299488] (-) TimerEvent: {}
[178.401804] (-) TimerEvent: {}
[178.502955] (-) TimerEvent: {}
[178.604075] (-) TimerEvent: {}
[178.705140] (-) TimerEvent: {}
[178.806198] (-) TimerEvent: {}
[178.907138] (-) TimerEvent: {}
[179.008216] (-) TimerEvent: {}
[179.109088] (-) TimerEvent: {}
[179.165702] (ei_whistle_cpp) StdoutLine: {'line': b'[ 50%] \x1b[32mBuilding CXX object CMakeFiles/whistle_node.dir/edge-impulse-sdk/tensorflow/lite/micro/kernels/logistic.cc.o\x1b[0m\n'}
[179.209347] (-) TimerEvent: {}
[179.311540] (-) TimerEvent: {}
[179.414857] (-) TimerEvent: {}
[179.517154] (-) TimerEvent: {}
[179.619883] (-) TimerEvent: {}
[179.722689] (-) TimerEvent: {}
[179.825791] (-) TimerEvent: {}
[179.928533] (-) TimerEvent: {}
[180.030929] (-) TimerEvent: {}
[180.133430] (-) TimerEvent: {}
[180.236282] (-) TimerEvent: {}
[180.337380] (-) TimerEvent: {}
[180.439210] (-) TimerEvent: {}
[180.541234] (-) TimerEvent: {}
[180.643033] (-) TimerEvent: {}
[180.745002] (-) TimerEvent: {}
[180.846824] (-) TimerEvent: {}
[180.948447] (-) TimerEvent: {}
[181.050263] (-) TimerEvent: {}
[181.152476] (-) TimerEvent: {}
[181.254183] (-) TimerEvent: {}
[181.356001] (-) TimerEvent: {}
[181.457747] (-) TimerEvent: {}
[181.567479] (-) TimerEvent: {}
[181.670986] (-) TimerEvent: {}
[181.772253] (-) TimerEvent: {}
[181.875062] (-) TimerEvent: {}
[181.977714] (-) TimerEvent: {}
[182.080496] (-) TimerEvent: {}
[182.185420] (-) TimerEvent: {}
[182.288082] (-) TimerEvent: {}
[182.390807] (-) TimerEvent: {}
[182.493469] (-) TimerEvent: {}
[182.596256] (-) TimerEvent: {}
[182.699639] (-) TimerEvent: {}
[182.802986] (-) TimerEvent: {}
[182.906290] (-) TimerEvent: {}
[183.009130] (-) TimerEvent: {}
[183.112676] (-) TimerEvent: {}
[183.215412] (-) TimerEvent: {}
[183.318626] (-) TimerEvent: {}
[183.421773] (-) TimerEvent: {}
[183.524944] (-) TimerEvent: {}
[183.628179] (-) TimerEvent: {}
[183.731081] (-) TimerEvent: {}
[183.833843] (-) TimerEvent: {}
[183.936793] (-) TimerEvent: {}
[184.039537] (-) TimerEvent: {}
[184.142661] (-) TimerEvent: {}
[184.174212] (ei_whistle_cpp) StdoutLine: {'line': b'[ 50%] \x1b[32mBuilding CXX object CMakeFiles/whistle_node.dir/edge-impulse-sdk/tensorflow/lite/micro/kernels/micro_tensor_utils.cc.o\x1b[0m\n'}
[184.242903] (-) TimerEvent: {}
[184.346354] (-) TimerEvent: {}
[184.449426] (-) TimerEvent: {}
[184.552527] (-) TimerEvent: {}
[184.655454] (-) TimerEvent: {}
[184.758240] (-) TimerEvent: {}
[184.861346] (-) TimerEvent: {}
[184.964335] (-) TimerEvent: {}
[185.067296] (-) TimerEvent: {}
[185.170518] (-) TimerEvent: {}
[185.279428] (-) TimerEvent: {}
[185.382589] (-) TimerEvent: {}
[185.488460] (-) TimerEvent: {}
[185.591634] (-) TimerEvent: {}
[185.694398] (-) TimerEvent: {}
[185.730897] (ei_whistle_cpp) StdoutLine: {'line': b'[ 51%] \x1b[32mBuilding CXX object CMakeFiles/whistle_node.dir/edge-impulse-sdk/tensorflow/lite/micro/kernels/mirror_pad.cc.o\x1b[0m\n'}
[185.794804] (-) TimerEvent: {}
[185.902863] (-) TimerEvent: {}
[186.005169] (-) TimerEvent: {}
[186.107555] (-) TimerEvent: {}
[186.209940] (-) TimerEvent: {}
[186.312224] (-) TimerEvent: {}
[186.414652] (-) TimerEvent: {}
[186.516089] (-) TimerEvent: {}
[186.566398] (ei_whistle_cpp) StdoutLine: {'line': b'[ 51%] \x1b[32mBuilding CXX object CMakeFiles/whistle_node.dir/edge-impulse-sdk/tensorflow/lite/micro/kernels/mli_interface.cc.o\x1b[0m\n'}
[186.616381] (-) TimerEvent: {}
[186.718453] (-) TimerEvent: {}
[186.763594] (ei_whistle_cpp) StdoutLine: {'line': b'[ 52%] \x1b[32mBuilding CXX object CMakeFiles/whistle_node.dir/edge-impulse-sdk/tensorflow/lite/micro/kernels/mli_slicers.cc.o\x1b[0m\n'}
[186.818744] (-) TimerEvent: {}
[186.921023] (-) TimerEvent: {}
[186.924455] (ei_whistle_cpp) StdoutLine: {'line': b'[ 53%] \x1b[32mBuilding CXX object CMakeFiles/whistle_node.dir/edge-impulse-sdk/tensorflow/lite/micro/kernels/mul.cc.o\x1b[0m\n'}
[187.021236] (-) TimerEvent: {}
[187.122904] (-) TimerEvent: {}
[187.225088] (-) TimerEvent: {}
[187.326894] (-) TimerEvent: {}
[187.428658] (-) TimerEvent: {}
[187.447543] (ei_whistle_cpp) StdoutLine: {'line': b'[ 53%] \x1b[32mBuilding CXX object CMakeFiles/whistle_node.dir/edge-impulse-sdk/tensorflow/lite/micro/kernels/mul_common.cc.o\x1b[0m\n'}
[187.528897] (-) TimerEvent: {}
[187.631253] (-) TimerEvent: {}
[187.733897] (-) TimerEvent: {}
[187.836862] (-) TimerEvent: {}
[187.938968] (-) TimerEvent: {}
[188.041326] (-) TimerEvent: {}
[188.143850] (-) TimerEvent: {}
[188.247787] (-) TimerEvent: {}
[188.351463] (-) TimerEvent: {}
[188.454411] (-) TimerEvent: {}
[188.557103] (-) TimerEvent: {}
[188.659887] (-) TimerEvent: {}
[188.762771] (-) TimerEvent: {}
[188.846964] (ei_whistle_cpp) StdoutLine: {'line': b'[ 54%] \x1b[32mBuilding CXX object CMakeFiles/whistle_node.dir/edge-impulse-sdk/tensorflow/lite/micro/kernels/neg.cc.o\x1b[0m\n'}
[188.863165] (-) TimerEvent: {}
[188.965666] (-) TimerEvent: {}
[189.068769] (-) TimerEvent: {}
[189.171962] (-) TimerEvent: {}
[189.275134] (-) TimerEvent: {}
[189.377896] (-) TimerEvent: {}
[189.482564] (-) TimerEvent: {}
[189.585417] (-) TimerEvent: {}
[189.688121] (-) TimerEvent: {}
[189.791302] (-) TimerEvent: {}
[189.893750] (-) TimerEvent: {}
[189.996790] (-) TimerEvent: {}
[190.102647] (-) TimerEvent: {}
[190.205848] (-) TimerEvent: {}
[190.308965] (-) TimerEvent: {}
[190.413347] (-) TimerEvent: {}
[190.515598] (-) TimerEvent: {}
[190.618682] (-) TimerEvent: {}
[190.721554] (-) TimerEvent: {}
[190.824170] (-) TimerEvent: {}
[190.927086] (-) TimerEvent: {}
[191.029877] (-) TimerEvent: {}
[191.132945] (-) TimerEvent: {}
[191.235979] (-) TimerEvent: {}
[191.339041] (-) TimerEvent: {}
[191.442424] (-) TimerEvent: {}
[191.546397] (-) TimerEvent: {}
[191.647979] (-) TimerEvent: {}
[191.670812] (ei_whistle_cpp) StdoutLine: {'line': b'[ 54%] \x1b[32mBuilding CXX object CMakeFiles/whistle_node.dir/edge-impulse-sdk/tensorflow/lite/micro/kernels/pack.cc.o\x1b[0m\n'}
[191.748217] (-) TimerEvent: {}
[191.850044] (-) TimerEvent: {}
[191.953797] (-) TimerEvent: {}
[192.055722] (-) TimerEvent: {}
[192.157850] (-) TimerEvent: {}
[192.259783] (-) TimerEvent: {}
[192.361969] (-) TimerEvent: {}
[192.463918] (-) TimerEvent: {}
[192.565796] (-) TimerEvent: {}
[192.667688] (-) TimerEvent: {}
[192.770140] (-) TimerEvent: {}
[192.872361] (-) TimerEvent: {}
[192.974688] (-) TimerEvent: {}
[193.076661] (-) TimerEvent: {}
[193.178631] (-) TimerEvent: {}
[193.281072] (-) TimerEvent: {}
[193.383623] (-) TimerEvent: {}
[193.485710] (-) TimerEvent: {}
[193.588150] (-) TimerEvent: {}
[193.690488] (-) TimerEvent: {}
[193.792332] (-) TimerEvent: {}
[193.894386] (-) TimerEvent: {}
[193.996357] (-) TimerEvent: {}
[194.098071] (-) TimerEvent: {}
[194.200020] (-) TimerEvent: {}
[194.301702] (-) TimerEvent: {}
[194.403751] (-) TimerEvent: {}
[194.505612] (-) TimerEvent: {}
[194.560661] (ei_whistle_cpp) StdoutLine: {'line': b'[ 55%] \x1b[32mBuilding CXX object CMakeFiles/whistle_node.dir/edge-impulse-sdk/tensorflow/lite/micro/kernels/pad.cc.o\x1b[0m\n'}
[194.605864] (-) TimerEvent: {}
[194.708458] (-) TimerEvent: {}
[194.811029] (-) TimerEvent: {}
[194.913253] (-) TimerEvent: {}
[195.015347] (-) TimerEvent: {}
[195.117702] (-) TimerEvent: {}
[195.219815] (-) TimerEvent: {}
[195.321218] (-) TimerEvent: {}
[195.423170] (-) TimerEvent: {}
[195.525847] (-) TimerEvent: {}
[195.628157] (-) TimerEvent: {}
[195.730422] (-) TimerEvent: {}
[195.832802] (-) TimerEvent: {}
[195.935507] (-) TimerEvent: {}
[196.037939] (-) TimerEvent: {}
[196.140609] (-) TimerEvent: {}
[196.243429] (-) TimerEvent: {}
[196.345900] (-) TimerEvent: {}
[196.448727] (-) TimerEvent: {}
[196.557075] (-) TimerEvent: {}
[196.658387] (-) TimerEvent: {}
[196.759726] (-) TimerEvent: {}
[196.861596] (-) TimerEvent: {}
[196.963331] (-) TimerEvent: {}
[197.065215] (-) TimerEvent: {}
[197.167006] (-) TimerEvent: {}
[197.269916] (-) TimerEvent: {}
[197.314136] (ei_whistle_cpp) StdoutLine: {'line': b'[ 56%] \x1b[32mBuilding CXX object CMakeFiles/whistle_node.dir/edge-impulse-sdk/tensorflow/lite/micro/kernels/pooling.cc.o\x1b[0m\n'}
[197.370155] (-) TimerEvent: {}
[197.472105] (-) TimerEvent: {}
[197.574216] (-) TimerEvent: {}
[197.676029] (-) TimerEvent: {}
[197.777949] (-) TimerEvent: {}
[197.880086] (-) TimerEvent: {}
[197.982460] (-) TimerEvent: {}
[198.084642] (-) TimerEvent: {}
[198.186644] (-) TimerEvent: {}
[198.288550] (-) TimerEvent: {}
[198.390318] (-) TimerEvent: {}
[198.492141] (-) TimerEvent: {}
[198.594042] (-) TimerEvent: {}
[198.695895] (-) TimerEvent: {}
[198.797768] (-) TimerEvent: {}
[198.899583] (-) TimerEvent: {}
[199.002761] (-) TimerEvent: {}
[199.104870] (-) TimerEvent: {}
[199.206035] (-) TimerEvent: {}
[199.307002] (-) TimerEvent: {}
[199.408148] (-) TimerEvent: {}
[199.509352] (-) TimerEvent: {}
[199.611676] (-) TimerEvent: {}
[199.713966] (-) TimerEvent: {}
[199.815920] (-) TimerEvent: {}
[199.918014] (-) TimerEvent: {}
[200.020104] (-) TimerEvent: {}
[200.121993] (-) TimerEvent: {}
[200.223133] (-) TimerEvent: {}
[200.325510] (-) TimerEvent: {}
[200.427104] (-) TimerEvent: {}
[200.528779] (-) TimerEvent: {}
[200.624408] (ei_whistle_cpp) StdoutLine: {'line': b'[ 56%] \x1b[32mBuilding CXX object CMakeFiles/whistle_node.dir/edge-impulse-sdk/tensorflow/lite/micro/kernels/pooling_common.cc.o\x1b[0m\n'}
[200.629045] (-) TimerEvent: {}
[200.730570] (-) TimerEvent: {}
[200.832165] (-) TimerEvent: {}
[200.933913] (-) TimerEvent: {}
[201.035534] (-) TimerEvent: {}
[201.137387] (-) TimerEvent: {}
[201.239128] (-) TimerEvent: {}
[201.340667] (-) TimerEvent: {}
[201.442257] (-) TimerEvent: {}
[201.543801] (-) TimerEvent: {}
[201.645397] (-) TimerEvent: {}
[201.747432] (-) TimerEvent: {}
[201.857222] (-) TimerEvent: {}
[201.958756] (-) TimerEvent: {}
[202.060240] (-) TimerEvent: {}
[202.161953] (-) TimerEvent: {}
[202.263665] (-) TimerEvent: {}
[202.365306] (-) TimerEvent: {}
[202.467112] (-) TimerEvent: {}
[202.568959] (-) TimerEvent: {}
[202.670718] (-) TimerEvent: {}
[202.772565] (-) TimerEvent: {}
[202.874222] (-) TimerEvent: {}
[202.975960] (-) TimerEvent: {}
[203.077712] (-) TimerEvent: {}
[203.179561] (-) TimerEvent: {}
[203.281166] (-) TimerEvent: {}
[203.382865] (-) TimerEvent: {}
[203.484466] (-) TimerEvent: {}
[203.586209] (-) TimerEvent: {}
[203.687843] (-) TimerEvent: {}
[203.789467] (-) TimerEvent: {}
[203.890996] (-) TimerEvent: {}
[203.992841] (-) TimerEvent: {}
[204.094609] (-) TimerEvent: {}
[204.196362] (-) TimerEvent: {}
[204.297929] (-) TimerEvent: {}
[204.399461] (-) TimerEvent: {}
[204.501113] (-) TimerEvent: {}
[204.602878] (-) TimerEvent: {}
[204.704546] (-) TimerEvent: {}
[204.806207] (-) TimerEvent: {}
[204.907913] (-) TimerEvent: {}
[205.009544] (-) TimerEvent: {}
[205.111311] (-) TimerEvent: {}
[205.221806] (-) TimerEvent: {}
[205.322986] (-) TimerEvent: {}
[205.425318] (-) TimerEvent: {}
[205.528978] (-) TimerEvent: {}
[205.630440] (-) TimerEvent: {}
[205.731926] (-) TimerEvent: {}
[205.776357] (ei_whistle_cpp) StdoutLine: {'line': b'[ 57%] \x1b[32mBuilding CXX object CMakeFiles/whistle_node.dir/edge-impulse-sdk/tensorflow/lite/micro/kernels/prelu.cc.o\x1b[0m\n'}
[205.832226] (-) TimerEvent: {}
[205.933824] (-) TimerEvent: {}
[206.035273] (-) TimerEvent: {}
[206.136693] (-) TimerEvent: {}
[206.238411] (-) TimerEvent: {}
[206.340075] (-) TimerEvent: {}
[206.441458] (-) TimerEvent: {}
[206.544265] (-) TimerEvent: {}
[206.647101] (-) TimerEvent: {}
[206.750121] (-) TimerEvent: {}
[206.860098] (-) TimerEvent: {}
[206.961905] (-) TimerEvent: {}
[207.063750] (-) TimerEvent: {}
[207.165650] (-) TimerEvent: {}
[207.267394] (-) TimerEvent: {}
[207.369244] (-) TimerEvent: {}
[207.471195] (-) TimerEvent: {}
[207.572984] (-) TimerEvent: {}
[207.674847] (-) TimerEvent: {}
[207.776715] (-) TimerEvent: {}
[207.878454] (-) TimerEvent: {}
[207.980066] (-) TimerEvent: {}
[208.081764] (-) TimerEvent: {}
[208.183495] (-) TimerEvent: {}
[208.285377] (-) TimerEvent: {}
[208.387207] (-) TimerEvent: {}
[208.488912] (-) TimerEvent: {}
[208.590609] (-) TimerEvent: {}
[208.692195] (-) TimerEvent: {}
[208.793830] (-) TimerEvent: {}
[208.895395] (-) TimerEvent: {}
[208.996979] (-) TimerEvent: {}
[209.098547] (-) TimerEvent: {}
[209.200117] (-) TimerEvent: {}
[209.301710] (-) TimerEvent: {}
[209.403312] (-) TimerEvent: {}
[209.504991] (-) TimerEvent: {}
[209.606559] (-) TimerEvent: {}
[209.708146] (-) TimerEvent: {}
[209.810039] (-) TimerEvent: {}
[209.911827] (-) TimerEvent: {}
[209.913088] (ei_whistle_cpp) StdoutLine: {'line': b'[ 57%] \x1b[32mBuilding CXX object CMakeFiles/whistle_node.dir/edge-impulse-sdk/tensorflow/lite/micro/kernels/prelu_common.cc.o\x1b[0m\n'}
[209.927419] (ei_whistle_cpp) StdoutLine: {'line': b'[ 58%] \x1b[32mBuilding CXX object CMakeFiles/whistle_node.dir/edge-impulse-sdk/tensorflow/lite/micro/kernels/quantize.cc.o\x1b[0m\n'}
[210.012094] (-) TimerEvent: {}
[210.113721] (-) TimerEvent: {}
[210.221829] (-) TimerEvent: {}
[210.323231] (-) TimerEvent: {}
[210.424990] (-) TimerEvent: {}
[210.527268] (-) TimerEvent: {}
[210.629869] (-) TimerEvent: {}
[210.732355] (-) TimerEvent: {}
[210.837802] (-) TimerEvent: {}
[210.940089] (-) TimerEvent: {}
[211.043126] (-) TimerEvent: {}
[211.144532] (-) TimerEvent: {}
[211.210169] (ei_whistle_cpp) StdoutLine: {'line': b'[ 59%] \x1b[32mBuilding CXX object CMakeFiles/whistle_node.dir/edge-impulse-sdk/tensorflow/lite/micro/kernels/quantize_common.cc.o\x1b[0m\n'}
[211.244853] (-) TimerEvent: {}
[211.346474] (-) TimerEvent: {}
[211.448515] (-) TimerEvent: {}
[211.550047] (-) TimerEvent: {}
[211.657085] (-) TimerEvent: {}
[211.759091] (-) TimerEvent: {}
[211.862544] (-) TimerEvent: {}
[211.964194] (-) TimerEvent: {}
[212.066072] (-) TimerEvent: {}
[212.168132] (-) TimerEvent: {}
[212.270065] (-) TimerEvent: {}
[212.371777] (-) TimerEvent: {}
[212.473469] (-) TimerEvent: {}
[212.575354] (-) TimerEvent: {}
[212.677800] (-) TimerEvent: {}
[212.780297] (-) TimerEvent: {}
[212.882929] (-) TimerEvent: {}
[212.985663] (-) TimerEvent: {}
[213.088067] (-) TimerEvent: {}
[213.190092] (-) TimerEvent: {}
[213.291847] (-) TimerEvent: {}
[213.393718] (-) TimerEvent: {}
[213.495763] (-) TimerEvent: {}
[213.597693] (-) TimerEvent: {}
[213.699540] (-) TimerEvent: {}
[213.801247] (-) TimerEvent: {}
[213.902940] (-) TimerEvent: {}
[214.004744] (-) TimerEvent: {}
[214.106648] (-) TimerEvent: {}
[214.208247] (-) TimerEvent: {}
[214.246143] (ei_whistle_cpp) StdoutLine: {'line': b'[ 59%] \x1b[32mBuilding CXX object CMakeFiles/whistle_node.dir/edge-impulse-sdk/tensorflow/lite/micro/kernels/read_variable.cc.o\x1b[0m\n'}
[214.308704] (-) TimerEvent: {}
[214.410671] (-) TimerEvent: {}
[214.512167] (-) TimerEvent: {}
[214.613709] (-) TimerEvent: {}
[214.715187] (-) TimerEvent: {}
[214.816688] (-) TimerEvent: {}
[214.918230] (-) TimerEvent: {}
[215.019796] (-) TimerEvent: {}
[215.121374] (-) TimerEvent: {}
[215.223629] (-) TimerEvent: {}
[215.326520] (-) TimerEvent: {}
[215.429285] (-) TimerEvent: {}
[215.533017] (-) TimerEvent: {}
[215.635879] (-) TimerEvent: {}
[215.738493] (-) TimerEvent: {}
[215.840970] (-) TimerEvent: {}
[215.943965] (-) TimerEvent: {}
[216.046513] (-) TimerEvent: {}
[216.149048] (-) TimerEvent: {}
[216.250737] (-) TimerEvent: {}
[216.352298] (-) TimerEvent: {}
[216.453953] (-) TimerEvent: {}
[216.555654] (-) TimerEvent: {}
[216.641198] (ei_whistle_cpp) StdoutLine: {'line': b'[ 60%] \x1b[32mBuilding CXX object CMakeFiles/whistle_node.dir/edge-impulse-sdk/tensorflow/lite/micro/kernels/real.cc.o\x1b[0m\n'}
[216.656038] (-) TimerEvent: {}
[216.758814] (-) TimerEvent: {}
[216.860832] (-) TimerEvent: {}
[216.972222] (-) TimerEvent: {}
[217.074486] (-) TimerEvent: {}
[217.176462] (-) TimerEvent: {}
[217.278729] (-) TimerEvent: {}
[217.382166] (-) TimerEvent: {}
[217.484230] (-) TimerEvent: {}
[217.586577] (-) TimerEvent: {}
[217.689802] (-) TimerEvent: {}
[217.792038] (-) TimerEvent: {}
[217.827885] (ei_whistle_cpp) StdoutLine: {'line': b'[ 60%] \x1b[32mBuilding CXX object CMakeFiles/whistle_node.dir/edge-impulse-sdk/tensorflow/lite/micro/kernels/reduce.cc.o\x1b[0m\n'}
[217.892341] (-) TimerEvent: {}
[217.993944] (-) TimerEvent: {}
[218.095742] (-) TimerEvent: {}
[218.197291] (-) TimerEvent: {}
[218.299109] (-) TimerEvent: {}
[218.400808] (-) TimerEvent: {}
[218.502558] (-) TimerEvent: {}
[218.604360] (-) TimerEvent: {}
[218.705894] (-) TimerEvent: {}
[218.807458] (-) TimerEvent: {}
[218.909084] (-) TimerEvent: {}
[219.011115] (-) TimerEvent: {}
[219.112675] (-) TimerEvent: {}
[219.214772] (-) TimerEvent: {}
[219.316410] (-) TimerEvent: {}
[219.418012] (-) TimerEvent: {}
[219.428574] (ei_whistle_cpp) StdoutLine: {'line': b'[ 61%] \x1b[32mBuilding CXX object CMakeFiles/whistle_node.dir/edge-impulse-sdk/tensorflow/lite/micro/kernels/reduce_common.cc.o\x1b[0m\n'}
[219.518253] (-) TimerEvent: {}
[219.619736] (-) TimerEvent: {}
[219.721303] (-) TimerEvent: {}
[219.822838] (-) TimerEvent: {}
[219.924693] (-) TimerEvent: {}
[220.026956] (-) TimerEvent: {}
[220.128860] (-) TimerEvent: {}
[220.231046] (-) TimerEvent: {}
[220.338310] (-) TimerEvent: {}
[220.439947] (-) TimerEvent: {}
[220.542389] (-) TimerEvent: {}
[220.644706] (-) TimerEvent: {}
[220.746342] (-) TimerEvent: {}
[220.847944] (-) TimerEvent: {}
[220.949768] (-) TimerEvent: {}
[221.051499] (-) TimerEvent: {}
[221.153013] (-) TimerEvent: {}
[221.254582] (-) TimerEvent: {}
[221.356174] (-) TimerEvent: {}
[221.457761] (-) TimerEvent: {}
[221.559665] (-) TimerEvent: {}
[221.662441] (-) TimerEvent: {}
[221.764946] (-) TimerEvent: {}
[221.866962] (-) TimerEvent: {}
[221.977446] (-) TimerEvent: {}
[222.079272] (-) TimerEvent: {}
[222.180877] (-) TimerEvent: {}
[222.282561] (-) TimerEvent: {}
[222.384206] (-) TimerEvent: {}
[222.485920] (-) TimerEvent: {}
[222.587775] (-) TimerEvent: {}
[222.689826] (-) TimerEvent: {}
[222.791948] (-) TimerEvent: {}
[222.893594] (-) TimerEvent: {}
[222.995241] (-) TimerEvent: {}
[223.096932] (-) TimerEvent: {}
[223.198740] (-) TimerEvent: {}
[223.300582] (-) TimerEvent: {}
[223.402267] (-) TimerEvent: {}
[223.503887] (-) TimerEvent: {}
[223.605397] (-) TimerEvent: {}
[223.706991] (-) TimerEvent: {}
[223.808538] (-) TimerEvent: {}
[223.894484] (ei_whistle_cpp) StdoutLine: {'line': b'[ 62%] \x1b[32mBuilding CXX object CMakeFiles/whistle_node.dir/edge-impulse-sdk/tensorflow/lite/micro/kernels/reshape.cc.o\x1b[0m\n'}
[223.908799] (-) TimerEvent: {}
[224.010621] (-) TimerEvent: {}
[224.112257] (-) TimerEvent: {}
[224.213961] (-) TimerEvent: {}
[224.315510] (-) TimerEvent: {}
[224.417168] (-) TimerEvent: {}
[224.518977] (-) TimerEvent: {}
[224.620474] (-) TimerEvent: {}
[224.722154] (-) TimerEvent: {}
[224.823799] (-) TimerEvent: {}
[224.925469] (-) TimerEvent: {}
[225.027561] (-) TimerEvent: {}
[225.131254] (-) TimerEvent: {}
[225.245938] (-) TimerEvent: {}
[225.347264] (-) TimerEvent: {}
[225.448983] (-) TimerEvent: {}
[225.551453] (-) TimerEvent: {}
[225.654021] (-) TimerEvent: {}
[225.756714] (-) TimerEvent: {}
[225.858991] (-) TimerEvent: {}
[225.961103] (-) TimerEvent: {}
[225.971699] (ei_whistle_cpp) StdoutLine: {'line': b'[ 62%] \x1b[32mBuilding CXX object CMakeFiles/whistle_node.dir/edge-impulse-sdk/tensorflow/lite/micro/kernels/resize_bilinear.cc.o\x1b[0m\n'}
[226.061409] (-) TimerEvent: {}
[226.163013] (-) TimerEvent: {}
[226.264601] (-) TimerEvent: {}
[226.366127] (-) TimerEvent: {}
[226.467761] (-) TimerEvent: {}
[226.569558] (-) TimerEvent: {}
[226.671304] (-) TimerEvent: {}
[226.772802] (-) TimerEvent: {}
[226.874701] (-) TimerEvent: {}
[226.979555] (-) TimerEvent: {}
[227.081344] (-) TimerEvent: {}
[227.183069] (-) TimerEvent: {}
[227.284828] (-) TimerEvent: {}
[227.386548] (-) TimerEvent: {}
[227.488419] (-) TimerEvent: {}
[227.590634] (-) TimerEvent: {}
[227.692497] (-) TimerEvent: {}
[227.794432] (-) TimerEvent: {}
[227.896268] (-) TimerEvent: {}
[227.998907] (-) TimerEvent: {}
[228.100551] (-) TimerEvent: {}
[228.202352] (-) TimerEvent: {}
[228.303957] (-) TimerEvent: {}
[228.405537] (-) TimerEvent: {}
[228.507088] (-) TimerEvent: {}
[228.608756] (-) TimerEvent: {}
[228.710482] (-) TimerEvent: {}
[228.812089] (-) TimerEvent: {}
[228.913816] (-) TimerEvent: {}
[229.015484] (-) TimerEvent: {}
[229.117145] (-) TimerEvent: {}
[229.181106] (ei_whistle_cpp) StdoutLine: {'line': b'[ 63%] \x1b[32mBuilding CXX object CMakeFiles/whistle_node.dir/edge-impulse-sdk/tensorflow/lite/micro/kernels/resize_nearest_neighbor.cc.o\x1b[0m\n'}
[229.217400] (-) TimerEvent: {}
[229.319005] (-) TimerEvent: {}
[229.420523] (-) TimerEvent: {}
[229.521899] (-) TimerEvent: {}
[229.623283] (-) TimerEvent: {}
[229.724933] (-) TimerEvent: {}
[229.828277] (-) TimerEvent: {}
[229.929842] (-) TimerEvent: {}
[230.031194] (-) TimerEvent: {}
[230.132624] (-) TimerEvent: {}
[230.234098] (-) TimerEvent: {}
[230.336413] (-) TimerEvent: {}
[230.439058] (-) TimerEvent: {}
[230.541510] (-) TimerEvent: {}
[230.643787] (-) TimerEvent: {}
[230.746454] (-) TimerEvent: {}
[230.848950] (-) TimerEvent: {}
[230.950696] (-) TimerEvent: {}
[231.052191] (-) TimerEvent: {}
[231.153785] (-) TimerEvent: {}
[231.255321] (-) TimerEvent: {}
[231.356841] (-) TimerEvent: {}
[231.458433] (-) TimerEvent: {}
[231.560078] (-) TimerEvent: {}
[231.662759] (-) TimerEvent: {}
[231.770206] (-) TimerEvent: {}
[231.871750] (-) TimerEvent: {}
[231.980120] (-) TimerEvent: {}
[232.081813] (-) TimerEvent: {}
[232.183622] (-) TimerEvent: {}
[232.265295] (ei_whistle_cpp) StdoutLine: {'line': b'[ 63%] \x1b[32mBuilding CXX object CMakeFiles/whistle_node.dir/edge-impulse-sdk/tensorflow/lite/micro/kernels/rfft2d.cc.o\x1b[0m\n'}
[232.283873] (-) TimerEvent: {}
[232.385391] (-) TimerEvent: {}
[232.487109] (-) TimerEvent: {}
[232.588824] (-) TimerEvent: {}
[232.690381] (-) TimerEvent: {}
[232.791895] (-) TimerEvent: {}
[232.893895] (-) TimerEvent: {}
[232.995936] (-) TimerEvent: {}
[233.097470] (-) TimerEvent: {}
[233.199342] (-) TimerEvent: {}
[233.300832] (-) TimerEvent: {}
[233.402399] (-) TimerEvent: {}
[233.503990] (-) TimerEvent: {}
[233.605757] (-) TimerEvent: {}
[233.707497] (-) TimerEvent: {}
[233.809508] (-) TimerEvent: {}
[233.911295] (-) TimerEvent: {}
[234.013089] (-) TimerEvent: {}
[234.114736] (-) TimerEvent: {}
[234.216458] (-) TimerEvent: {}
[234.318125] (-) TimerEvent: {}
[234.419981] (-) TimerEvent: {}
[234.522358] (-) TimerEvent: {}
[234.624516] (-) TimerEvent: {}
[234.720635] (ei_whistle_cpp) StdoutLine: {'line': b'[ 64%] \x1b[32mBuilding CXX object CMakeFiles/whistle_node.dir/edge-impulse-sdk/tensorflow/lite/micro/kernels/round.cc.o\x1b[0m\n'}
[234.724693] (-) TimerEvent: {}
[234.826380] (-) TimerEvent: {}
[234.928120] (-) TimerEvent: {}
[235.029862] (-) TimerEvent: {}
[235.131617] (-) TimerEvent: {}
[235.233320] (-) TimerEvent: {}
[235.335138] (-) TimerEvent: {}
[235.436790] (-) TimerEvent: {}
[235.538492] (-) TimerEvent: {}
[235.640042] (-) TimerEvent: {}
[235.643998] (ei_whistle_cpp) StdoutLine: {'line': b'[ 65%] \x1b[32mBuilding CXX object CMakeFiles/whistle_node.dir/edge-impulse-sdk/tensorflow/lite/micro/kernels/scatter_nd.cc.o\x1b[0m\n'}
[235.740307] (-) TimerEvent: {}
[235.841873] (-) TimerEvent: {}
[235.943434] (-) TimerEvent: {}
[236.045016] (-) TimerEvent: {}
[236.146664] (-) TimerEvent: {}
[236.248264] (-) TimerEvent: {}
[236.349932] (-) TimerEvent: {}
[236.451508] (-) TimerEvent: {}
[236.553255] (-) TimerEvent: {}
[236.655378] (-) TimerEvent: {}
[236.756896] (-) TimerEvent: {}
[236.858347] (-) TimerEvent: {}
[236.960475] (-) TimerEvent: {}
[237.069792] (-) TimerEvent: {}
[237.171828] (-) TimerEvent: {}
[237.273790] (-) TimerEvent: {}
[237.375988] (-) TimerEvent: {}
[237.478033] (-) TimerEvent: {}
[237.580548] (-) TimerEvent: {}
[237.683411] (-) TimerEvent: {}
[237.785684] (-) TimerEvent: {}
[237.887674] (-) TimerEvent: {}
[237.989540] (-) TimerEvent: {}
[238.091334] (-) TimerEvent: {}
[238.194076] (-) TimerEvent: {}
[238.296126] (-) TimerEvent: {}
[238.398517] (-) TimerEvent: {}
[238.500466] (-) TimerEvent: {}
[238.602185] (-) TimerEvent: {}
[238.703954] (-) TimerEvent: {}
[238.806092] (-) TimerEvent: {}
[238.907785] (-) TimerEvent: {}
[239.010154] (-) TimerEvent: {}
[239.112315] (-) TimerEvent: {}
[239.213914] (-) TimerEvent: {}
[239.279820] (ei_whistle_cpp) StdoutLine: {'line': b'[ 65%] \x1b[32mBuilding CXX object CMakeFiles/whistle_node.dir/edge-impulse-sdk/tensorflow/lite/micro/kernels/scratch_buf_mgr.cc.o\x1b[0m\n'}
[239.314200] (-) TimerEvent: {}
[239.415951] (-) TimerEvent: {}
[239.445156] (ei_whistle_cpp) StdoutLine: {'line': b'[ 66%] \x1b[32mBuilding CXX object CMakeFiles/whistle_node.dir/edge-impulse-sdk/tensorflow/lite/micro/kernels/scratch_buffers.cc.o\x1b[0m\n'}
[239.516251] (-) TimerEvent: {}
[239.608488] (ei_whistle_cpp) StdoutLine: {'line': b'[ 66%] \x1b[32mBuilding CXX object CMakeFiles/whistle_node.dir/edge-impulse-sdk/tensorflow/lite/micro/kernels/select.cc.o\x1b[0m\n'}
[239.616498] (-) TimerEvent: {}
[239.718143] (-) TimerEvent: {}
[239.819715] (-) TimerEvent: {}
[239.921485] (-) TimerEvent: {}
[240.023020] (-) TimerEvent: {}
[240.124791] (-) TimerEvent: {}
[240.226622] (-) TimerEvent: {}
[240.328375] (-) TimerEvent: {}
[240.430275] (-) TimerEvent: {}
[240.533000] (-) TimerEvent: {}
[240.537080] (ei_whistle_cpp) StdoutLine: {'line': b'[ 67%] \x1b[32mBuilding CXX object CMakeFiles/whistle_node.dir/edge-impulse-sdk/tensorflow/lite/micro/kernels/shape.cc.o\x1b[0m\n'}
[240.633280] (-) TimerEvent: {}
[240.735443] (-) TimerEvent: {}
[240.836793] (-) TimerEvent: {}
[240.938512] (-) TimerEvent: {}
[241.040405] (-) TimerEvent: {}
[241.142166] (-) TimerEvent: {}
[241.243890] (-) TimerEvent: {}
[241.345620] (-) TimerEvent: {}
[241.447482] (-) TimerEvent: {}
[241.549510] (-) TimerEvent: {}
[241.652885] (-) TimerEvent: {}
[241.758507] (-) TimerEvent: {}
[241.860217] (-) TimerEvent: {}
[241.962312] (-) TimerEvent: {}
[242.064250] (-) TimerEvent: {}
[242.166126] (-) TimerEvent: {}
[242.267873] (-) TimerEvent: {}
[242.369759] (-) TimerEvent: {}
[242.471587] (-) TimerEvent: {}
[242.573999] (-) TimerEvent: {}
[242.676370] (-) TimerEvent: {}
[242.778158] (-) TimerEvent: {}
[242.880036] (-) TimerEvent: {}
[242.981833] (-) TimerEvent: {}
[243.083974] (-) TimerEvent: {}
[243.185881] (-) TimerEvent: {}
[243.288356] (-) TimerEvent: {}
[243.390276] (-) TimerEvent: {}
[243.493150] (-) TimerEvent: {}
[243.595277] (-) TimerEvent: {}
[243.697205] (-) TimerEvent: {}
[243.799214] (-) TimerEvent: {}
[243.901310] (-) TimerEvent: {}
[244.003945] (-) TimerEvent: {}
[244.105738] (-) TimerEvent: {}
[244.208298] (-) TimerEvent: {}
[244.310590] (-) TimerEvent: {}
[244.397173] (ei_whistle_cpp) StdoutLine: {'line': b'[ 68%] \x1b[32mBuilding CXX object CMakeFiles/whistle_node.dir/edge-impulse-sdk/tensorflow/lite/micro/kernels/slice.cc.o\x1b[0m\n'}
[244.410950] (-) TimerEvent: {}
[244.475469] (ei_whistle_cpp) StdoutLine: {'line': b'[ 68%] \x1b[32mBuilding CXX object CMakeFiles/whistle_node.dir/edge-impulse-sdk/tensorflow/lite/micro/kernels/softmax.cc.o\x1b[0m\n'}
[244.511208] (-) TimerEvent: {}
[244.612387] (-) TimerEvent: {}
[244.713420] (-) TimerEvent: {}
[244.814564] (-) TimerEvent: {}
[244.916076] (-) TimerEvent: {}
[245.017297] (-) TimerEvent: {}
[245.118521] (-) TimerEvent: {}
[245.219818] (-) TimerEvent: {}
[245.320761] (-) TimerEvent: {}
[245.422155] (-) TimerEvent: {}
[245.523399] (-) TimerEvent: {}
[245.625714] (-) TimerEvent: {}
[245.728228] (-) TimerEvent: {}
[245.830393] (-) TimerEvent: {}
[245.932842] (-) TimerEvent: {}
[246.034973] (-) TimerEvent: {}
[246.137798] (-) TimerEvent: {}
[246.241017] (-) TimerEvent: {}
[246.342334] (-) TimerEvent: {}
[246.443498] (-) TimerEvent: {}
[246.544906] (-) TimerEvent: {}
[246.648037] (-) TimerEvent: {}
[246.750792] (-) TimerEvent: {}
[246.852179] (-) TimerEvent: {}
[246.953496] (-) TimerEvent: {}
[247.054844] (-) TimerEvent: {}
[247.156259] (-) TimerEvent: {}
[247.257480] (-) TimerEvent: {}
[247.358614] (-) TimerEvent: {}
[247.459860] (-) TimerEvent: {}
[247.561370] (-) TimerEvent: {}
[247.662504] (-) TimerEvent: {}
[247.764166] (-) TimerEvent: {}
[247.865453] (-) TimerEvent: {}
[247.966875] (-) TimerEvent: {}
[248.068586] (-) TimerEvent: {}
[248.169795] (-) TimerEvent: {}
[248.261426] (ei_whistle_cpp) StdoutLine: {'line': b'[ 69%] \x1b[32mBuilding CXX object CMakeFiles/whistle_node.dir/edge-impulse-sdk/tensorflow/lite/micro/kernels/softmax_common.cc.o\x1b[0m\n'}
[248.270007] (-) TimerEvent: {}
[248.371078] (-) TimerEvent: {}
[248.472192] (-) TimerEvent: {}
[248.573357] (-) TimerEvent: {}
[248.674572] (-) TimerEvent: {}
[248.775668] (-) TimerEvent: {}
[248.876889] (-) TimerEvent: {}
[248.978016] (-) TimerEvent: {}
[249.079252] (-) TimerEvent: {}
[249.180433] (-) TimerEvent: {}
[249.281539] (-) TimerEvent: {}
[249.382559] (-) TimerEvent: {}
[249.483711] (-) TimerEvent: {}
[249.584828] (-) TimerEvent: {}
[249.685878] (-) TimerEvent: {}
[249.787021] (-) TimerEvent: {}
[249.888188] (-) TimerEvent: {}
[249.985067] (ei_whistle_cpp) StdoutLine: {'line': b'[ 69%] \x1b[32mBuilding CXX object CMakeFiles/whistle_node.dir/edge-impulse-sdk/tensorflow/lite/micro/kernels/space_to_batch_nd.cc.o\x1b[0m\n'}
[249.988474] (-) TimerEvent: {}
[250.089654] (-) TimerEvent: {}
[250.192261] (-) TimerEvent: {}
[250.293493] (-) TimerEvent: {}
[250.394596] (-) TimerEvent: {}
[250.502519] (-) TimerEvent: {}
[250.609069] (-) TimerEvent: {}
[250.710778] (-) TimerEvent: {}
[250.812543] (-) TimerEvent: {}
[250.914331] (-) TimerEvent: {}
[251.016186] (-) TimerEvent: {}
[251.117974] (-) TimerEvent: {}
[251.219696] (-) TimerEvent: {}
[251.322040] (-) TimerEvent: {}
[251.423876] (-) TimerEvent: {}
[251.525482] (-) TimerEvent: {}
[251.627134] (-) TimerEvent: {}
[251.728640] (-) TimerEvent: {}
[251.831446] (-) TimerEvent: {}
[251.933186] (-) TimerEvent: {}
[252.034963] (-) TimerEvent: {}
[252.136703] (-) TimerEvent: {}
[252.238454] (-) TimerEvent: {}
[252.340235] (-) TimerEvent: {}
[252.442027] (-) TimerEvent: {}
[252.543746] (-) TimerEvent: {}
[252.645360] (-) TimerEvent: {}
[252.746967] (-) TimerEvent: {}
[252.849362] (-) TimerEvent: {}
[252.952061] (-) TimerEvent: {}
[253.053496] (-) TimerEvent: {}
[253.154914] (-) TimerEvent: {}
[253.256325] (-) TimerEvent: {}
[253.357864] (-) TimerEvent: {}
[253.459257] (-) TimerEvent: {}
[253.560727] (-) TimerEvent: {}
[253.663156] (-) TimerEvent: {}
[253.765959] (-) TimerEvent: {}
[253.868611] (-) TimerEvent: {}
[253.971300] (-) TimerEvent: {}
[254.073612] (-) TimerEvent: {}
[254.175968] (-) TimerEvent: {}
[254.277380] (-) TimerEvent: {}
[254.378606] (-) TimerEvent: {}
[254.480802] (-) TimerEvent: {}
[254.583510] (-) TimerEvent: {}
[254.688275] (-) TimerEvent: {}
[254.790700] (-) TimerEvent: {}
[254.893132] (-) TimerEvent: {}
[254.995596] (-) TimerEvent: {}
[255.096751] (-) TimerEvent: {}
[255.205803] (-) TimerEvent: {}
[255.310179] (-) TimerEvent: {}
[255.412979] (-) TimerEvent: {}
[255.514424] (-) TimerEvent: {}
[255.615632] (-) TimerEvent: {}
[255.716775] (-) TimerEvent: {}
[255.818047] (-) TimerEvent: {}
[255.919222] (-) TimerEvent: {}
[256.020350] (-) TimerEvent: {}
[256.121638] (-) TimerEvent: {}
[256.223346] (-) TimerEvent: {}
[256.324534] (-) TimerEvent: {}
[256.426015] (-) TimerEvent: {}
[256.527105] (-) TimerEvent: {}
[256.628277] (-) TimerEvent: {}
[256.729262] (-) TimerEvent: {}
[256.830323] (-) TimerEvent: {}
[256.931246] (-) TimerEvent: {}
[257.032180] (-) TimerEvent: {}
[257.133225] (-) TimerEvent: {}
[257.234166] (-) TimerEvent: {}
[257.335038] (-) TimerEvent: {}
[257.435912] (-) TimerEvent: {}
[257.536800] (-) TimerEvent: {}
[257.637710] (-) TimerEvent: {}
[257.738653] (-) TimerEvent: {}
[257.839502] (-) TimerEvent: {}
[257.940356] (-) TimerEvent: {}
[258.041257] (-) TimerEvent: {}
[258.115199] (ei_whistle_cpp) StdoutLine: {'line': b'[ 69%] \x1b[32mBuilding CXX object CMakeFiles/whistle_node.dir/edge-impulse-sdk/tensorflow/lite/micro/kernels/split_v.cc.o\x1b[0m\n'}
[258.141517] (-) TimerEvent: {}
[258.243063] (-) TimerEvent: {}
[258.344436] (-) TimerEvent: {}
[258.445788] (-) TimerEvent: {}
[258.547187] (-) TimerEvent: {}
[258.648777] (-) TimerEvent: {}
[258.750139] (-) TimerEvent: {}
[258.851610] (-) TimerEvent: {}
[258.910486] (ei_whistle_cpp) StdoutLine: {'line': b'[ 70%] \x1b[32mBuilding CXX object CMakeFiles/whistle_node.dir/edge-impulse-sdk/tensorflow/lite/micro/kernels/split.cc.o\x1b[0m\n'}
[258.951849] (-) TimerEvent: {}
[259.053613] (-) TimerEvent: {}
[259.155222] (-) TimerEvent: {}
[259.256903] (-) TimerEvent: {}
[259.358668] (-) TimerEvent: {}
[259.460483] (-) TimerEvent: {}
[259.561710] (-) TimerEvent: {}
[259.663247] (-) TimerEvent: {}
[259.764039] (-) TimerEvent: {}
[259.864870] (-) TimerEvent: {}
[259.963818] (ei_whistle_cpp) StdoutLine: {'line': b'[ 71%] \x1b[32mBuilding CXX object CMakeFiles/whistle_node.dir/edge-impulse-sdk/tensorflow/lite/micro/kernels/squared_difference.cc.o\x1b[0m\n'}
[259.968267] (-) TimerEvent: {}
[260.069814] (-) TimerEvent: {}
[260.172316] (-) TimerEvent: {}
[260.286338] (-) TimerEvent: {}
[260.387493] (-) TimerEvent: {}
[260.490240] (-) TimerEvent: {}
[260.591701] (-) TimerEvent: {}
[260.693465] (-) TimerEvent: {}
[260.794942] (-) TimerEvent: {}
[260.896335] (-) TimerEvent: {}
[260.997706] (-) TimerEvent: {}
[261.023877] (ei_whistle_cpp) StdoutLine: {'line': b'[ 72%] \x1b[32mBuilding CXX object CMakeFiles/whistle_node.dir/edge-impulse-sdk/tensorflow/lite/micro/kernels/space_to_depth.cc.o\x1b[0m\n'}
[261.098152] (-) TimerEvent: {}
[261.201095] (-) TimerEvent: {}
[261.303768] (-) TimerEvent: {}
[261.406121] (-) TimerEvent: {}
[261.508121] (-) TimerEvent: {}
[261.610036] (-) TimerEvent: {}
[261.711545] (-) TimerEvent: {}
[261.813263] (-) TimerEvent: {}
[261.915238] (-) TimerEvent: {}
[262.018118] (-) TimerEvent: {}
[262.120526] (-) TimerEvent: {}
[262.222328] (-) TimerEvent: {}
[262.324133] (-) TimerEvent: {}
[262.425776] (-) TimerEvent: {}
[262.527458] (-) TimerEvent: {}
[262.629499] (-) TimerEvent: {}
[262.637663] (ei_whistle_cpp) StdoutLine: {'line': b'[ 72%] \x1b[32mBuilding CXX object CMakeFiles/whistle_node.dir/edge-impulse-sdk/tensorflow/lite/micro/kernels/squeeze.cc.o\x1b[0m\n'}
[262.729840] (-) TimerEvent: {}
[262.831785] (-) TimerEvent: {}
[262.933563] (-) TimerEvent: {}
[263.035653] (-) TimerEvent: {}
[263.137473] (-) TimerEvent: {}
[263.239708] (-) TimerEvent: {}
[263.341431] (-) TimerEvent: {}
[263.443176] (-) TimerEvent: {}
[263.545041] (-) TimerEvent: {}
[263.570873] (ei_whistle_cpp) StdoutLine: {'line': b'[ 73%] \x1b[32mBuilding CXX object CMakeFiles/whistle_node.dir/edge-impulse-sdk/tensorflow/lite/micro/kernels/strided_slice.cc.o\x1b[0m\n'}
[263.645298] (-) TimerEvent: {}
[263.746744] (-) TimerEvent: {}
[263.848492] (-) TimerEvent: {}
[263.949908] (-) TimerEvent: {}
[264.051399] (-) TimerEvent: {}
[264.152864] (-) TimerEvent: {}
[264.254476] (-) TimerEvent: {}
[264.356034] (-) TimerEvent: {}
[264.457794] (-) TimerEvent: {}
[264.559293] (-) TimerEvent: {}
[264.660779] (-) TimerEvent: {}
[264.762497] (-) TimerEvent: {}
[264.864275] (-) TimerEvent: {}
[264.965781] (-) TimerEvent: {}
[265.067489] (-) TimerEvent: {}
[265.169197] (-) TimerEvent: {}
[265.270704] (-) TimerEvent: {}
[265.371707] (-) TimerEvent: {}
[265.473225] (-) TimerEvent: {}
[265.574881] (-) TimerEvent: {}
[265.676746] (-) TimerEvent: {}
[265.778384] (-) TimerEvent: {}
[265.879883] (-) TimerEvent: {}
[265.981395] (-) TimerEvent: {}
[266.082894] (-) TimerEvent: {}
[266.184462] (-) TimerEvent: {}
[266.286064] (-) TimerEvent: {}
[266.387531] (-) TimerEvent: {}
[266.489093] (-) TimerEvent: {}
[266.581838] (ei_whistle_cpp) StdoutLine: {'line': b'[ 74%] \x1b[32mBuilding CXX object CMakeFiles/whistle_node.dir/edge-impulse-sdk/tensorflow/lite/micro/kernels/sub.cc.o\x1b[0m\n'}
[266.589412] (-) TimerEvent: {}
[266.691013] (-) TimerEvent: {}
[266.792580] (-) TimerEvent: {}
[266.894096] (-) TimerEvent: {}
[266.995575] (-) TimerEvent: {}
[267.097130] (-) TimerEvent: {}
[267.198626] (-) TimerEvent: {}
[267.300225] (-) TimerEvent: {}
[267.401748] (-) TimerEvent: {}
[267.503337] (-) TimerEvent: {}
[267.604901] (-) TimerEvent: {}
[267.706396] (-) TimerEvent: {}
[267.808018] (-) TimerEvent: {}
[267.810018] (ei_whistle_cpp) StdoutLine: {'line': b'[ 74%] \x1b[32mBuilding CXX object CMakeFiles/whistle_node.dir/edge-impulse-sdk/tensorflow/lite/micro/kernels/sub_common.cc.o\x1b[0m\n'}
[267.908256] (-) TimerEvent: {}
[268.010387] (-) TimerEvent: {}
[268.112332] (-) TimerEvent: {}
[268.214416] (-) TimerEvent: {}
[268.316750] (-) TimerEvent: {}
[268.418920] (-) TimerEvent: {}
[268.521176] (-) TimerEvent: {}
[268.623775] (-) TimerEvent: {}
[268.725389] (-) TimerEvent: {}
[268.827080] (-) TimerEvent: {}
[268.928664] (-) TimerEvent: {}
[269.030038] (-) TimerEvent: {}
[269.131423] (-) TimerEvent: {}
[269.232977] (-) TimerEvent: {}
[269.334664] (-) TimerEvent: {}
[269.436231] (-) TimerEvent: {}
[269.537871] (-) TimerEvent: {}
[269.639586] (-) TimerEvent: {}
[269.741241] (-) TimerEvent: {}
[269.842910] (-) TimerEvent: {}
[269.944451] (-) TimerEvent: {}
[270.046083] (-) TimerEvent: {}
[270.147616] (-) TimerEvent: {}
[270.249187] (-) TimerEvent: {}
[270.350262] (-) TimerEvent: {}
[270.458208] (-) TimerEvent: {}
[270.560612] (-) TimerEvent: {}
[270.663161] (-) TimerEvent: {}
[270.764894] (-) TimerEvent: {}
[270.866481] (-) TimerEvent: {}
[270.968112] (-) TimerEvent: {}
[271.069933] (-) TimerEvent: {}
[271.171546] (-) TimerEvent: {}
[271.273101] (-) TimerEvent: {}
[271.374772] (-) TimerEvent: {}
[271.476389] (-) TimerEvent: {}
[271.578067] (-) TimerEvent: {}
[271.680526] (-) TimerEvent: {}
[271.782980] (-) TimerEvent: {}
[271.885701] (-) TimerEvent: {}
[271.987263] (-) TimerEvent: {}
[272.089087] (-) TimerEvent: {}
[272.190633] (-) TimerEvent: {}
[272.246066] (ei_whistle_cpp) StdoutLine: {'line': b'[ 75%] \x1b[32mBuilding CXX object CMakeFiles/whistle_node.dir/edge-impulse-sdk/tensorflow/lite/micro/kernels/svdf.cc.o\x1b[0m\n'}
[272.290923] (-) TimerEvent: {}
[272.392625] (-) TimerEvent: {}
[272.494064] (-) TimerEvent: {}
[272.595778] (-) TimerEvent: {}
[272.697187] (-) TimerEvent: {}
[272.798823] (-) TimerEvent: {}
[272.900233] (-) TimerEvent: {}
[273.001836] (-) TimerEvent: {}
[273.103361] (-) TimerEvent: {}
[273.205060] (-) TimerEvent: {}
[273.306948] (-) TimerEvent: {}
[273.408687] (-) TimerEvent: {}
[273.510191] (-) TimerEvent: {}
[273.611679] (-) TimerEvent: {}
[273.714326] (-) TimerEvent: {}
[273.816797] (-) TimerEvent: {}
[273.918538] (-) TimerEvent: {}
[274.020157] (-) TimerEvent: {}
[274.121779] (-) TimerEvent: {}
[274.223439] (-) TimerEvent: {}
[274.325031] (-) TimerEvent: {}
[274.426722] (-) TimerEvent: {}
[274.528421] (-) TimerEvent: {}
[274.630066] (-) TimerEvent: {}
[274.732156] (-) TimerEvent: {}
[274.833753] (-) TimerEvent: {}
[274.935469] (-) TimerEvent: {}
[275.037116] (-) TimerEvent: {}
[275.138753] (-) TimerEvent: {}
[275.240346] (-) TimerEvent: {}
[275.349880] (-) TimerEvent: {}
[275.452367] (-) TimerEvent: {}
[275.555367] (-) TimerEvent: {}
[275.660183] (-) TimerEvent: {}
[275.761789] (-) TimerEvent: {}
[275.863203] (-) TimerEvent: {}
[275.964321] (-) TimerEvent: {}
[276.065428] (-) TimerEvent: {}
[276.167465] (-) TimerEvent: {}
[276.269306] (-) TimerEvent: {}
[276.371074] (-) TimerEvent: {}
[276.473089] (-) TimerEvent: {}
[276.575838] (-) TimerEvent: {}
[276.676815] (-) TimerEvent: {}
[276.777769] (-) TimerEvent: {}
[276.878890] (-) TimerEvent: {}
[276.979934] (-) TimerEvent: {}
[277.080935] (-) TimerEvent: {}
[277.182161] (-) TimerEvent: {}
[277.283304] (-) TimerEvent: {}
[277.384374] (-) TimerEvent: {}
[277.485667] (-) TimerEvent: {}
[277.586735] (-) TimerEvent: {}
[277.687805] (-) TimerEvent: {}
[277.788823] (-) TimerEvent: {}
[277.889837] (-) TimerEvent: {}
[277.895285] (ei_whistle_cpp) StdoutLine: {'line': b'[ 76%] \x1b[32mBuilding CXX object CMakeFiles/whistle_node.dir/edge-impulse-sdk/tensorflow/lite/micro/kernels/tanh.cc.o\x1b[0m\n'}
[277.990059] (-) TimerEvent: {}
[278.092430] (-) TimerEvent: {}
[278.194749] (-) TimerEvent: {}
[278.296937] (-) TimerEvent: {}
[278.399496] (-) TimerEvent: {}
[278.501713] (-) TimerEvent: {}
[278.603828] (-) TimerEvent: {}
[278.714418] (-) TimerEvent: {}
[278.817035] (-) TimerEvent: {}
[278.918174] (-) TimerEvent: {}
[279.019718] (-) TimerEvent: {}
[279.120775] (-) TimerEvent: {}
[279.223072] (-) TimerEvent: {}
[279.324694] (-) TimerEvent: {}
[279.425926] (-) TimerEvent: {}
[279.527073] (-) TimerEvent: {}
[279.628914] (-) TimerEvent: {}
[279.730798] (-) TimerEvent: {}
[279.831927] (-) TimerEvent: {}
[279.933065] (-) TimerEvent: {}
[279.964873] (ei_whistle_cpp) StdoutLine: {'line': b'[ 77%] \x1b[32mBuilding CXX object CMakeFiles/whistle_node.dir/edge-impulse-sdk/tensorflow/lite/micro/kernels/tile.cc.o\x1b[0m\n'}
[280.033325] (-) TimerEvent: {}
[280.135832] (-) TimerEvent: {}
[280.242700] (-) TimerEvent: {}
[280.349653] (-) TimerEvent: {}
[280.450733] (-) TimerEvent: {}
[280.552789] (-) TimerEvent: {}
[280.655468] (-) TimerEvent: {}
[280.758141] (-) TimerEvent: {}
[280.861155] (-) TimerEvent: {}
[280.963381] (-) TimerEvent: {}
[281.065825] (-) TimerEvent: {}
[281.163576] (ei_whistle_cpp) StdoutLine: {'line': b'[ 77%] \x1b[32mBuilding CXX object CMakeFiles/whistle_node.dir/edge-impulse-sdk/tensorflow/lite/micro/kernels/svdf_common.cc.o\x1b[0m\n'}
[281.167276] (-) TimerEvent: {}
[281.268607] (-) TimerEvent: {}
[281.370025] (-) TimerEvent: {}
[281.471473] (-) TimerEvent: {}
[281.573541] (-) TimerEvent: {}
[281.675662] (-) TimerEvent: {}
[281.777922] (-) TimerEvent: {}
[281.880118] (-) TimerEvent: {}
[281.982275] (-) TimerEvent: {}
[282.084540] (-) TimerEvent: {}
[282.187094] (-) TimerEvent: {}
[282.289274] (-) TimerEvent: {}
[282.392459] (-) TimerEvent: {}
[282.495271] (-) TimerEvent: {}
[282.596360] (-) TimerEvent: {}
[282.697628] (-) TimerEvent: {}
[282.798896] (-) TimerEvent: {}
[282.900432] (-) TimerEvent: {}
[283.002896] (-) TimerEvent: {}
[283.105168] (-) TimerEvent: {}
[283.208147] (-) TimerEvent: {}
[283.233321] (ei_whistle_cpp) StdoutLine: {'line': b'[ 77%] \x1b[32mBuilding CXX object CMakeFiles/whistle_node.dir/edge-impulse-sdk/tensorflow/lite/micro/kernels/topk_v2.cc.o\x1b[0m\n'}
[283.308452] (-) TimerEvent: {}
[283.411602] (-) TimerEvent: {}
[283.514288] (-) TimerEvent: {}
[283.617513] (-) TimerEvent: {}
[283.728345] (-) TimerEvent: {}
[283.830273] (-) TimerEvent: {}
[283.932142] (-) TimerEvent: {}
[284.034118] (-) TimerEvent: {}
[284.135982] (-) TimerEvent: {}
[284.237711] (-) TimerEvent: {}
[284.339093] (-) TimerEvent: {}
[284.440266] (-) TimerEvent: {}
[284.541415] (-) TimerEvent: {}
[284.643150] (-) TimerEvent: {}
[284.744558] (-) TimerEvent: {}
[284.845731] (-) TimerEvent: {}
[284.946911] (-) TimerEvent: {}
[285.048258] (-) TimerEvent: {}
[285.149731] (-) TimerEvent: {}
[285.155610] (ei_whistle_cpp) StdoutLine: {'line': b'[ 78%] \x1b[32mBuilding CXX object CMakeFiles/whistle_node.dir/edge-impulse-sdk/tensorflow/lite/micro/kernels/transpose.cc.o\x1b[0m\n'}
[285.249947] (-) TimerEvent: {}
[285.350957] (-) TimerEvent: {}
[285.452606] (-) TimerEvent: {}
[285.553748] (-) TimerEvent: {}
[285.654990] (-) TimerEvent: {}
[285.725917] (ei_whistle_cpp) StdoutLine: {'line': b'[ 78%] \x1b[32mBuilding CXX object CMakeFiles/whistle_node.dir/edge-impulse-sdk/tensorflow/lite/micro/kernels/transpose_conv.cc.o\x1b[0m\n'}
[285.755273] (-) TimerEvent: {}
[285.857873] (-) TimerEvent: {}
[285.959881] (-) TimerEvent: {}
[286.062115] (-) TimerEvent: {}
[286.163464] (-) TimerEvent: {}
[286.264781] (-) TimerEvent: {}
[286.366327] (-) TimerEvent: {}
[286.467877] (-) TimerEvent: {}
[286.569423] (-) TimerEvent: {}
[286.670957] (-) TimerEvent: {}
[286.772668] (-) TimerEvent: {}
[286.874414] (-) TimerEvent: {}
[286.976023] (-) TimerEvent: {}
[287.077688] (-) TimerEvent: {}
[287.179272] (-) TimerEvent: {}
[287.280900] (-) TimerEvent: {}
[287.382574] (-) TimerEvent: {}
[287.484211] (-) TimerEvent: {}
[287.585867] (-) TimerEvent: {}
[287.687535] (-) TimerEvent: {}
[287.789390] (-) TimerEvent: {}
[287.890975] (-) TimerEvent: {}
[287.992631] (-) TimerEvent: {}
[288.094461] (-) TimerEvent: {}
[288.196021] (-) TimerEvent: {}
[288.297698] (-) TimerEvent: {}
[288.399413] (-) TimerEvent: {}
[288.501239] (-) TimerEvent: {}
[288.603224] (-) TimerEvent: {}
[288.705005] (-) TimerEvent: {}
[288.806783] (-) TimerEvent: {}
[288.887088] (ei_whistle_cpp) StdoutLine: {'line': b'[ 79%] \x1b[32mBuilding CXX object CMakeFiles/whistle_node.dir/edge-impulse-sdk/tensorflow/lite/micro/kernels/tree_ensemble_classifier.cc.o\x1b[0m\n'}
[288.907121] (-) TimerEvent: {}
[289.009093] (-) TimerEvent: {}
[289.111342] (-) TimerEvent: {}
[289.213133] (-) TimerEvent: {}
[289.314755] (-) TimerEvent: {}
[289.416450] (-) TimerEvent: {}
[289.518677] (-) TimerEvent: {}
[289.620327] (-) TimerEvent: {}
[289.722071] (-) TimerEvent: {}
[289.823647] (-) TimerEvent: {}
[289.925235] (-) TimerEvent: {}
[290.026892] (-) TimerEvent: {}
[290.128502] (-) TimerEvent: {}
[290.230052] (-) TimerEvent: {}
[290.331619] (-) TimerEvent: {}
[290.434322] (-) TimerEvent: {}
[290.537977] (-) TimerEvent: {}
[290.640835] (-) TimerEvent: {}
[290.743432] (-) TimerEvent: {}
[290.846344] (-) TimerEvent: {}
[290.948843] (-) TimerEvent: {}
[290.953782] (ei_whistle_cpp) StdoutLine: {'line': b'[ 80%] \x1b[32mBuilding CXX object CMakeFiles/whistle_node.dir/edge-impulse-sdk/tensorflow/lite/micro/kernels/unidirectional_sequence_lstm.cc.o\x1b[0m\n'}
[291.049100] (-) TimerEvent: {}
[291.150111] (-) TimerEvent: {}
[291.251093] (-) TimerEvent: {}
[291.352156] (-) TimerEvent: {}
[291.453137] (-) TimerEvent: {}
[291.554165] (-) TimerEvent: {}
[291.656847] (-) TimerEvent: {}
[291.758431] (-) TimerEvent: {}
[291.860135] (-) TimerEvent: {}
[291.961609] (-) TimerEvent: {}
[292.063267] (-) TimerEvent: {}
[292.165410] (-) TimerEvent: {}
[292.267070] (-) TimerEvent: {}
[292.368749] (-) TimerEvent: {}
[292.470612] (-) TimerEvent: {}
[292.573339] (-) TimerEvent: {}
[292.675676] (-) TimerEvent: {}
[292.777252] (-) TimerEvent: {}
[292.878713] (-) TimerEvent: {}
[292.980179] (-) TimerEvent: {}
[293.081944] (-) TimerEvent: {}
[293.152314] (ei_whistle_cpp) StdoutLine: {'line': b'[ 80%] \x1b[32mBuilding CXX object CMakeFiles/whistle_node.dir/edge-impulse-sdk/tensorflow/lite/micro/kernels/unpack.cc.o\x1b[0m\n'}
[293.182200] (-) TimerEvent: {}
[293.284004] (-) TimerEvent: {}
[293.385704] (-) TimerEvent: {}
[293.487245] (-) TimerEvent: {}
[293.588939] (-) TimerEvent: {}
[293.691537] (-) TimerEvent: {}
[293.793156] (-) TimerEvent: {}
[293.894609] (-) TimerEvent: {}
[293.952864] (ei_whistle_cpp) StdoutLine: {'line': b'[ 81%] \x1b[32mBuilding CXX object CMakeFiles/whistle_node.dir/edge-impulse-sdk/tensorflow/lite/micro/kernels/var_handle.cc.o\x1b[0m\n'}
[293.994905] (-) TimerEvent: {}
[294.096485] (-) TimerEvent: {}
[294.198963] (-) TimerEvent: {}
[294.300448] (-) TimerEvent: {}
[294.402067] (-) TimerEvent: {}
[294.503561] (-) TimerEvent: {}
[294.605071] (-) TimerEvent: {}
[294.706725] (-) TimerEvent: {}
[294.808472] (-) TimerEvent: {}
[294.910407] (-) TimerEvent: {}
[295.012173] (-) TimerEvent: {}
[295.113840] (-) TimerEvent: {}
[295.191077] (ei_whistle_cpp) StdoutLine: {'line': b'[ 81%] \x1b[32mBuilding CXX object CMakeFiles/whistle_node.dir/edge-impulse-sdk/tensorflow/lite/micro/kernels/while.cc.o\x1b[0m\n'}
[295.214105] (-) TimerEvent: {}
[295.321925] (-) TimerEvent: {}
[295.424136] (-) TimerEvent: {}
[295.526761] (-) TimerEvent: {}
[295.629270] (-) TimerEvent: {}
[295.731581] (-) TimerEvent: {}
[295.834114] (-) TimerEvent: {}
[295.936259] (-) TimerEvent: {}
[296.038582] (-) TimerEvent: {}
[296.140921] (-) TimerEvent: {}
[296.243161] (-) TimerEvent: {}
[296.345706] (-) TimerEvent: {}
[296.448732] (-) TimerEvent: {}
[296.551006] (-) TimerEvent: {}
[296.653247] (-) TimerEvent: {}
[296.754994] (-) TimerEvent: {}
[296.856743] (-) TimerEvent: {}
[296.958528] (-) TimerEvent: {}
[297.060126] (-) TimerEvent: {}
[297.161802] (-) TimerEvent: {}
[297.263798] (-) TimerEvent: {}
[297.365839] (-) TimerEvent: {}
[297.467555] (-) TimerEvent: {}
[297.569449] (-) TimerEvent: {}
[297.670976] (-) TimerEvent: {}
[297.772489] (-) TimerEvent: {}
[297.793668] (ei_whistle_cpp) StdoutLine: {'line': b'[ 82%] \x1b[32mBuilding CXX object CMakeFiles/whistle_node.dir/edge-impulse-sdk/tensorflow/lite/micro/kernels/zeros_like.cc.o\x1b[0m\n'}
[297.872735] (-) TimerEvent: {}
[297.974365] (-) TimerEvent: {}
[298.075867] (-) TimerEvent: {}
[298.177406] (-) TimerEvent: {}
[298.278935] (-) TimerEvent: {}
[298.326884] (ei_whistle_cpp) StdoutLine: {'line': b'[ 83%] \x1b[32mBuilding CXX object CMakeFiles/whistle_node.dir/edge-impulse-sdk/tensorflow/lite/micro/memory_helpers.cc.o\x1b[0m\n'}
[298.379159] (-) TimerEvent: {}
[298.480080] (-) TimerEvent: {}
[298.580980] (-) TimerEvent: {}
[298.681857] (-) TimerEvent: {}
[298.783046] (-) TimerEvent: {}
[298.884617] (-) TimerEvent: {}
[298.986360] (-) TimerEvent: {}
[299.088256] (-) TimerEvent: {}
[299.190495] (-) TimerEvent: {}
[299.292254] (-) TimerEvent: {}
[299.394040] (-) TimerEvent: {}
[299.496003] (-) TimerEvent: {}
[299.597082] (-) TimerEvent: {}
[299.698218] (-) TimerEvent: {}
[299.799299] (-) TimerEvent: {}
[299.900462] (-) TimerEvent: {}
[300.001674] (-) TimerEvent: {}
[300.102798] (-) TimerEvent: {}
[300.204111] (-) TimerEvent: {}
[300.311075] (-) TimerEvent: {}
[300.412045] (-) TimerEvent: {}
[300.514449] (-) TimerEvent: {}
[300.616025] (-) TimerEvent: {}
[300.717795] (-) TimerEvent: {}
[300.819664] (-) TimerEvent: {}
[300.921403] (-) TimerEvent: {}
[301.023078] (-) TimerEvent: {}
[301.124776] (-) TimerEvent: {}
[301.226649] (-) TimerEvent: {}
[301.328339] (-) TimerEvent: {}
[301.430015] (-) TimerEvent: {}
[301.532013] (-) TimerEvent: {}
[301.633748] (-) TimerEvent: {}
[301.735613] (-) TimerEvent: {}
[301.837359] (-) TimerEvent: {}
[301.939342] (-) TimerEvent: {}
[302.041009] (-) TimerEvent: {}
[302.142768] (-) TimerEvent: {}
[302.244638] (-) TimerEvent: {}
[302.346460] (-) TimerEvent: {}
[302.448197] (-) TimerEvent: {}
[302.549811] (-) TimerEvent: {}
[302.651352] (-) TimerEvent: {}
[302.753026] (-) TimerEvent: {}
[302.854682] (-) TimerEvent: {}
[302.956301] (-) TimerEvent: {}
[303.057823] (-) TimerEvent: {}
[303.159472] (-) TimerEvent: {}
[303.260989] (-) TimerEvent: {}
[303.362512] (-) TimerEvent: {}
[303.464169] (-) TimerEvent: {}
[303.565827] (-) TimerEvent: {}
[303.667502] (-) TimerEvent: {}
[303.683262] (ei_whistle_cpp) StdoutLine: {'line': b'[ 83%] \x1b[32mBuilding CXX object CMakeFiles/whistle_node.dir/edge-impulse-sdk/tensorflow/lite/micro/memory_planner/greedy_memory_planner.cc.o\x1b[0m\n'}
[303.767768] (-) TimerEvent: {}
[303.869132] (-) TimerEvent: {}
[303.970857] (-) TimerEvent: {}
[304.072607] (-) TimerEvent: {}
[304.174280] (-) TimerEvent: {}
[304.193388] (ei_whistle_cpp) StdoutLine: {'line': b'[ 84%] \x1b[32mBuilding CXX object CMakeFiles/whistle_node.dir/edge-impulse-sdk/tensorflow/lite/micro/memory_planner/linear_memory_planner.cc.o\x1b[0m\n'}
[304.274519] (-) TimerEvent: {}
[304.376128] (-) TimerEvent: {}
[304.477854] (-) TimerEvent: {}
[304.574010] (ei_whistle_cpp) StdoutLine: {'line': b'[ 84%] \x1b[32mBuilding CXX object CMakeFiles/whistle_node.dir/edge-impulse-sdk/tensorflow/lite/micro/memory_planner/non_persistent_buffer_planner_shim.cc.o\x1b[0m\n'}
[304.577843] (-) TimerEvent: {}
[304.679390] (-) TimerEvent: {}
[304.780950] (-) TimerEvent: {}
[304.882594] (-) TimerEvent: {}
[304.984203] (-) TimerEvent: {}
[305.085766] (-) TimerEvent: {}
[305.187279] (-) TimerEvent: {}
[305.288669] (-) TimerEvent: {}
[305.390271] (-) TimerEvent: {}
[305.491820] (-) TimerEvent: {}
[305.593698] (-) TimerEvent: {}
[305.695373] (-) TimerEvent: {}
[305.797244] (-) TimerEvent: {}
[305.899174] (-) TimerEvent: {}
[306.000849] (-) TimerEvent: {}
[306.102512] (-) TimerEvent: {}
[306.204170] (-) TimerEvent: {}
[306.305934] (-) TimerEvent: {}
[306.407716] (-) TimerEvent: {}
[306.509271] (-) TimerEvent: {}
[306.611471] (-) TimerEvent: {}
[306.714415] (-) TimerEvent: {}
[306.816169] (-) TimerEvent: {}
[306.917878] (-) TimerEvent: {}
[307.019748] (-) TimerEvent: {}
[307.121537] (-) TimerEvent: {}
[307.223229] (-) TimerEvent: {}
[307.324870] (-) TimerEvent: {}
[307.426701] (-) TimerEvent: {}
[307.528574] (ei_whistle_cpp) StdoutLine: {'line': b'[ 85%] \x1b[32mBuilding CXX object CMakeFiles/whistle_node.dir/edge-impulse-sdk/tensorflow/lite/micro/micro_allocation_info.cc.o\x1b[0m\n'}
[307.532830] (-) TimerEvent: {}
[307.634530] (-) TimerEvent: {}
[307.736090] (-) TimerEvent: {}
[307.837511] (-) TimerEvent: {}
[307.938944] (-) TimerEvent: {}
[308.040389] (-) TimerEvent: {}
[308.142193] (-) TimerEvent: {}
[308.243751] (-) TimerEvent: {}
[308.345313] (-) TimerEvent: {}
[308.446914] (-) TimerEvent: {}
[308.548550] (-) TimerEvent: {}
[308.650352] (-) TimerEvent: {}
[308.752130] (-) TimerEvent: {}
[308.853947] (-) TimerEvent: {}
[308.955540] (-) TimerEvent: {}
[309.057639] (-) TimerEvent: {}
[309.159467] (-) TimerEvent: {}
[309.261423] (-) TimerEvent: {}
[309.363181] (-) TimerEvent: {}
[309.464850] (-) TimerEvent: {}
[309.566571] (-) TimerEvent: {}
[309.668421] (-) TimerEvent: {}
[309.770567] (-) TimerEvent: {}
[309.872396] (-) TimerEvent: {}
[309.974261] (-) TimerEvent: {}
[310.075984] (-) TimerEvent: {}
[310.177618] (-) TimerEvent: {}
[310.279236] (-) TimerEvent: {}
[310.380719] (-) TimerEvent: {}
[310.482654] (-) TimerEvent: {}
[310.584244] (-) TimerEvent: {}
[310.685972] (-) TimerEvent: {}
[310.787720] (-) TimerEvent: {}
[310.889538] (-) TimerEvent: {}
[310.991328] (-) TimerEvent: {}
[311.090302] (ei_whistle_cpp) StderrLine: {'line': b'\x1b[01m\x1b[K/home/dev/respeaker_deep_audio/src/ei_whistle_cpp/edge-impulse-sdk/tensorflow/lite/micro/memory_helpers.cc:\x1b[m\x1b[K In function \xe2\x80\x98\x1b[01m\x1b[KTfLiteStatus tflite::BytesRequiredForTensor(const tflite::Tensor&, size_t*, size_t*)\x1b[m\x1b[K\xe2\x80\x99:\n'}
[311.093627] (-) TimerEvent: {}
[311.094922] (ei_whistle_cpp) StderrLine: {'line': b'\x1b[01m\x1b[K/home/dev/respeaker_deep_audio/src/ei_whistle_cpp/edge-impulse-sdk/tensorflow/lite/micro/memory_helpers.cc:107:61:\x1b[m\x1b[K \x1b[01;35m\x1b[Kwarning: \x1b[m\x1b[K\xe2\x80\x98\x1b[01m\x1b[Kflatbuffers::uoffset_t flatbuffers::Vector<T>::Length() const [with T = int; flatbuffers::uoffset_t = unsigned int]\x1b[m\x1b[K\xe2\x80\x99 is deprecated: use size() instead [\x1b[01;35m\x1b[K\x1b]8;;https://gcc.gnu.org/onlinedocs/gcc/Warning-Options.html#index-Wdeprecated-declarations\x07-Wdeprecated-declarations\x1b]8;;\x07\x1b[m\x1b[K]\n'}
[311.099030] (ei_whistle_cpp) StderrLine: {'line': b'  107 |     for (size_t n = 0; n < \x1b[01;35m\x1b[Kflatbuffer_tensor.shape()->Length()\x1b[m\x1b[K; ++n) {\n'}
[311.102539] (ei_whistle_cpp) StderrLine: {'line': b'      |                            \x1b[01;35m\x1b[K~~~~~~~~~~~~~~~~~~~~~~~~~~~~~~~~~^~\x1b[m\x1b[K\n'}
[311.106156] (ei_whistle_cpp) StderrLine: {'line': b'In file included from \x1b[01m\x1b[K/home/dev/respeaker_deep_audio/src/ei_whistle_cpp/edge-impulse-sdk/third_party/flatbuffers/include/flatbuffers/fb_array.h:22\x1b[m\x1b[K,\n'}
[311.109671] (ei_whistle_cpp) StderrLine: {'line': b'                 from \x1b[01m\x1b[K/home/dev/respeaker_deep_audio/src/ei_whistle_cpp/edge-impulse-sdk/third_party/flatbuffers/include/flatbuffers/flatbuffers.h:22\x1b[m\x1b[K,\n'}
[311.120391] (ei_whistle_cpp) StderrLine: {'line': b'                 from \x1b[01m\x1b[K/home/dev/respeaker_deep_audio/src/ei_whistle_cpp/edge-impulse-sdk/tensorflow/lite/schema/schema_generated.h:4\x1b[m\x1b[K,\n'}
[311.124072] (ei_whistle_cpp) StderrLine: {'line': b'                 from \x1b[01m\x1b[K/home/dev/respeaker_deep_audio/src/ei_whistle_cpp/edge-impulse-sdk/tensorflow/lite/micro/memory_helpers.h:22\x1b[m\x1b[K,\n'}
[311.127639] (ei_whistle_cpp) StderrLine: {'line': b'                 from \x1b[01m\x1b[K/home/dev/respeaker_deep_audio/src/ei_whistle_cpp/edge-impulse-sdk/tensorflow/lite/micro/memory_helpers.cc:16\x1b[m\x1b[K:\n'}
[311.131097] (ei_whistle_cpp) StderrLine: {'line': b'\x1b[01m\x1b[K/home/dev/respeaker_deep_audio/src/ei_whistle_cpp/edge-impulse-sdk/third_party/flatbuffers/include/flatbuffers/fb_vector.h:163:13:\x1b[m\x1b[K \x1b[01;36m\x1b[Knote: \x1b[m\x1b[Kdeclared here\n'}
[311.144572] (ei_whistle_cpp) StderrLine: {'line': b'  163 |   uoffset_t \x1b[01;36m\x1b[KLength\x1b[m\x1b[K() const { return size(); }\n'}
[311.147978] (ei_whistle_cpp) StderrLine: {'line': b'      |             \x1b[01;36m\x1b[K^~~~~~\x1b[m\x1b[K\n'}
[311.193814] (-) TimerEvent: {}
[311.295420] (-) TimerEvent: {}
[311.397068] (-) TimerEvent: {}
[311.498736] (-) TimerEvent: {}
[311.600335] (-) TimerEvent: {}
[311.701923] (-) TimerEvent: {}
[311.803686] (-) TimerEvent: {}
[311.905535] (-) TimerEvent: {}
[312.007246] (-) TimerEvent: {}
[312.108953] (-) TimerEvent: {}
[312.210637] (-) TimerEvent: {}
[312.312321] (-) TimerEvent: {}
[312.413936] (-) TimerEvent: {}
[312.515656] (-) TimerEvent: {}
[312.617380] (-) TimerEvent: {}
[312.719070] (-) TimerEvent: {}
[312.820841] (-) TimerEvent: {}
[312.922576] (-) TimerEvent: {}
[313.024437] (-) TimerEvent: {}
[313.126801] (-) TimerEvent: {}
[313.228934] (-) TimerEvent: {}
[313.251394] (ei_whistle_cpp) StdoutLine: {'line': b'[ 86%] \x1b[32mBuilding CXX object CMakeFiles/whistle_node.dir/edge-impulse-sdk/tensorflow/lite/micro/micro_allocator.cc.o\x1b[0m\n'}
[313.329334] (-) TimerEvent: {}
[313.431232] (-) TimerEvent: {}
[313.532815] (-) TimerEvent: {}
[313.634624] (-) TimerEvent: {}
[313.736429] (-) TimerEvent: {}
[313.838393] (-) TimerEvent: {}
[313.940306] (-) TimerEvent: {}
[314.041876] (-) TimerEvent: {}
[314.143360] (-) TimerEvent: {}
[314.244904] (-) TimerEvent: {}
[314.346423] (-) TimerEvent: {}
[314.448096] (-) TimerEvent: {}
[314.550206] (-) TimerEvent: {}
[314.651838] (-) TimerEvent: {}
[314.753631] (-) TimerEvent: {}
[314.855568] (-) TimerEvent: {}
[314.957362] (-) TimerEvent: {}
[315.059160] (-) TimerEvent: {}
[315.160917] (-) TimerEvent: {}
[315.263251] (-) TimerEvent: {}
[315.365211] (-) TimerEvent: {}
[315.467555] (-) TimerEvent: {}
[315.569644] (-) TimerEvent: {}
[315.671652] (-) TimerEvent: {}
[315.703464] (ei_whistle_cpp) StdoutLine: {'line': b'[ 86%] \x1b[32mBuilding CXX object CMakeFiles/whistle_node.dir/edge-impulse-sdk/tensorflow/lite/micro/micro_context.cc.o\x1b[0m\n'}
[315.771950] (-) TimerEvent: {}
[315.873936] (-) TimerEvent: {}
[315.975616] (-) TimerEvent: {}
[316.077507] (-) TimerEvent: {}
[316.179115] (-) TimerEvent: {}
[316.280636] (-) TimerEvent: {}
[316.382043] (-) TimerEvent: {}
[316.483675] (-) TimerEvent: {}
[316.585204] (-) TimerEvent: {}
[316.686880] (-) TimerEvent: {}
[316.729238] (ei_whistle_cpp) StdoutLine: {'line': b'[ 87%] \x1b[32mBuilding CXX object CMakeFiles/whistle_node.dir/edge-impulse-sdk/tensorflow/lite/micro/micro_error_reporter.cc.o\x1b[0m\n'}
[316.787215] (-) TimerEvent: {}
[316.889066] (-) TimerEvent: {}
[316.990746] (-) TimerEvent: {}
[317.036830] (ei_whistle_cpp) StdoutLine: {'line': b'[ 87%] \x1b[32mBuilding CXX object CMakeFiles/whistle_node.dir/edge-impulse-sdk/tensorflow/lite/micro/micro_graph.cc.o\x1b[0m\n'}
[317.091160] (-) TimerEvent: {}
[317.192929] (-) TimerEvent: {}
[317.294501] (-) TimerEvent: {}
[317.395938] (-) TimerEvent: {}
[317.497491] (-) TimerEvent: {}
[317.599061] (-) TimerEvent: {}
[317.700489] (-) TimerEvent: {}
[317.801949] (-) TimerEvent: {}
[317.903483] (-) TimerEvent: {}
[318.005017] (-) TimerEvent: {}
[318.106953] (-) TimerEvent: {}
[318.208534] (-) TimerEvent: {}
[318.310702] (-) TimerEvent: {}
[318.412538] (-) TimerEvent: {}
[318.514366] (-) TimerEvent: {}
[318.616194] (-) TimerEvent: {}
[318.717982] (-) TimerEvent: {}
[318.819768] (-) TimerEvent: {}
[318.921782] (-) TimerEvent: {}
[319.023365] (-) TimerEvent: {}
[319.125345] (-) TimerEvent: {}
[319.227174] (-) TimerEvent: {}
[319.328847] (-) TimerEvent: {}
[319.430738] (-) TimerEvent: {}
[319.532729] (-) TimerEvent: {}
[319.634401] (-) TimerEvent: {}
[319.736010] (-) TimerEvent: {}
[319.837667] (-) TimerEvent: {}
[319.939323] (-) TimerEvent: {}
[320.041007] (-) TimerEvent: {}
[320.142885] (-) TimerEvent: {}
[320.244795] (-) TimerEvent: {}
[320.346637] (-) TimerEvent: {}
[320.448536] (-) TimerEvent: {}
[320.550513] (-) TimerEvent: {}
[320.652194] (-) TimerEvent: {}
[320.753818] (-) TimerEvent: {}
[320.855518] (-) TimerEvent: {}
[320.957244] (-) TimerEvent: {}
[321.059030] (-) TimerEvent: {}
[321.160736] (-) TimerEvent: {}
[321.262632] (-) TimerEvent: {}
[575.918498] (ei_whistle_cpp) StdoutLine: {'line': b'[ 88%] \x1b[32mBuilding CXX object CMakeFiles/whistle_node.dir/edge-impulse-sdk/tensorflow/lite/micro/micro_interpreter.cc.o\x1b[0m\n'}
[575.922304] (-) TimerEvent: {}
[575.923370] (ei_whistle_cpp) StdoutLine: {'line': b'[ 89%] \x1b[32mBuilding CXX object CMakeFiles/whistle_node.dir/edge-impulse-sdk/tensorflow/lite/micro/micro_log.cc.o\x1b[0m\n'}
[575.924292] (ei_whistle_cpp) StdoutLine: {'line': b'[ 89%] \x1b[32mBuilding CXX object CMakeFiles/whistle_node.dir/edge-impulse-sdk/tensorflow/lite/micro/micro_profiler.cc.o\x1b[0m\n'}
[575.925286] (ei_whistle_cpp) StdoutLine: {'line': b'[ 90%] \x1b[32mBuilding CXX object CMakeFiles/whistle_node.dir/edge-impulse-sdk/tensorflow/lite/micro/micro_resource_variable.cc.o\x1b[0m\n'}
[575.926142] (ei_whistle_cpp) StdoutLine: {'line': b'[ 91%] \x1b[32mBuilding CXX object CMakeFiles/whistle_node.dir/edge-impulse-sdk/tensorflow/lite/micro/micro_time.cc.o\x1b[0m\n'}
[575.926755] (ei_whistle_cpp) StdoutLine: {'line': b'[ 91%] \x1b[32mBuilding CXX object CMakeFiles/whistle_node.dir/edge-impulse-sdk/tensorflow/lite/micro/micro_string.cc.o\x1b[0m\n'}
[575.927303] (ei_whistle_cpp) StdoutLine: {'line': b'[ 92%] \x1b[32mBuilding CXX object CMakeFiles/whistle_node.dir/edge-impulse-sdk/tensorflow/lite/micro/micro_utils.cc.o\x1b[0m\n'}
[575.928024] (ei_whistle_cpp) StdoutLine: {'line': b'[ 92%] \x1b[32mBuilding CXX object CMakeFiles/whistle_node.dir/edge-impulse-sdk/tensorflow/lite/micro/mock_micro_graph.cc.o\x1b[0m\n'}
[575.928708] (ei_whistle_cpp) StdoutLine: {'line': b'[ 93%] \x1b[32mBuilding CXX object CMakeFiles/whistle_node.dir/edge-impulse-sdk/tensorflow/lite/micro/non_persistent_arena_buffer_allocator.cc.o\x1b[0m\n'}
[575.929327] (ei_whistle_cpp) StdoutLine: {'line': b'[ 93%] \x1b[32mBuilding CXX object CMakeFiles/whistle_node.dir/edge-impulse-sdk/tensorflow/lite/micro/op_resolver_bridge.cc.o\x1b[0m\n'}
[575.934668] (ei_whistle_cpp) StdoutLine: {'line': b'[ 94%] \x1b[32mBuilding CXX object CMakeFiles/whistle_node.dir/edge-impulse-sdk/tensorflow/lite/micro/recording_micro_allocator.cc.o\x1b[0m\n'}
[575.935335] (ei_whistle_cpp) StdoutLine: {'line': b'[ 95%] \x1b[32mBuilding CXX object CMakeFiles/whistle_node.dir/edge-impulse-sdk/tensorflow/lite/micro/persistent_arena_buffer_allocator.cc.o\x1b[0m\n'}
[575.935895] (ei_whistle_cpp) StdoutLine: {'line': b'[ 95%] \x1b[32mBuilding CXX object CMakeFiles/whistle_node.dir/edge-impulse-sdk/tensorflow/lite/micro/recording_single_arena_buffer_allocator.cc.o\x1b[0m\n'}
[575.936496] (ei_whistle_cpp) StdoutLine: {'line': b'[ 96%] \x1b[32mBuilding CXX object CMakeFiles/whistle_node.dir/edge-impulse-sdk/tensorflow/lite/micro/schema_utils.cc.o\x1b[0m\n'}
[575.937049] (ei_whistle_cpp) StdoutLine: {'line': b'[ 96%] \x1b[32mBuilding CXX object CMakeFiles/whistle_node.dir/edge-impulse-sdk/tensorflow/lite/micro/single_arena_buffer_allocator.cc.o\x1b[0m\n'}
[575.937532] (ei_whistle_cpp) StdoutLine: {'line': b'[ 97%] \x1b[32mBuilding CXX object CMakeFiles/whistle_node.dir/edge-impulse-sdk/tensorflow/lite/micro/system_setup.cc.o\x1b[0m\n'}
[575.938261] (ei_whistle_cpp) StdoutLine: {'line': b'[ 98%] \x1b[32mBuilding CXX object CMakeFiles/whistle_node.dir/edge-impulse-sdk/tensorflow/lite/micro/test_helper_custom_ops.cc.o\x1b[0m\n'}
[575.938895] (ei_whistle_cpp) StdoutLine: {'line': b'[ 98%] \x1b[32mBuilding CXX object CMakeFiles/whistle_node.dir/edge-impulse-sdk/tensorflow/lite/micro/test_helpers.cc.o\x1b[0m\n'}
[575.939516] (ei_whistle_cpp) StdoutLine: {'line': b'[ 99%] \x1b[32mBuilding CXX object CMakeFiles/whistle_node.dir/tflite-model/tflite_learn_812412_4.cpp.o\x1b[0m\n'}
[575.940023] (ei_whistle_cpp) StdoutLine: {'line': b'[100%] \x1b[32m\x1b[1mLinking CXX executable whistle_node\x1b[0m\n'}
[575.940565] (ei_whistle_cpp) StderrLine: {'line': b'gmake[2]: warning:  Clock skew detected.  Your build may be incomplete.\n'}
[575.941080] (ei_whistle_cpp) StdoutLine: {'line': b'[100%] Built target whistle_node\n'}
[575.942237] (ei_whistle_cpp) CommandEnded: {'returncode': 0}
[575.947914] (ei_whistle_cpp) JobProgress: {'identifier': 'ei_whistle_cpp', 'progress': 'install'}
[575.995313] (ei_whistle_cpp) Command: {'cmd': ['/usr/bin/cmake', '--install', '/home/dev/respeaker_deep_audio/build/ei_whistle_cpp'], 'cwd': '/home/dev/respeaker_deep_audio/build/ei_whistle_cpp', 'env': OrderedDict([('LESSOPEN', '| /usr/bin/lesspipe %s'), ('USER', 'dev'), ('SSH_CLIENT', '10.33.154.77 62536 22'), ('ROS_PACKAGE_PATH', '/home/dev/respeaker_deep_audio/install/ei_whistle_cpp/share'), ('XDG_SESSION_TYPE', 'tty'), ('GIT_ASKPASS', '/home/dev/.vscode-server/cli/servers/Stable-7d842fb85a0275a4a8e4d7e040d2625abbf7f084/server/extensions/git/dist/askpass.sh'), ('SHLVL', '1'), ('LD_LIBRARY_PATH', '/opt/ros/humble/opt/rviz_ogre_vendor/lib:/opt/ros/humble/lib/aarch64-linux-gnu:/opt/ros/humble/lib'), ('BROWSER', '/home/dev/.vscode-server/cli/servers/Stable-7d842fb85a0275a4a8e4d7e040d2625abbf7f084/server/bin/helpers/browser.sh'), ('MOTD_SHOWN', 'pam'), ('HOME', '/home/dev'), ('OLDPWD', '/home/dev'), ('TERM_PROGRAM_VERSION', '1.105.1'), ('VSCODE_IPC_HOOK_CLI', '/run/user/1000/vscode-ipc-f7bea960-783f-4fa7-9b9a-9e5a1a128e49.sock'), ('ROS_PYTHON_VERSION', '3'), ('VSCODE_GIT_ASKPASS_MAIN', '/home/dev/.vscode-server/cli/servers/Stable-7d842fb85a0275a4a8e4d7e040d2625abbf7f084/server/extensions/git/dist/askpass-main.js'), ('VSCODE_GIT_ASKPASS_NODE', '/home/dev/.vscode-server/cli/servers/Stable-7d842fb85a0275a4a8e4d7e040d2625abbf7f084/server/node'), ('SSL_CERT_FILE', '/usr/lib/ssl/certs/ca-certificates.crt'), ('VSCODE_PYTHON_AUTOACTIVATE_GUARD', '1'), ('DBUS_SESSION_BUS_ADDRESS', 'unix:path=/run/user/1000/bus'), ('COLORTERM', 'truecolor'), ('COLCON_PREFIX_PATH', '/home/dev/respeaker_deep_audio/install'), ('ROS_DISTRO', 'humble'), ('LOGNAME', 'dev'), ('_', '/usr/bin/colcon'), ('ROS_VERSION', '2'), ('PKG_CONFIG_PATH', '/home/dev/respeaker_deep_audio/install/ei_whistle_cpp/lib/aarch64-linux-gnu/pkgconfig:/home/dev/respeaker_deep_audio/install/ei_whistle_cpp/lib/pkgconfig'), ('XDG_SESSION_CLASS', 'user'), ('TERM', 'xterm-256color'), ('XDG_SESSION_ID', '3'), ('ROS_LOCALHOST_ONLY', '0'), ('PATH', '/opt/ros/humble/bin:/home/dev/.vscode-server/cli/servers/Stable-7d842fb85a0275a4a8e4d7e040d2625abbf7f084/server/bin/remote-cli:/home/dev/.local/bin:/usr/local/sbin:/usr/local/bin:/usr/sbin:/usr/bin:/sbin:/bin:/usr/games:/usr/local/games:/snap/bin:/home/dev/.vscode-server/data/User/globalStorage/github.copilot-chat/debugCommand'), ('XDG_RUNTIME_DIR', '/run/user/1000'), ('SSL_CERT_DIR', '/usr/lib/ssl/certs'), ('LANG', 'en_US.UTF-8'), ('LS_COLORS', 'rs=0:di=01;34:ln=01;36:mh=00:pi=40;33:so=01;35:do=01;35:bd=40;33;01:cd=40;33;01:or=40;31;01:mi=00:su=37;41:sg=30;43:ca=30;41:tw=30;42:ow=34;42:st=37;44:ex=01;32:*.tar=01;31:*.tgz=01;31:*.arc=01;31:*.arj=01;31:*.taz=01;31:*.lha=01;31:*.lz4=01;31:*.lzh=01;31:*.lzma=01;31:*.tlz=01;31:*.txz=01;31:*.tzo=01;31:*.t7z=01;31:*.zip=01;31:*.z=01;31:*.dz=01;31:*.gz=01;31:*.lrz=01;31:*.lz=01;31:*.lzo=01;31:*.xz=01;31:*.zst=01;31:*.tzst=01;31:*.bz2=01;31:*.bz=01;31:*.tbz=01;31:*.tbz2=01;31:*.tz=01;31:*.deb=01;31:*.rpm=01;31:*.jar=01;31:*.war=01;31:*.ear=01;31:*.sar=01;31:*.rar=01;31:*.alz=01;31:*.ace=01;31:*.zoo=01;31:*.cpio=01;31:*.7z=01;31:*.rz=01;31:*.cab=01;31:*.wim=01;31:*.swm=01;31:*.dwm=01;31:*.esd=01;31:*.jpg=01;35:*.jpeg=01;35:*.mjpg=01;35:*.mjpeg=01;35:*.gif=01;35:*.bmp=01;35:*.pbm=01;35:*.pgm=01;35:*.ppm=01;35:*.tga=01;35:*.xbm=01;35:*.xpm=01;35:*.tif=01;35:*.tiff=01;35:*.png=01;35:*.svg=01;35:*.svgz=01;35:*.mng=01;35:*.pcx=01;35:*.mov=01;35:*.mpg=01;35:*.mpeg=01;35:*.m2v=01;35:*.mkv=01;35:*.webm=01;35:*.webp=01;35:*.ogm=01;35:*.mp4=01;35:*.m4v=01;35:*.mp4v=01;35:*.vob=01;35:*.qt=01;35:*.nuv=01;35:*.wmv=01;35:*.asf=01;35:*.rm=01;35:*.rmvb=01;35:*.flc=01;35:*.avi=01;35:*.fli=01;35:*.flv=01;35:*.gl=01;35:*.dl=01;35:*.xcf=01;35:*.xwd=01;35:*.yuv=01;35:*.cgm=01;35:*.emf=01;35:*.ogv=01;35:*.ogx=01;35:*.aac=00;36:*.au=00;36:*.flac=00;36:*.m4a=00;36:*.mid=00;36:*.midi=00;36:*.mka=00;36:*.mp3=00;36:*.mpc=00;36:*.ogg=00;36:*.ra=00;36:*.wav=00;36:*.oga=00;36:*.opus=00;36:*.spx=00;36:*.xspf=00;36:'), ('VSCODE_GIT_IPC_HANDLE', '/run/user/1000/vscode-git-5db78a076d.sock'), ('TERM_PROGRAM', 'vscode'), ('AMENT_PREFIX_PATH', '/home/dev/respeaker_deep_audio/install/ei_whistle_cpp:/opt/ros/humble'), ('SHELL', '/bin/bash'), ('LESSCLOSE', '/usr/bin/lesspipe %s %s'), ('VSCODE_GIT_ASKPASS_EXTRA_ARGS', ''), ('PWD', '/home/dev/respeaker_deep_audio/build/ei_whistle_cpp'), ('LC_ALL', 'en_US.UTF-8'), ('SSH_CONNECTION', '10.33.154.77 62536 10.33.220.113 22'), ('XDG_DATA_DIRS', '/usr/share/gnome:/usr/local/share:/usr/share:/var/lib/snapd/desktop'), ('PYTHONPATH', '/opt/ros/humble/lib/python3.10/site-packages:/opt/ros/humble/local/lib/python3.10/dist-packages'), ('COLCON', '1'), ('CMAKE_PREFIX_PATH', '/home/dev/respeaker_deep_audio/install/ei_whistle_cpp')]), 'shell': False}
[576.022543] (-) TimerEvent: {}
[576.046186] (ei_whistle_cpp) StdoutLine: {'line': b'-- Install configuration: ""\n'}
[576.052598] (ei_whistle_cpp) StdoutLine: {'line': b'-- Installing: /home/dev/respeaker_deep_audio/install/ei_whistle_cpp/lib/ei_whistle_cpp/whistle_node\n'}
[576.093414] (ei_whistle_cpp) StdoutLine: {'line': b'-- Set runtime path of "/home/dev/respeaker_deep_audio/install/ei_whistle_cpp/lib/ei_whistle_cpp/whistle_node" to ""\n'}
[576.094506] (ei_whistle_cpp) StdoutLine: {'line': b'-- Up-to-date: /home/dev/respeaker_deep_audio/install/ei_whistle_cpp/share/ament_index/resource_index/package_run_dependencies/ei_whistle_cpp\n'}
[576.095660] (ei_whistle_cpp) StdoutLine: {'line': b'-- Up-to-date: /home/dev/respeaker_deep_audio/install/ei_whistle_cpp/share/ament_index/resource_index/parent_prefix_path/ei_whistle_cpp\n'}
[576.097142] (ei_whistle_cpp) StdoutLine: {'line': b'-- Up-to-date: /home/dev/respeaker_deep_audio/install/ei_whistle_cpp/share/ei_whistle_cpp/environment/ament_prefix_path.sh\n'}
[576.098229] (ei_whistle_cpp) StdoutLine: {'line': b'-- Installing: /home/dev/respeaker_deep_audio/install/ei_whistle_cpp/share/ei_whistle_cpp/environment/ament_prefix_path.dsv\n'}
[576.100272] (ei_whistle_cpp) StdoutLine: {'line': b'-- Up-to-date: /home/dev/respeaker_deep_audio/install/ei_whistle_cpp/share/ei_whistle_cpp/environment/path.sh\n'}
[576.101246] (ei_whistle_cpp) StdoutLine: {'line': b'-- Installing: /home/dev/respeaker_deep_audio/install/ei_whistle_cpp/share/ei_whistle_cpp/environment/path.dsv\n'}
[576.107602] (ei_whistle_cpp) StdoutLine: {'line': b'-- Up-to-date: /home/dev/respeaker_deep_audio/install/ei_whistle_cpp/share/ei_whistle_cpp/local_setup.bash\n'}
[576.108537] (ei_whistle_cpp) StdoutLine: {'line': b'-- Up-to-date: /home/dev/respeaker_deep_audio/install/ei_whistle_cpp/share/ei_whistle_cpp/local_setup.sh\n'}
[576.109324] (ei_whistle_cpp) StdoutLine: {'line': b'-- Up-to-date: /home/dev/respeaker_deep_audio/install/ei_whistle_cpp/share/ei_whistle_cpp/local_setup.zsh\n'}
[576.113183] (ei_whistle_cpp) StdoutLine: {'line': b'-- Installing: /home/dev/respeaker_deep_audio/install/ei_whistle_cpp/share/ei_whistle_cpp/local_setup.dsv\n'}
[576.114377] (ei_whistle_cpp) StdoutLine: {'line': b'-- Installing: /home/dev/respeaker_deep_audio/install/ei_whistle_cpp/share/ei_whistle_cpp/package.dsv\n'}
[576.116919] (ei_whistle_cpp) StdoutLine: {'line': b'-- Up-to-date: /home/dev/respeaker_deep_audio/install/ei_whistle_cpp/share/ament_index/resource_index/packages/ei_whistle_cpp\n'}
[576.117702] (ei_whistle_cpp) StdoutLine: {'line': b'-- Up-to-date: /home/dev/respeaker_deep_audio/install/ei_whistle_cpp/share/ei_whistle_cpp/cmake/ei_whistle_cppConfig.cmake\n'}
[576.118321] (ei_whistle_cpp) StdoutLine: {'line': b'-- Up-to-date: /home/dev/respeaker_deep_audio/install/ei_whistle_cpp/share/ei_whistle_cpp/cmake/ei_whistle_cppConfig-version.cmake\n'}
[576.118920] (ei_whistle_cpp) StdoutLine: {'line': b'-- Up-to-date: /home/dev/respeaker_deep_audio/install/ei_whistle_cpp/share/ei_whistle_cpp/package.xml\n'}
[576.122768] (-) TimerEvent: {}
[576.125522] (ei_whistle_cpp) CommandEnded: {'returncode': 0}
[576.223169] (-) TimerEvent: {}
[576.248550] (ei_whistle_cpp) JobEnded: {'identifier': 'ei_whistle_cpp', 'rc': 0}
[576.252394] (-) EventReactorShutdown: {}
