[0.000000] (-) TimerEvent: {}
[0.001484] (-) JobUnselected: {'identifier': 'doa_publisher_py'}
[0.001809] (ei_whistle_cpp) JobQueued: {'identifier': 'ei_whistle_cpp', 'dependencies': OrderedDict()}
[0.002152] (ei_whistle_cpp) JobStarted: {'identifier': 'ei_whistle_cpp'}
[0.054132] (ei_whistle_cpp) JobProgress: {'identifier': 'ei_whistle_cpp', 'progress': 'cmake'}
[0.057049] (ei_whistle_cpp) Command: {'cmd': ['/usr/bin/cmake', '/home/dev/respeaker_deep_audio/src/ei_whistle_cpp', '-DCATKIN_INSTALL_INTO_PREFIX_ROOT=0', '-DCATKIN_SYMLINK_INSTALL=ON', '-DCMAKE_INSTALL_PREFIX=/home/dev/respeaker_deep_audio/install/ei_whistle_cpp'], 'cwd': '/home/dev/respeaker_deep_audio/build/ei_whistle_cpp', 'env': OrderedDict([('LESSOPEN', '| /usr/bin/lesspipe %s'), ('USER', 'dev'), ('SSH_CLIENT', '10.33.154.77 62536 22'), ('ROS_PACKAGE_PATH', '/home/dev/respeaker_deep_audio/install/ei_whistle_cpp/share'), ('XDG_SESSION_TYPE', 'tty'), ('GIT_ASKPASS', '/home/dev/.vscode-server/cli/servers/Stable-7d842fb85a0275a4a8e4d7e040d2625abbf7f084/server/extensions/git/dist/askpass.sh'), ('SHLVL', '1'), ('LD_LIBRARY_PATH', '/opt/ros/humble/opt/rviz_ogre_vendor/lib:/opt/ros/humble/lib/aarch64-linux-gnu:/opt/ros/humble/lib'), ('BROWSER', '/home/dev/.vscode-server/cli/servers/Stable-7d842fb85a0275a4a8e4d7e040d2625abbf7f084/server/bin/helpers/browser.sh'), ('MOTD_SHOWN', 'pam'), ('HOME', '/home/dev'), ('OLDPWD', '/home/dev/respeaker_deep_audio'), ('TERM_PROGRAM_VERSION', '1.105.1'), ('VSCODE_IPC_HOOK_CLI', '/run/user/1000/vscode-ipc-f7bea960-783f-4fa7-9b9a-9e5a1a128e49.sock'), ('ROS_PYTHON_VERSION', '3'), ('VSCODE_GIT_ASKPASS_MAIN', '/home/dev/.vscode-server/cli/servers/Stable-7d842fb85a0275a4a8e4d7e040d2625abbf7f084/server/extensions/git/dist/askpass-main.js'), ('VSCODE_GIT_ASKPASS_NODE', '/home/dev/.vscode-server/cli/servers/Stable-7d842fb85a0275a4a8e4d7e040d2625abbf7f084/server/node'), ('SSL_CERT_FILE', '/usr/lib/ssl/certs/ca-certificates.crt'), ('VSCODE_PYTHON_AUTOACTIVATE_GUARD', '1'), ('DBUS_SESSION_BUS_ADDRESS', 'unix:path=/run/user/1000/bus'), ('COLORTERM', 'truecolor'), ('COLCON_PREFIX_PATH', '/home/dev/respeaker_deep_audio/install'), ('ROS_DISTRO', 'humble'), ('LOGNAME', 'dev'), ('_', '/usr/bin/colcon'), ('ROS_VERSION', '2'), ('PKG_CONFIG_PATH', '/home/dev/respeaker_deep_audio/install/ei_whistle_cpp/lib/aarch64-linux-gnu/pkgconfig:/home/dev/respeaker_deep_audio/install/ei_whistle_cpp/lib/pkgconfig'), ('XDG_SESSION_CLASS', 'user'), ('TERM', 'xterm-256color'), ('XDG_SESSION_ID', '3'), ('ROS_LOCALHOST_ONLY', '0'), ('PATH', '/opt/ros/humble/bin:/home/dev/.vscode-server/cli/servers/Stable-7d842fb85a0275a4a8e4d7e040d2625abbf7f084/server/bin/remote-cli:/home/dev/.local/bin:/usr/local/sbin:/usr/local/bin:/usr/sbin:/usr/bin:/sbin:/bin:/usr/games:/usr/local/games:/snap/bin:/home/dev/.vscode-server/data/User/globalStorage/github.copilot-chat/debugCommand'), ('XDG_RUNTIME_DIR', '/run/user/1000'), ('SSL_CERT_DIR', '/usr/lib/ssl/certs'), ('LANG', 'en_US.UTF-8'), ('LS_COLORS', 'rs=0:di=01;34:ln=01;36:mh=00:pi=40;33:so=01;35:do=01;35:bd=40;33;01:cd=40;33;01:or=40;31;01:mi=00:su=37;41:sg=30;43:ca=30;41:tw=30;42:ow=34;42:st=37;44:ex=01;32:*.tar=01;31:*.tgz=01;31:*.arc=01;31:*.arj=01;31:*.taz=01;31:*.lha=01;31:*.lz4=01;31:*.lzh=01;31:*.lzma=01;31:*.tlz=01;31:*.txz=01;31:*.tzo=01;31:*.t7z=01;31:*.zip=01;31:*.z=01;31:*.dz=01;31:*.gz=01;31:*.lrz=01;31:*.lz=01;31:*.lzo=01;31:*.xz=01;31:*.zst=01;31:*.tzst=01;31:*.bz2=01;31:*.bz=01;31:*.tbz=01;31:*.tbz2=01;31:*.tz=01;31:*.deb=01;31:*.rpm=01;31:*.jar=01;31:*.war=01;31:*.ear=01;31:*.sar=01;31:*.rar=01;31:*.alz=01;31:*.ace=01;31:*.zoo=01;31:*.cpio=01;31:*.7z=01;31:*.rz=01;31:*.cab=01;31:*.wim=01;31:*.swm=01;31:*.dwm=01;31:*.esd=01;31:*.jpg=01;35:*.jpeg=01;35:*.mjpg=01;35:*.mjpeg=01;35:*.gif=01;35:*.bmp=01;35:*.pbm=01;35:*.pgm=01;35:*.ppm=01;35:*.tga=01;35:*.xbm=01;35:*.xpm=01;35:*.tif=01;35:*.tiff=01;35:*.png=01;35:*.svg=01;35:*.svgz=01;35:*.mng=01;35:*.pcx=01;35:*.mov=01;35:*.mpg=01;35:*.mpeg=01;35:*.m2v=01;35:*.mkv=01;35:*.webm=01;35:*.webp=01;35:*.ogm=01;35:*.mp4=01;35:*.m4v=01;35:*.mp4v=01;35:*.vob=01;35:*.qt=01;35:*.nuv=01;35:*.wmv=01;35:*.asf=01;35:*.rm=01;35:*.rmvb=01;35:*.flc=01;35:*.avi=01;35:*.fli=01;35:*.flv=01;35:*.gl=01;35:*.dl=01;35:*.xcf=01;35:*.xwd=01;35:*.yuv=01;35:*.cgm=01;35:*.emf=01;35:*.ogv=01;35:*.ogx=01;35:*.aac=00;36:*.au=00;36:*.flac=00;36:*.m4a=00;36:*.mid=00;36:*.midi=00;36:*.mka=00;36:*.mp3=00;36:*.mpc=00;36:*.ogg=00;36:*.ra=00;36:*.wav=00;36:*.oga=00;36:*.opus=00;36:*.spx=00;36:*.xspf=00;36:'), ('VSCODE_GIT_IPC_HANDLE', '/run/user/1000/vscode-git-5db78a076d.sock'), ('TERM_PROGRAM', 'vscode'), ('AMENT_PREFIX_PATH', '/home/dev/respeaker_deep_audio/install/ei_whistle_cpp:/opt/ros/humble'), ('SHELL', '/bin/bash'), ('LESSCLOSE', '/usr/bin/lesspipe %s %s'), ('VSCODE_GIT_ASKPASS_EXTRA_ARGS', ''), ('PWD', '/home/dev/respeaker_deep_audio/build/ei_whistle_cpp'), ('LC_ALL', 'en_US.UTF-8'), ('SSH_CONNECTION', '10.33.154.77 62536 10.33.220.113 22'), ('XDG_DATA_DIRS', '/usr/share/gnome:/usr/local/share:/usr/share:/var/lib/snapd/desktop'), ('PYTHONPATH', '/opt/ros/humble/lib/python3.10/site-packages:/opt/ros/humble/local/lib/python3.10/dist-packages'), ('COLCON', '1'), ('CMAKE_PREFIX_PATH', '/home/dev/respeaker_deep_audio/install/ei_whistle_cpp')]), 'shell': False}
[0.097399] (-) TimerEvent: {}
[0.198200] (-) TimerEvent: {}
[0.299071] (-) TimerEvent: {}
[0.400141] (-) TimerEvent: {}
[0.501185] (-) TimerEvent: {}
[0.602261] (-) TimerEvent: {}
[0.703252] (-) TimerEvent: {}
[0.804663] (-) TimerEvent: {}
[0.843967] (ei_whistle_cpp) StdoutLine: {'line': b'-- The C compiler identification is GNU 11.4.0\n'}
[0.904819] (-) TimerEvent: {}
[1.005599] (-) TimerEvent: {}
[1.106561] (-) TimerEvent: {}
[1.159692] (ei_whistle_cpp) StdoutLine: {'line': b'-- The CXX compiler identification is GNU 11.4.0\n'}
[1.206767] (-) TimerEvent: {}
[1.210289] (ei_whistle_cpp) StdoutLine: {'line': b'-- Detecting C compiler ABI info\n'}
[1.307161] (-) TimerEvent: {}
[1.407949] (-) TimerEvent: {}
[1.508870] (-) TimerEvent: {}
[1.609878] (-) TimerEvent: {}
[1.622350] (ei_whistle_cpp) StdoutLine: {'line': b'-- Detecting C compiler ABI info - done\n'}
[1.651989] (ei_whistle_cpp) StdoutLine: {'line': b'-- Check for working C compiler: /usr/bin/cc - skipped\n'}
[1.654296] (ei_whistle_cpp) StdoutLine: {'line': b'-- Detecting C compile features\n'}
[1.657554] (ei_whistle_cpp) StdoutLine: {'line': b'-- Detecting C compile features - done\n'}
[1.674615] (ei_whistle_cpp) StdoutLine: {'line': b'-- Detecting CXX compiler ABI info\n'}
[1.710054] (-) TimerEvent: {}
[1.810966] (-) TimerEvent: {}
[1.911801] (-) TimerEvent: {}
[2.012680] (-) TimerEvent: {}
[2.097617] (ei_whistle_cpp) StdoutLine: {'line': b'-- Detecting CXX compiler ABI info - done\n'}
[2.112849] (-) TimerEvent: {}
[2.128181] (ei_whistle_cpp) StdoutLine: {'line': b'-- Check for working CXX compiler: /usr/bin/c++ - skipped\n'}
[2.129443] (ei_whistle_cpp) StdoutLine: {'line': b'-- Detecting CXX compile features\n'}
[2.131349] (ei_whistle_cpp) StdoutLine: {'line': b'-- Detecting CXX compile features - done\n'}
[2.176296] (ei_whistle_cpp) StdoutLine: {'line': b'-- Found ament_cmake: 1.3.12 (/opt/ros/humble/share/ament_cmake/cmake)\n'}
[2.213102] (-) TimerEvent: {}
[2.313946] (-) TimerEvent: {}
[2.414758] (-) TimerEvent: {}
[2.516089] (-) TimerEvent: {}
[2.617081] (-) TimerEvent: {}
[2.718339] (-) TimerEvent: {}
[2.819041] (-) TimerEvent: {}
[2.919830] (-) TimerEvent: {}
[3.020660] (-) TimerEvent: {}
[3.121649] (-) TimerEvent: {}
[3.222339] (-) TimerEvent: {}
[3.323196] (-) TimerEvent: {}
[3.424128] (-) TimerEvent: {}
[3.525057] (-) TimerEvent: {}
[3.625991] (-) TimerEvent: {}
[3.726885] (-) TimerEvent: {}
[3.827661] (-) TimerEvent: {}
[3.928497] (-) TimerEvent: {}
[4.029453] (-) TimerEvent: {}
[4.085059] (ei_whistle_cpp) StdoutLine: {'line': b'-- Found Python3: /usr/bin/python3 (found version "3.10.12") found components: Interpreter \n'}
[4.129618] (-) TimerEvent: {}
[4.230451] (-) TimerEvent: {}
[4.331484] (-) TimerEvent: {}
[4.432302] (-) TimerEvent: {}
[4.533247] (-) TimerEvent: {}
[4.634115] (-) TimerEvent: {}
[4.735419] (-) TimerEvent: {}
[4.836424] (-) TimerEvent: {}
[4.890321] (ei_whistle_cpp) StdoutLine: {'line': b'-- Found rclcpp: 16.0.15 (/opt/ros/humble/share/rclcpp/cmake)\n'}
[4.936620] (-) TimerEvent: {}
[5.037339] (-) TimerEvent: {}
[5.138089] (-) TimerEvent: {}
[5.238816] (-) TimerEvent: {}
[5.339551] (-) TimerEvent: {}
[5.351637] (ei_whistle_cpp) StdoutLine: {'line': b'-- Found rosidl_generator_c: 3.1.7 (/opt/ros/humble/share/rosidl_generator_c/cmake)\n'}
[5.406703] (ei_whistle_cpp) StdoutLine: {'line': b'-- Found rosidl_adapter: 3.1.7 (/opt/ros/humble/share/rosidl_adapter/cmake)\n'}
[5.439739] (-) TimerEvent: {}
[5.486402] (ei_whistle_cpp) StdoutLine: {'line': b'-- Found rosidl_generator_cpp: 3.1.7 (/opt/ros/humble/share/rosidl_generator_cpp/cmake)\n'}
[5.539980] (-) TimerEvent: {}
[5.591370] (ei_whistle_cpp) StdoutLine: {'line': b'-- Using all available rosidl_typesupport_c: rosidl_typesupport_fastrtps_c;rosidl_typesupport_introspection_c\n'}
[5.640173] (-) TimerEvent: {}
[5.730830] (ei_whistle_cpp) StdoutLine: {'line': b'-- Using all available rosidl_typesupport_cpp: rosidl_typesupport_fastrtps_cpp;rosidl_typesupport_introspection_cpp\n'}
[5.740336] (-) TimerEvent: {}
[5.841095] (-) TimerEvent: {}
[5.941864] (-) TimerEvent: {}
[6.042693] (-) TimerEvent: {}
[6.126315] (ei_whistle_cpp) StdoutLine: {'line': b'-- Found rmw_implementation_cmake: 6.1.2 (/opt/ros/humble/share/rmw_implementation_cmake/cmake)\n'}
[6.142880] (-) TimerEvent: {}
[6.156471] (ei_whistle_cpp) StdoutLine: {'line': b'-- Found rmw_fastrtps_cpp: 6.2.9 (/opt/ros/humble/share/rmw_fastrtps_cpp/cmake)\n'}
[6.243082] (-) TimerEvent: {}
[6.343826] (-) TimerEvent: {}
[6.444558] (-) TimerEvent: {}
[6.545256] (-) TimerEvent: {}
[6.646092] (-) TimerEvent: {}
[6.747341] (-) TimerEvent: {}
[6.848221] (-) TimerEvent: {}
[6.895040] (ei_whistle_cpp) StdoutLine: {'line': b'-- Found OpenSSL: /usr/lib/aarch64-linux-gnu/libcrypto.so (found version "3.0.2")  \n'}
[6.948694] (-) TimerEvent: {}
[7.049465] (-) TimerEvent: {}
[7.150246] (-) TimerEvent: {}
[7.217335] (ei_whistle_cpp) StdoutLine: {'line': b'-- Found FastRTPS: /opt/ros/humble/include  \n'}
[7.250430] (-) TimerEvent: {}
[7.351198] (-) TimerEvent: {}
[7.452058] (-) TimerEvent: {}
[7.552951] (-) TimerEvent: {}
[7.653707] (-) TimerEvent: {}
[7.727486] (ei_whistle_cpp) StdoutLine: {'line': b"-- Using RMW implementation 'rmw_fastrtps_cpp' as default\n"}
[7.753969] (-) TimerEvent: {}
[7.822495] (ei_whistle_cpp) StdoutLine: {'line': b'-- Looking for pthread.h\n'}
[7.854142] (-) TimerEvent: {}
[7.955022] (-) TimerEvent: {}
[8.056126] (-) TimerEvent: {}
[8.157138] (-) TimerEvent: {}
[8.220511] (ei_whistle_cpp) StdoutLine: {'line': b'-- Looking for pthread.h - found\n'}
[8.223611] (ei_whistle_cpp) StdoutLine: {'line': b'-- Performing Test CMAKE_HAVE_LIBC_PTHREAD\n'}
[8.257361] (-) TimerEvent: {}
[8.358460] (-) TimerEvent: {}
[8.459782] (-) TimerEvent: {}
[8.560649] (-) TimerEvent: {}
[8.639079] (ei_whistle_cpp) StdoutLine: {'line': b'-- Performing Test CMAKE_HAVE_LIBC_PTHREAD - Success\n'}
[8.643912] (ei_whistle_cpp) StdoutLine: {'line': b'-- Found Threads: TRUE  \n'}
[8.660807] (-) TimerEvent: {}
[8.761560] (-) TimerEvent: {}
[8.862627] (-) TimerEvent: {}
[8.963889] (-) TimerEvent: {}
[9.064860] (-) TimerEvent: {}
[9.165771] (-) TimerEvent: {}
[9.267087] (-) TimerEvent: {}
[9.368005] (-) TimerEvent: {}
[9.469537] (-) TimerEvent: {}
[9.515865] (ei_whistle_cpp) StdoutLine: {'line': b'-- Configuring done\n'}
[9.569744] (-) TimerEvent: {}
[9.670665] (-) TimerEvent: {}
[9.719655] (ei_whistle_cpp) StdoutLine: {'line': b'-- Generating done\n'}
[9.726871] (ei_whistle_cpp) StderrLine: {'line': b'\x1b[33mCMake Warning:\n'}
[9.727840] (ei_whistle_cpp) StderrLine: {'line': b'  Manually-specified variables were not used by the project:\n'}
[9.728644] (ei_whistle_cpp) StderrLine: {'line': b'\n'}
[9.729360] (ei_whistle_cpp) StderrLine: {'line': b'    CATKIN_INSTALL_INTO_PREFIX_ROOT\n'}
[9.730047] (ei_whistle_cpp) StderrLine: {'line': b'    CATKIN_SYMLINK_INSTALL\n'}
[9.730755] (ei_whistle_cpp) StderrLine: {'line': b'\n'}
[9.733422] (ei_whistle_cpp) StderrLine: {'line': b'\x1b[0m\n'}
[9.752631] (ei_whistle_cpp) StdoutLine: {'line': b'-- Build files have been written to: /home/dev/respeaker_deep_audio/build/ei_whistle_cpp\n'}
[9.770914] (-) TimerEvent: {}
[9.803392] (ei_whistle_cpp) CommandEnded: {'returncode': 0}
[9.806499] (ei_whistle_cpp) JobProgress: {'identifier': 'ei_whistle_cpp', 'progress': 'build'}
[9.809806] (ei_whistle_cpp) Command: {'cmd': ['/usr/bin/cmake', '--build', '/home/dev/respeaker_deep_audio/build/ei_whistle_cpp', '--', '-j4', '-l4'], 'cwd': '/home/dev/respeaker_deep_audio/build/ei_whistle_cpp', 'env': OrderedDict([('LESSOPEN', '| /usr/bin/lesspipe %s'), ('USER', 'dev'), ('SSH_CLIENT', '10.33.154.77 62536 22'), ('ROS_PACKAGE_PATH', '/home/dev/respeaker_deep_audio/install/ei_whistle_cpp/share'), ('XDG_SESSION_TYPE', 'tty'), ('GIT_ASKPASS', '/home/dev/.vscode-server/cli/servers/Stable-7d842fb85a0275a4a8e4d7e040d2625abbf7f084/server/extensions/git/dist/askpass.sh'), ('SHLVL', '1'), ('LD_LIBRARY_PATH', '/opt/ros/humble/opt/rviz_ogre_vendor/lib:/opt/ros/humble/lib/aarch64-linux-gnu:/opt/ros/humble/lib'), ('BROWSER', '/home/dev/.vscode-server/cli/servers/Stable-7d842fb85a0275a4a8e4d7e040d2625abbf7f084/server/bin/helpers/browser.sh'), ('MOTD_SHOWN', 'pam'), ('HOME', '/home/dev'), ('OLDPWD', '/home/dev/respeaker_deep_audio'), ('TERM_PROGRAM_VERSION', '1.105.1'), ('VSCODE_IPC_HOOK_CLI', '/run/user/1000/vscode-ipc-f7bea960-783f-4fa7-9b9a-9e5a1a128e49.sock'), ('ROS_PYTHON_VERSION', '3'), ('VSCODE_GIT_ASKPASS_MAIN', '/home/dev/.vscode-server/cli/servers/Stable-7d842fb85a0275a4a8e4d7e040d2625abbf7f084/server/extensions/git/dist/askpass-main.js'), ('VSCODE_GIT_ASKPASS_NODE', '/home/dev/.vscode-server/cli/servers/Stable-7d842fb85a0275a4a8e4d7e040d2625abbf7f084/server/node'), ('SSL_CERT_FILE', '/usr/lib/ssl/certs/ca-certificates.crt'), ('VSCODE_PYTHON_AUTOACTIVATE_GUARD', '1'), ('DBUS_SESSION_BUS_ADDRESS', 'unix:path=/run/user/1000/bus'), ('COLORTERM', 'truecolor'), ('COLCON_PREFIX_PATH', '/home/dev/respeaker_deep_audio/install'), ('ROS_DISTRO', 'humble'), ('LOGNAME', 'dev'), ('_', '/usr/bin/colcon'), ('ROS_VERSION', '2'), ('PKG_CONFIG_PATH', '/home/dev/respeaker_deep_audio/install/ei_whistle_cpp/lib/aarch64-linux-gnu/pkgconfig:/home/dev/respeaker_deep_audio/install/ei_whistle_cpp/lib/pkgconfig'), ('XDG_SESSION_CLASS', 'user'), ('TERM', 'xterm-256color'), ('XDG_SESSION_ID', '3'), ('ROS_LOCALHOST_ONLY', '0'), ('PATH', '/opt/ros/humble/bin:/home/dev/.vscode-server/cli/servers/Stable-7d842fb85a0275a4a8e4d7e040d2625abbf7f084/server/bin/remote-cli:/home/dev/.local/bin:/usr/local/sbin:/usr/local/bin:/usr/sbin:/usr/bin:/sbin:/bin:/usr/games:/usr/local/games:/snap/bin:/home/dev/.vscode-server/data/User/globalStorage/github.copilot-chat/debugCommand'), ('XDG_RUNTIME_DIR', '/run/user/1000'), ('SSL_CERT_DIR', '/usr/lib/ssl/certs'), ('LANG', 'en_US.UTF-8'), ('LS_COLORS', 'rs=0:di=01;34:ln=01;36:mh=00:pi=40;33:so=01;35:do=01;35:bd=40;33;01:cd=40;33;01:or=40;31;01:mi=00:su=37;41:sg=30;43:ca=30;41:tw=30;42:ow=34;42:st=37;44:ex=01;32:*.tar=01;31:*.tgz=01;31:*.arc=01;31:*.arj=01;31:*.taz=01;31:*.lha=01;31:*.lz4=01;31:*.lzh=01;31:*.lzma=01;31:*.tlz=01;31:*.txz=01;31:*.tzo=01;31:*.t7z=01;31:*.zip=01;31:*.z=01;31:*.dz=01;31:*.gz=01;31:*.lrz=01;31:*.lz=01;31:*.lzo=01;31:*.xz=01;31:*.zst=01;31:*.tzst=01;31:*.bz2=01;31:*.bz=01;31:*.tbz=01;31:*.tbz2=01;31:*.tz=01;31:*.deb=01;31:*.rpm=01;31:*.jar=01;31:*.war=01;31:*.ear=01;31:*.sar=01;31:*.rar=01;31:*.alz=01;31:*.ace=01;31:*.zoo=01;31:*.cpio=01;31:*.7z=01;31:*.rz=01;31:*.cab=01;31:*.wim=01;31:*.swm=01;31:*.dwm=01;31:*.esd=01;31:*.jpg=01;35:*.jpeg=01;35:*.mjpg=01;35:*.mjpeg=01;35:*.gif=01;35:*.bmp=01;35:*.pbm=01;35:*.pgm=01;35:*.ppm=01;35:*.tga=01;35:*.xbm=01;35:*.xpm=01;35:*.tif=01;35:*.tiff=01;35:*.png=01;35:*.svg=01;35:*.svgz=01;35:*.mng=01;35:*.pcx=01;35:*.mov=01;35:*.mpg=01;35:*.mpeg=01;35:*.m2v=01;35:*.mkv=01;35:*.webm=01;35:*.webp=01;35:*.ogm=01;35:*.mp4=01;35:*.m4v=01;35:*.mp4v=01;35:*.vob=01;35:*.qt=01;35:*.nuv=01;35:*.wmv=01;35:*.asf=01;35:*.rm=01;35:*.rmvb=01;35:*.flc=01;35:*.avi=01;35:*.fli=01;35:*.flv=01;35:*.gl=01;35:*.dl=01;35:*.xcf=01;35:*.xwd=01;35:*.yuv=01;35:*.cgm=01;35:*.emf=01;35:*.ogv=01;35:*.ogx=01;35:*.aac=00;36:*.au=00;36:*.flac=00;36:*.m4a=00;36:*.mid=00;36:*.midi=00;36:*.mka=00;36:*.mp3=00;36:*.mpc=00;36:*.ogg=00;36:*.ra=00;36:*.wav=00;36:*.oga=00;36:*.opus=00;36:*.spx=00;36:*.xspf=00;36:'), ('VSCODE_GIT_IPC_HANDLE', '/run/user/1000/vscode-git-5db78a076d.sock'), ('TERM_PROGRAM', 'vscode'), ('AMENT_PREFIX_PATH', '/home/dev/respeaker_deep_audio/install/ei_whistle_cpp:/opt/ros/humble'), ('SHELL', '/bin/bash'), ('LESSCLOSE', '/usr/bin/lesspipe %s %s'), ('VSCODE_GIT_ASKPASS_EXTRA_ARGS', ''), ('PWD', '/home/dev/respeaker_deep_audio/build/ei_whistle_cpp'), ('LC_ALL', 'en_US.UTF-8'), ('SSH_CONNECTION', '10.33.154.77 62536 10.33.220.113 22'), ('XDG_DATA_DIRS', '/usr/share/gnome:/usr/local/share:/usr/share:/var/lib/snapd/desktop'), ('PYTHONPATH', '/opt/ros/humble/lib/python3.10/site-packages:/opt/ros/humble/local/lib/python3.10/dist-packages'), ('COLCON', '1'), ('CMAKE_PREFIX_PATH', '/home/dev/respeaker_deep_audio/install/ei_whistle_cpp')]), 'shell': False}
[9.871169] (-) TimerEvent: {}
[9.972418] (-) TimerEvent: {}
[10.075318] (-) TimerEvent: {}
[10.107684] (ei_whistle_cpp) StderrLine: {'line': b"gmake[2]: Warning: File '/home/dev/respeaker_deep_audio/src/ei_whistle_cpp/edge-impulse-sdk/classifier/ei_run_classifier_c.cpp' has modification time 15919 s in the future\n"}
[10.146107] (ei_whistle_cpp) StdoutLine: {'line': b'[  0%] \x1b[32mBuilding CXX object CMakeFiles/whistle_node.dir/whistle_node.cpp.o\x1b[0m\n'}
[10.154294] (ei_whistle_cpp) StdoutLine: {'line': b'[  1%] \x1b[32mBuilding CXX object CMakeFiles/whistle_node.dir/edge-impulse-sdk/classifier/ei_run_classifier_c.cpp.o\x1b[0m\n'}
[10.159591] (ei_whistle_cpp) StdoutLine: {'line': b'[  1%] \x1b[32mBuilding CXX object CMakeFiles/whistle_node.dir/edge-impulse-sdk/dsp/dct/fast-dct-fft.cpp.o\x1b[0m\n'}
[10.169788] (ei_whistle_cpp) StdoutLine: {'line': b'[  2%] \x1b[32mBuilding CXX object CMakeFiles/whistle_node.dir/edge-impulse-sdk/dsp/image/processing.cpp.o\x1b[0m\n'}
[10.175541] (-) TimerEvent: {}
[10.277050] (-) TimerEvent: {}
[10.318328] (ei_whistle_cpp) StdoutLine: {'line': b'[  3%] \x1b[32mBuilding CXX object CMakeFiles/whistle_node.dir/edge-impulse-sdk/dsp/kissfft/kiss_fft.cpp.o\x1b[0m\n'}
[10.325504] (ei_whistle_cpp) StdoutLine: {'line': b'[  3%] \x1b[32mBuilding CXX object CMakeFiles/whistle_node.dir/edge-impulse-sdk/dsp/kissfft/kiss_fftr.cpp.o\x1b[0m\n'}
[10.377278] (-) TimerEvent: {}
[10.478925] (-) TimerEvent: {}
[10.580417] (-) TimerEvent: {}
[10.657290] (ei_whistle_cpp) StdoutLine: {'line': b'[  4%] \x1b[32mBuilding CXX object CMakeFiles/whistle_node.dir/edge-impulse-sdk/dsp/memory.cpp.o\x1b[0m\n'}
[10.680691] (-) TimerEvent: {}
[10.782300] (-) TimerEvent: {}
[10.885126] (-) TimerEvent: {}
[10.986082] (-) TimerEvent: {}
[11.088035] (-) TimerEvent: {}
[11.189796] (-) TimerEvent: {}
[11.291578] (-) TimerEvent: {}
[11.393529] (-) TimerEvent: {}
[11.495626] (-) TimerEvent: {}
[11.597633] (-) TimerEvent: {}
[11.699476] (-) TimerEvent: {}
[11.742837] (ei_whistle_cpp) StdoutLine: {'line': b'[  4%] \x1b[32mBuilding CXX object CMakeFiles/whistle_node.dir/edge-impulse-sdk/porting/posix/debug_log.cpp.o\x1b[0m\n'}
[11.793152] (ei_whistle_cpp) StdoutLine: {'line': b'[  5%] \x1b[32mBuilding CXX object CMakeFiles/whistle_node.dir/edge-impulse-sdk/porting/posix/ei_classifier_porting.cpp.o\x1b[0m\n'}
[11.799772] (-) TimerEvent: {}
[11.901764] (-) TimerEvent: {}
[12.003340] (-) TimerEvent: {}
[12.105271] (-) TimerEvent: {}
[12.172739] (ei_whistle_cpp) StdoutLine: {'line': b'[  6%] \x1b[32mBuilding C object CMakeFiles/whistle_node.dir/edge-impulse-sdk/tensorflow/lite/c/common.c.o\x1b[0m\n'}
[12.205620] (-) TimerEvent: {}
[12.307302] (-) TimerEvent: {}
[12.362050] (ei_whistle_cpp) StdoutLine: {'line': b'[  6%] \x1b[32mBuilding CXX object CMakeFiles/whistle_node.dir/edge-impulse-sdk/tensorflow/lite/core/api/common.cc.o\x1b[0m\n'}
[12.407575] (-) TimerEvent: {}
[12.509306] (-) TimerEvent: {}
[12.610951] (-) TimerEvent: {}
[12.712555] (-) TimerEvent: {}
[12.814187] (-) TimerEvent: {}
[12.915690] (-) TimerEvent: {}
[12.919878] (ei_whistle_cpp) StdoutLine: {'line': b'[  7%] \x1b[32mBuilding CXX object CMakeFiles/whistle_node.dir/edge-impulse-sdk/tensorflow/lite/core/api/error_reporter.cc.o\x1b[0m\n'}
[12.961138] (ei_whistle_cpp) StdoutLine: {'line': b'[  7%] \x1b[32mBuilding CXX object CMakeFiles/whistle_node.dir/edge-impulse-sdk/tensorflow/lite/core/api/flatbuffer_conversions.cc.o\x1b[0m\n'}
[13.015973] (-) TimerEvent: {}
[13.117503] (-) TimerEvent: {}
[13.170538] (ei_whistle_cpp) StdoutLine: {'line': b'[  8%] \x1b[32mBuilding CXX object CMakeFiles/whistle_node.dir/edge-impulse-sdk/tensorflow/lite/core/api/op_resolver.cc.o\x1b[0m\n'}
[13.217810] (-) TimerEvent: {}
[13.225168] (ei_whistle_cpp) StdoutLine: {'line': b'[  9%] \x1b[32mBuilding CXX object CMakeFiles/whistle_node.dir/edge-impulse-sdk/tensorflow/lite/core/api/tensor_utils.cc.o\x1b[0m\n'}
[13.318036] (-) TimerEvent: {}
[13.419028] (-) TimerEvent: {}
[13.519514] (ei_whistle_cpp) StdoutLine: {'line': b'[  9%] \x1b[32mBuilding CXX object CMakeFiles/whistle_node.dir/edge-impulse-sdk/tensorflow/lite/kernels/custom/tree_ensemble_classifier.cc.o\x1b[0m\n'}
[13.520324] (-) TimerEvent: {}
[13.622359] (-) TimerEvent: {}
[13.724131] (-) TimerEvent: {}
[13.825906] (-) TimerEvent: {}
[13.928075] (-) TimerEvent: {}
[14.030068] (-) TimerEvent: {}
[14.131916] (-) TimerEvent: {}
[14.233741] (-) TimerEvent: {}
[14.335587] (-) TimerEvent: {}
[14.451400] (-) TimerEvent: {}
[14.552576] (-) TimerEvent: {}
[14.656718] (-) TimerEvent: {}
[14.760821] (-) TimerEvent: {}
[14.872668] (-) TimerEvent: {}
[14.980696] (-) TimerEvent: {}
[15.084679] (-) TimerEvent: {}
[15.192684] (-) TimerEvent: {}
[15.296658] (-) TimerEvent: {}
[15.400716] (-) TimerEvent: {}
[15.504711] (-) TimerEvent: {}
[15.608744] (-) TimerEvent: {}
[15.716666] (-) TimerEvent: {}
[15.820715] (-) TimerEvent: {}
[15.922354] (-) TimerEvent: {}
[16.024675] (-) TimerEvent: {}
[16.126415] (-) TimerEvent: {}
[16.228691] (-) TimerEvent: {}
[16.332778] (-) TimerEvent: {}
[16.436756] (-) TimerEvent: {}
[16.538102] (-) TimerEvent: {}
[16.639455] (-) TimerEvent: {}
[16.740834] (-) TimerEvent: {}
[16.842089] (-) TimerEvent: {}
[16.943186] (-) TimerEvent: {}
[17.044539] (-) TimerEvent: {}
[17.145841] (-) TimerEvent: {}
[17.247024] (-) TimerEvent: {}
[17.348224] (-) TimerEvent: {}
[17.464931] (-) TimerEvent: {}
[17.566789] (-) TimerEvent: {}
[17.668899] (-) TimerEvent: {}
[17.771140] (-) TimerEvent: {}
[17.873328] (-) TimerEvent: {}
[17.975658] (-) TimerEvent: {}
[18.077766] (-) TimerEvent: {}
[18.178799] (-) TimerEvent: {}
[18.272941] (ei_whistle_cpp) StdoutLine: {'line': b'[ 10%] \x1b[32mBuilding CXX object CMakeFiles/whistle_node.dir/edge-impulse-sdk/tensorflow/lite/kernels/internal/portable_tensor_utils.cc.o\x1b[0m\n'}
[18.279092] (-) TimerEvent: {}
[18.380329] (-) TimerEvent: {}
[18.481761] (-) TimerEvent: {}
[18.582817] (-) TimerEvent: {}
[18.684000] (-) TimerEvent: {}
[18.785070] (-) TimerEvent: {}
[18.886089] (-) TimerEvent: {}
[18.987163] (-) TimerEvent: {}
[19.088507] (-) TimerEvent: {}
[19.189734] (-) TimerEvent: {}
[19.290889] (-) TimerEvent: {}
[19.392200] (-) TimerEvent: {}
[19.493525] (-) TimerEvent: {}
[19.594757] (-) TimerEvent: {}
[19.695832] (-) TimerEvent: {}
[19.796948] (-) TimerEvent: {}
[19.899060] (-) TimerEvent: {}
[20.004705] (-) TimerEvent: {}
[20.108662] (-) TimerEvent: {}
[20.209829] (-) TimerEvent: {}
[20.312672] (-) TimerEvent: {}
[20.416918] (-) TimerEvent: {}
[20.528669] (-) TimerEvent: {}
[20.545257] (ei_whistle_cpp) StdoutLine: {'line': b'[ 10%] \x1b[32mBuilding CXX object CMakeFiles/whistle_node.dir/edge-impulse-sdk/tensorflow/lite/kernels/internal/quantization_util.cc.o\x1b[0m\n'}
[20.628995] (-) TimerEvent: {}
[20.731618] (-) TimerEvent: {}
[20.834153] (-) TimerEvent: {}
[20.936120] (-) TimerEvent: {}
[21.038521] (-) TimerEvent: {}
[21.141027] (-) TimerEvent: {}
[21.180128] (ei_whistle_cpp) StdoutLine: {'line': b'[ 11%] \x1b[32mBuilding CXX object CMakeFiles/whistle_node.dir/edge-impulse-sdk/tensorflow/lite/kernels/internal/reference_portable_tensor_utils.cc.o\x1b[0m\n'}
[21.248692] (-) TimerEvent: {}
[21.349840] (-) TimerEvent: {}
[21.452662] (-) TimerEvent: {}
[21.553580] (-) TimerEvent: {}
[21.672681] (-) TimerEvent: {}
[21.773852] (-) TimerEvent: {}
[21.875008] (-) TimerEvent: {}
[21.977169] (-) TimerEvent: {}
[22.079059] (-) TimerEvent: {}
[22.181340] (-) TimerEvent: {}
[22.283344] (-) TimerEvent: {}
[22.385527] (-) TimerEvent: {}
[22.487649] (-) TimerEvent: {}
[22.588851] (-) TimerEvent: {}
[22.689964] (-) TimerEvent: {}
[22.790994] (-) TimerEvent: {}
[22.892097] (-) TimerEvent: {}
[22.993465] (-) TimerEvent: {}
[23.094607] (-) TimerEvent: {}
[23.195740] (-) TimerEvent: {}
[23.297310] (-) TimerEvent: {}
[23.398458] (-) TimerEvent: {}
[23.499662] (-) TimerEvent: {}
[23.600948] (-) TimerEvent: {}
[23.702224] (-) TimerEvent: {}
[23.737617] (ei_whistle_cpp) StdoutLine: {'line': b'[ 12%] \x1b[32mBuilding CXX object CMakeFiles/whistle_node.dir/edge-impulse-sdk/tensorflow/lite/kernels/internal/tensor_utils.cc.o\x1b[0m\n'}
[23.802772] (-) TimerEvent: {}
[23.905177] (-) TimerEvent: {}
[24.007102] (-) TimerEvent: {}
[24.109046] (-) TimerEvent: {}
[24.210108] (-) TimerEvent: {}
[24.311366] (-) TimerEvent: {}
[24.412633] (-) TimerEvent: {}
[24.514551] (-) TimerEvent: {}
[24.616557] (-) TimerEvent: {}
[24.721031] (-) TimerEvent: {}
[24.823167] (-) TimerEvent: {}
[24.926354] (-) TimerEvent: {}
[25.027592] (-) TimerEvent: {}
[25.130203] (-) TimerEvent: {}
[25.231387] (-) TimerEvent: {}
[25.336686] (-) TimerEvent: {}
[25.438267] (-) TimerEvent: {}
[25.546565] (-) TimerEvent: {}
[25.650643] (-) TimerEvent: {}
[25.752617] (-) TimerEvent: {}
[25.854539] (-) TimerEvent: {}
[25.956521] (-) TimerEvent: {}
[26.058810] (-) TimerEvent: {}
[26.160675] (-) TimerEvent: {}
[26.262612] (-) TimerEvent: {}
[26.364680] (-) TimerEvent: {}
[26.465900] (-) TimerEvent: {}
[26.567158] (-) TimerEvent: {}
[26.653938] (ei_whistle_cpp) StdoutLine: {'line': b'[ 12%] \x1b[32mBuilding CXX object CMakeFiles/whistle_node.dir/edge-impulse-sdk/tensorflow/lite/kernels/kernel_util_lite.cc.o\x1b[0m\n'}
[26.667438] (-) TimerEvent: {}
[26.769431] (-) TimerEvent: {}
[26.871323] (-) TimerEvent: {}
[26.973247] (-) TimerEvent: {}
[27.075245] (-) TimerEvent: {}
[27.178043] (-) TimerEvent: {}
[27.280067] (-) TimerEvent: {}
[27.387996] (-) TimerEvent: {}
[27.490361] (-) TimerEvent: {}
[27.614928] (-) TimerEvent: {}
[27.717298] (-) TimerEvent: {}
[27.821201] (-) TimerEvent: {}
[27.932724] (-) TimerEvent: {}
[28.041896] (-) TimerEvent: {}
[28.148955] (-) TimerEvent: {}
[28.250053] (-) TimerEvent: {}
[28.356677] (-) TimerEvent: {}
[28.457935] (-) TimerEvent: {}
[28.560371] (-) TimerEvent: {}
[28.667789] (-) TimerEvent: {}
[28.769638] (-) TimerEvent: {}
[28.871029] (-) TimerEvent: {}
[28.972232] (-) TimerEvent: {}
[29.073493] (-) TimerEvent: {}
[29.174841] (-) TimerEvent: {}
[29.276073] (-) TimerEvent: {}
[29.294730] (ei_whistle_cpp) StdoutLine: {'line': b'[ 13%] \x1b[32mBuilding CXX object CMakeFiles/whistle_node.dir/edge-impulse-sdk/tensorflow/lite/micro/all_ops_resolver.cc.o\x1b[0m\n'}
[29.376381] (-) TimerEvent: {}
[29.477457] (-) TimerEvent: {}
[29.578621] (-) TimerEvent: {}
[29.679709] (-) TimerEvent: {}
[29.780779] (-) TimerEvent: {}
[29.885765] (-) TimerEvent: {}
[29.986815] (-) TimerEvent: {}
[30.087812] (-) TimerEvent: {}
[30.188742] (-) TimerEvent: {}
[30.289765] (-) TimerEvent: {}
[30.390810] (-) TimerEvent: {}
[30.491773] (-) TimerEvent: {}
[30.592851] (-) TimerEvent: {}
[30.693950] (-) TimerEvent: {}
[30.795019] (-) TimerEvent: {}
[30.896055] (-) TimerEvent: {}
[30.998113] (-) TimerEvent: {}
[31.099255] (-) TimerEvent: {}
[31.200400] (-) TimerEvent: {}
[31.301812] (-) TimerEvent: {}
[31.404680] (-) TimerEvent: {}
[31.508699] (-) TimerEvent: {}
[31.612739] (-) TimerEvent: {}
[31.716667] (-) TimerEvent: {}
[31.820669] (-) TimerEvent: {}
[31.924696] (-) TimerEvent: {}
[32.036679] (-) TimerEvent: {}
[32.140697] (-) TimerEvent: {}
[32.241921] (-) TimerEvent: {}
[32.344659] (-) TimerEvent: {}
[32.448675] (-) TimerEvent: {}
[32.552765] (-) TimerEvent: {}
[32.665984] (-) TimerEvent: {}
[32.767018] (-) TimerEvent: {}
[32.868617] (-) TimerEvent: {}
[32.969636] (-) TimerEvent: {}
[33.070775] (-) TimerEvent: {}
[33.171829] (-) TimerEvent: {}
[33.272985] (-) TimerEvent: {}
[33.291737] (ei_whistle_cpp) StdoutLine: {'line': b'[ 13%] \x1b[32mBuilding CXX object CMakeFiles/whistle_node.dir/edge-impulse-sdk/tensorflow/lite/micro/fake_micro_context.cc.o\x1b[0m\n'}
[33.373212] (-) TimerEvent: {}
[33.474224] (-) TimerEvent: {}
[33.575249] (-) TimerEvent: {}
[33.676578] (-) TimerEvent: {}
[33.777465] (-) TimerEvent: {}
[33.878358] (-) TimerEvent: {}
[33.979265] (-) TimerEvent: {}
[34.080197] (-) TimerEvent: {}
[34.181164] (-) TimerEvent: {}
[34.282248] (-) TimerEvent: {}
[34.383480] (-) TimerEvent: {}
[34.485403] (-) TimerEvent: {}
[34.587761] (-) TimerEvent: {}
[34.689751] (-) TimerEvent: {}
[34.791734] (-) TimerEvent: {}
[34.894320] (-) TimerEvent: {}
[34.995462] (-) TimerEvent: {}
[35.097435] (-) TimerEvent: {}
[35.199447] (-) TimerEvent: {}
[35.300609] (-) TimerEvent: {}
[35.401628] (-) TimerEvent: {}
[35.502743] (-) TimerEvent: {}
[35.604065] (-) TimerEvent: {}
[35.705262] (-) TimerEvent: {}
[35.806434] (-) TimerEvent: {}
[35.907677] (-) TimerEvent: {}
[36.008866] (-) TimerEvent: {}
[36.110771] (-) TimerEvent: {}
[36.212696] (-) TimerEvent: {}
[36.313969] (-) TimerEvent: {}
[36.415193] (-) TimerEvent: {}
[36.516421] (-) TimerEvent: {}
[36.617466] (-) TimerEvent: {}
[36.718514] (-) TimerEvent: {}
[36.819556] (-) TimerEvent: {}
[36.920682] (-) TimerEvent: {}
[37.021711] (-) TimerEvent: {}
[37.122801] (-) TimerEvent: {}
[37.223974] (-) TimerEvent: {}
[37.325290] (-) TimerEvent: {}
[37.426429] (-) TimerEvent: {}
[37.527491] (-) TimerEvent: {}
[37.628553] (-) TimerEvent: {}
[37.738649] (-) TimerEvent: {}
[37.840100] (-) TimerEvent: {}
[37.941625] (-) TimerEvent: {}
[38.043082] (-) TimerEvent: {}
[38.144167] (-) TimerEvent: {}
[38.245334] (-) TimerEvent: {}
[38.346460] (-) TimerEvent: {}
[38.447573] (-) TimerEvent: {}
[38.549295] (-) TimerEvent: {}
[38.650815] (-) TimerEvent: {}
[38.752299] (-) TimerEvent: {}
[38.854677] (-) TimerEvent: {}
[38.955936] (-) TimerEvent: {}
[38.980012] (ei_whistle_cpp) StdoutLine: {'line': b'[ 14%] \x1b[32mBuilding CXX object CMakeFiles/whistle_node.dir/edge-impulse-sdk/tensorflow/lite/micro/flatbuffer_conversions_bridge.cc.o\x1b[0m\n'}
[39.056276] (-) TimerEvent: {}
[39.158427] (-) TimerEvent: {}
[39.259636] (-) TimerEvent: {}
[39.311534] (ei_whistle_cpp) StdoutLine: {'line': b'[ 15%] \x1b[32mBuilding CXX object CMakeFiles/whistle_node.dir/edge-impulse-sdk/tensorflow/lite/micro/flatbuffer_utils.cc.o\x1b[0m\n'}
[39.359919] (-) TimerEvent: {}
[39.461190] (-) TimerEvent: {}
[39.562318] (-) TimerEvent: {}
[39.663911] (-) TimerEvent: {}
[39.767157] (-) TimerEvent: {}
[39.868372] (-) TimerEvent: {}
[39.971015] (-) TimerEvent: {}
[40.073360] (-) TimerEvent: {}
[40.175131] (-) TimerEvent: {}
[40.277389] (-) TimerEvent: {}
[40.378423] (-) TimerEvent: {}
[40.479553] (-) TimerEvent: {}
[40.580737] (-) TimerEvent: {}
[40.682068] (-) TimerEvent: {}
[40.783245] (-) TimerEvent: {}
[40.884542] (-) TimerEvent: {}
[40.990049] (-) TimerEvent: {}
[41.096903] (-) TimerEvent: {}
[41.199303] (-) TimerEvent: {}
[41.300744] (-) TimerEvent: {}
[41.403577] (-) TimerEvent: {}
[41.505347] (-) TimerEvent: {}
[41.606694] (-) TimerEvent: {}
[41.707840] (-) TimerEvent: {}
[41.808960] (-) TimerEvent: {}
[41.910334] (-) TimerEvent: {}
[42.011589] (-) TimerEvent: {}
[42.112726] (-) TimerEvent: {}
[42.213968] (-) TimerEvent: {}
[42.315104] (-) TimerEvent: {}
[42.416243] (-) TimerEvent: {}
[42.518815] (-) TimerEvent: {}
[42.621372] (-) TimerEvent: {}
[42.723162] (-) TimerEvent: {}
[42.824515] (-) TimerEvent: {}
[42.925648] (-) TimerEvent: {}
[43.027254] (-) TimerEvent: {}
[43.128613] (-) TimerEvent: {}
[43.229877] (-) TimerEvent: {}
[43.332011] (-) TimerEvent: {}
[43.433150] (-) TimerEvent: {}
[43.534397] (-) TimerEvent: {}
[43.637478] (-) TimerEvent: {}
[43.739600] (-) TimerEvent: {}
[43.842218] (-) TimerEvent: {}
[43.945039] (-) TimerEvent: {}
[44.048010] (-) TimerEvent: {}
[44.150685] (-) TimerEvent: {}
[44.253967] (-) TimerEvent: {}
[44.355840] (-) TimerEvent: {}
[44.388056] (ei_whistle_cpp) StdoutLine: {'line': b'[ 15%] \x1b[32mBuilding CXX object CMakeFiles/whistle_node.dir/edge-impulse-sdk/tensorflow/lite/micro/kernels/activations.cc.o\x1b[0m\n'}
[44.456108] (-) TimerEvent: {}
[44.557996] (-) TimerEvent: {}
[44.661171] (-) TimerEvent: {}
[44.767845] (-) TimerEvent: {}
[44.870534] (-) TimerEvent: {}
[44.975025] (-) TimerEvent: {}
[45.077151] (-) TimerEvent: {}
[45.179459] (-) TimerEvent: {}
[45.282196] (-) TimerEvent: {}
[45.294240] (ei_whistle_cpp) StdoutLine: {'line': b'[ 16%] \x1b[32mBuilding CXX object CMakeFiles/whistle_node.dir/edge-impulse-sdk/tensorflow/lite/micro/kernels/activations_common.cc.o\x1b[0m\n'}
[45.382513] (-) TimerEvent: {}
[45.483524] (-) TimerEvent: {}
[45.584408] (-) TimerEvent: {}
[45.685388] (-) TimerEvent: {}
[45.786581] (-) TimerEvent: {}
[45.887966] (-) TimerEvent: {}
[45.989097] (-) TimerEvent: {}
[46.090207] (-) TimerEvent: {}
[46.192220] (-) TimerEvent: {}
[46.293362] (-) TimerEvent: {}
[46.394516] (-) TimerEvent: {}
[46.496739] (-) TimerEvent: {}
[46.598543] (-) TimerEvent: {}
[46.704713] (-) TimerEvent: {}
[46.805733] (-) TimerEvent: {}
[46.916712] (-) TimerEvent: {}
[47.028702] (-) TimerEvent: {}
[47.132677] (-) TimerEvent: {}
[47.236720] (-) TimerEvent: {}
[47.340680] (-) TimerEvent: {}
[47.442245] (-) TimerEvent: {}
[47.544356] (-) TimerEvent: {}
[47.646453] (-) TimerEvent: {}
[47.762231] (-) TimerEvent: {}
[47.863390] (-) TimerEvent: {}
[47.964542] (-) TimerEvent: {}
[48.065642] (-) TimerEvent: {}
[48.167691] (-) TimerEvent: {}
[48.269689] (-) TimerEvent: {}
[48.371555] (-) TimerEvent: {}
[48.473583] (-) TimerEvent: {}
[48.575470] (-) TimerEvent: {}
[48.677740] (-) TimerEvent: {}
[48.778727] (-) TimerEvent: {}
[48.879806] (-) TimerEvent: {}
[48.980917] (-) TimerEvent: {}
[49.082198] (-) TimerEvent: {}
[49.183349] (-) TimerEvent: {}
[49.284563] (-) TimerEvent: {}
[49.385702] (-) TimerEvent: {}
[49.486835] (-) TimerEvent: {}
[49.588016] (-) TimerEvent: {}
[49.689162] (-) TimerEvent: {}
[49.790241] (-) TimerEvent: {}
[49.892177] (-) TimerEvent: {}
[49.994576] (-) TimerEvent: {}
[50.098538] (-) TimerEvent: {}
[50.200575] (-) TimerEvent: {}
[50.302912] (-) TimerEvent: {}
[50.405391] (-) TimerEvent: {}
[50.507440] (-) TimerEvent: {}
[50.608692] (-) TimerEvent: {}
[50.709852] (-) TimerEvent: {}
[50.811095] (-) TimerEvent: {}
[50.912305] (-) TimerEvent: {}
[51.013558] (-) TimerEvent: {}
[51.114915] (-) TimerEvent: {}
[51.217002] (-) TimerEvent: {}
[51.318339] (-) TimerEvent: {}
[51.420352] (-) TimerEvent: {}
[51.522545] (-) TimerEvent: {}
[51.624859] (-) TimerEvent: {}
[51.726903] (-) TimerEvent: {}
[51.828965] (-) TimerEvent: {}
[51.931061] (-) TimerEvent: {}
[52.032193] (-) TimerEvent: {}
[52.133414] (-) TimerEvent: {}
[52.234634] (-) TimerEvent: {}
[52.335869] (-) TimerEvent: {}
[52.437086] (-) TimerEvent: {}
[52.538364] (-) TimerEvent: {}
[52.639695] (-) TimerEvent: {}
[52.740887] (-) TimerEvent: {}
[52.846868] (-) TimerEvent: {}
[52.948139] (-) TimerEvent: {}
[53.051942] (-) TimerEvent: {}
[53.155965] (-) TimerEvent: {}
[53.259769] (-) TimerEvent: {}
[53.373679] (-) TimerEvent: {}
[53.476671] (-) TimerEvent: {}
[53.518579] (ei_whistle_cpp) StdoutLine: {'line': b'[ 16%] \x1b[32mBuilding CXX object CMakeFiles/whistle_node.dir/edge-impulse-sdk/tensorflow/lite/micro/kernels/add.cc.o\x1b[0m\n'}
[53.540119] (ei_whistle_cpp) StdoutLine: {'line': b'[ 17%] \x1b[32mBuilding CXX object CMakeFiles/whistle_node.dir/edge-impulse-sdk/tensorflow/lite/micro/kernels/add_common.cc.o\x1b[0m\n'}
[53.576939] (-) TimerEvent: {}
[53.679146] (-) TimerEvent: {}
[53.781087] (-) TimerEvent: {}
[53.882870] (-) TimerEvent: {}
[53.984708] (-) TimerEvent: {}
[54.085997] (-) TimerEvent: {}
[54.187232] (-) TimerEvent: {}
[54.289553] (-) TimerEvent: {}
[54.391298] (-) TimerEvent: {}
[54.493132] (-) TimerEvent: {}
[54.595801] (-) TimerEvent: {}
[54.704680] (-) TimerEvent: {}
[54.805811] (-) TimerEvent: {}
[54.907901] (-) TimerEvent: {}
[55.010010] (-) TimerEvent: {}
[55.111794] (-) TimerEvent: {}
[55.213683] (-) TimerEvent: {}
[55.315346] (-) TimerEvent: {}
[55.417352] (-) TimerEvent: {}
[55.519344] (-) TimerEvent: {}
[55.621394] (-) TimerEvent: {}
[55.723510] (-) TimerEvent: {}
[55.825579] (-) TimerEvent: {}
[55.927770] (-) TimerEvent: {}
[56.029814] (-) TimerEvent: {}
[56.132055] (-) TimerEvent: {}
[56.234056] (-) TimerEvent: {}
[56.336150] (-) TimerEvent: {}
[56.438081] (-) TimerEvent: {}
[56.540145] (-) TimerEvent: {}
[56.647128] (-) TimerEvent: {}
[56.749278] (-) TimerEvent: {}
[56.853330] (-) TimerEvent: {}
[56.955628] (-) TimerEvent: {}
[57.057674] (-) TimerEvent: {}
[57.158803] (-) TimerEvent: {}
[57.259843] (-) TimerEvent: {}
[57.360889] (-) TimerEvent: {}
[57.461982] (-) TimerEvent: {}
[57.564732] (-) TimerEvent: {}
[57.672705] (-) TimerEvent: {}
[57.776686] (-) TimerEvent: {}
[57.878860] (-) TimerEvent: {}
[57.980915] (-) TimerEvent: {}
[58.082820] (-) TimerEvent: {}
[58.183857] (-) TimerEvent: {}
[58.284901] (-) TimerEvent: {}
[58.385945] (-) TimerEvent: {}
[58.486961] (-) TimerEvent: {}
[58.587958] (-) TimerEvent: {}
[58.688978] (-) TimerEvent: {}
[58.790040] (-) TimerEvent: {}
[58.891200] (-) TimerEvent: {}
[58.992372] (-) TimerEvent: {}
[59.093616] (-) TimerEvent: {}
[59.194735] (-) TimerEvent: {}
[59.295845] (-) TimerEvent: {}
[59.397765] (-) TimerEvent: {}
[59.499793] (-) TimerEvent: {}
[59.602254] (-) TimerEvent: {}
[59.704330] (-) TimerEvent: {}
[59.813041] (-) TimerEvent: {}
[59.914234] (-) TimerEvent: {}
[60.015594] (-) TimerEvent: {}
[60.118040] (-) TimerEvent: {}
[60.221021] (-) TimerEvent: {}
[60.323438] (-) TimerEvent: {}
[60.425307] (-) TimerEvent: {}
[60.527295] (-) TimerEvent: {}
[60.629390] (-) TimerEvent: {}
[60.732527] (-) TimerEvent: {}
[60.833958] (-) TimerEvent: {}
[60.940694] (-) TimerEvent: {}
[61.042756] (-) TimerEvent: {}
[61.148736] (-) TimerEvent: {}
[61.251474] (-) TimerEvent: {}
[61.352793] (-) TimerEvent: {}
[61.455087] (-) TimerEvent: {}
[61.558570] (-) TimerEvent: {}
[61.662053] (-) TimerEvent: {}
[61.764323] (-) TimerEvent: {}
[61.867190] (-) TimerEvent: {}
[61.969872] (-) TimerEvent: {}
[62.072945] (-) TimerEvent: {}
[62.176748] (-) TimerEvent: {}
[62.279940] (-) TimerEvent: {}
[62.382344] (-) TimerEvent: {}
[62.484881] (-) TimerEvent: {}
[62.587015] (-) TimerEvent: {}
[62.604530] (ei_whistle_cpp) StdoutLine: {'line': b'[ 18%] \x1b[32mBuilding CXX object CMakeFiles/whistle_node.dir/edge-impulse-sdk/tensorflow/lite/micro/kernels/add_n.cc.o\x1b[0m\n'}
[62.687277] (-) TimerEvent: {}
[62.796663] (-) TimerEvent: {}
[62.900660] (-) TimerEvent: {}
[63.008673] (-) TimerEvent: {}
[63.112938] (-) TimerEvent: {}
[63.216064] (-) TimerEvent: {}
[63.318664] (-) TimerEvent: {}
[63.420890] (-) TimerEvent: {}
[63.523214] (-) TimerEvent: {}
[63.625313] (-) TimerEvent: {}
[63.727949] (-) TimerEvent: {}
[63.831402] (-) TimerEvent: {}
[63.933931] (-) TimerEvent: {}
[64.035598] (-) TimerEvent: {}
[64.137968] (-) TimerEvent: {}
[64.240427] (-) TimerEvent: {}
[64.344323] (-) TimerEvent: {}
[64.448086] (-) TimerEvent: {}
[64.550378] (-) TimerEvent: {}
[64.653099] (-) TimerEvent: {}
[64.755655] (-) TimerEvent: {}
[64.856834] (-) TimerEvent: {}
[64.957924] (-) TimerEvent: {}
[65.060283] (-) TimerEvent: {}
[65.162497] (-) TimerEvent: {}
[65.264639] (-) TimerEvent: {}
[65.366815] (-) TimerEvent: {}
[65.469572] (-) TimerEvent: {}
[65.572171] (-) TimerEvent: {}
[65.675008] (-) TimerEvent: {}
[65.777431] (-) TimerEvent: {}
[65.879643] (-) TimerEvent: {}
[65.981324] (-) TimerEvent: {}
[66.082564] (-) TimerEvent: {}
[66.184239] (-) TimerEvent: {}
[66.285581] (-) TimerEvent: {}
[66.386739] (-) TimerEvent: {}
[66.487805] (-) TimerEvent: {}
[66.589071] (-) TimerEvent: {}
[66.690788] (-) TimerEvent: {}
[66.792204] (-) TimerEvent: {}
[66.893612] (-) TimerEvent: {}
[66.995010] (-) TimerEvent: {}
[67.096732] (-) TimerEvent: {}
[67.199417] (-) TimerEvent: {}
[67.300707] (-) TimerEvent: {}
[67.402052] (-) TimerEvent: {}
[67.504285] (-) TimerEvent: {}
[67.607414] (-) TimerEvent: {}
[67.710122] (-) TimerEvent: {}
[67.813448] (-) TimerEvent: {}
[67.916502] (-) TimerEvent: {}
[68.020154] (-) TimerEvent: {}
[68.126418] (-) TimerEvent: {}
[68.228700] (-) TimerEvent: {}
[68.331386] (-) TimerEvent: {}
[68.434180] (-) TimerEvent: {}
[68.539846] (-) TimerEvent: {}
[68.643276] (-) TimerEvent: {}
[68.746616] (-) TimerEvent: {}
[68.848221] (-) TimerEvent: {}
[68.950704] (-) TimerEvent: {}
[69.052854] (-) TimerEvent: {}
[69.161137] (-) TimerEvent: {}
[69.275130] (-) TimerEvent: {}
[69.376747] (-) TimerEvent: {}
[69.477964] (-) TimerEvent: {}
[69.579428] (-) TimerEvent: {}
[69.681034] (-) TimerEvent: {}
[69.782477] (-) TimerEvent: {}
[69.883716] (-) TimerEvent: {}
[69.985030] (-) TimerEvent: {}
[70.087164] (-) TimerEvent: {}
[70.189441] (-) TimerEvent: {}
[70.291601] (-) TimerEvent: {}
[70.414828] (-) TimerEvent: {}
[70.519040] (-) TimerEvent: {}
[70.620771] (-) TimerEvent: {}
[70.724261] (-) TimerEvent: {}
[70.826839] (-) TimerEvent: {}
[70.929300] (-) TimerEvent: {}
[71.031804] (-) TimerEvent: {}
[71.140265] (-) TimerEvent: {}
[71.243152] (-) TimerEvent: {}
[71.345650] (-) TimerEvent: {}
[71.451143] (-) TimerEvent: {}
[71.553834] (-) TimerEvent: {}
[71.655959] (-) TimerEvent: {}
[71.758221] (-) TimerEvent: {}
[71.860653] (-) TimerEvent: {}
[71.962524] (-) TimerEvent: {}
[72.064795] (-) TimerEvent: {}
[72.166854] (-) TimerEvent: {}
[72.269738] (-) TimerEvent: {}
[72.372353] (-) TimerEvent: {}
[72.474086] (-) TimerEvent: {}
[72.575284] (-) TimerEvent: {}
[72.676542] (-) TimerEvent: {}
[72.777794] (-) TimerEvent: {}
[72.878938] (-) TimerEvent: {}
[72.983345] (-) TimerEvent: {}
[73.088397] (-) TimerEvent: {}
[73.191962] (-) TimerEvent: {}
[73.295176] (-) TimerEvent: {}
[73.398697] (-) TimerEvent: {}
[73.502551] (-) TimerEvent: {}
[73.605978] (-) TimerEvent: {}
[73.708769] (ei_whistle_cpp) StdoutLine: {'line': b'[ 18%] \x1b[32mBuilding CXX object CMakeFiles/whistle_node.dir/edge-impulse-sdk/tensorflow/lite/micro/kernels/arg_min_max.cc.o\x1b[0m\n'}
[73.719052] (-) TimerEvent: {}
[73.820907] (-) TimerEvent: {}
[73.928810] (-) TimerEvent: {}
[74.032733] (-) TimerEvent: {}
[74.136666] (-) TimerEvent: {}
[74.240824] (-) TimerEvent: {}
[74.343021] (-) TimerEvent: {}
[74.444736] (-) TimerEvent: {}
[74.546436] (-) TimerEvent: {}
[74.648274] (-) TimerEvent: {}
[74.757061] (-) TimerEvent: {}
[74.860927] (-) TimerEvent: {}
[74.963937] (-) TimerEvent: {}
[75.065680] (-) TimerEvent: {}
[75.167547] (-) TimerEvent: {}
[75.269447] (-) TimerEvent: {}
[75.371306] (-) TimerEvent: {}
[75.473192] (-) TimerEvent: {}
[75.575300] (-) TimerEvent: {}
[75.677712] (-) TimerEvent: {}
[75.779587] (-) TimerEvent: {}
[75.881713] (-) TimerEvent: {}
[75.983793] (-) TimerEvent: {}
[76.087827] (-) TimerEvent: {}
[76.190894] (-) TimerEvent: {}
[76.292843] (-) TimerEvent: {}
[76.394073] (-) TimerEvent: {}
[76.495390] (-) TimerEvent: {}
[76.597743] (-) TimerEvent: {}
[76.699580] (-) TimerEvent: {}
[76.801532] (-) TimerEvent: {}
[76.903399] (-) TimerEvent: {}
[77.005554] (-) TimerEvent: {}
[77.107990] (-) TimerEvent: {}
[77.210407] (-) TimerEvent: {}
[77.312670] (-) TimerEvent: {}
[77.414550] (-) TimerEvent: {}
[77.516866] (-) TimerEvent: {}
[77.619279] (-) TimerEvent: {}
[77.721915] (-) TimerEvent: {}
[77.832674] (-) TimerEvent: {}
[77.934591] (-) TimerEvent: {}
[78.036354] (-) TimerEvent: {}
[78.146510] (-) TimerEvent: {}
[78.247971] (-) TimerEvent: {}
[78.360830] (-) TimerEvent: {}
[78.472683] (-) TimerEvent: {}
[78.576711] (-) TimerEvent: {}
[78.680690] (-) TimerEvent: {}
[78.781964] (-) TimerEvent: {}
[78.890485] (-) TimerEvent: {}
[78.992698] (-) TimerEvent: {}
[79.094338] (-) TimerEvent: {}
[79.196706] (-) TimerEvent: {}
[79.300752] (-) TimerEvent: {}
[79.404687] (-) TimerEvent: {}
[79.508673] (-) TimerEvent: {}
[79.612677] (-) TimerEvent: {}
[79.716665] (-) TimerEvent: {}
[79.822725] (ei_whistle_cpp) StdoutLine: {'line': b'[ 19%] \x1b[32mBuilding CXX object CMakeFiles/whistle_node.dir/edge-impulse-sdk/tensorflow/lite/micro/kernels/assign_variable.cc.o\x1b[0m\n'}
[79.823825] (-) TimerEvent: {}
[79.929076] (-) TimerEvent: {}
[80.031610] (-) TimerEvent: {}
[80.133696] (-) TimerEvent: {}
[80.235533] (-) TimerEvent: {}
[80.337185] (-) TimerEvent: {}
[80.438910] (-) TimerEvent: {}
[80.541011] (-) TimerEvent: {}
[80.643158] (-) TimerEvent: {}
[80.744257] (-) TimerEvent: {}
[80.846812] (-) TimerEvent: {}
[80.948662] (-) TimerEvent: {}
[81.050582] (-) TimerEvent: {}
[81.157874] (-) TimerEvent: {}
[81.259461] (-) TimerEvent: {}
[81.362034] (-) TimerEvent: {}
[81.464580] (-) TimerEvent: {}
[81.566418] (-) TimerEvent: {}
[81.593059] (ei_whistle_cpp) StdoutLine: {'line': b'[ 19%] \x1b[32mBuilding CXX object CMakeFiles/whistle_node.dir/edge-impulse-sdk/tensorflow/lite/micro/kernels/batch_matmul.cc.o\x1b[0m\n'}
[81.666739] (-) TimerEvent: {}
[81.769438] (-) TimerEvent: {}
[81.872660] (-) TimerEvent: {}
[81.895008] (ei_whistle_cpp) StdoutLine: {'line': b'[ 20%] \x1b[32mBuilding CXX object CMakeFiles/whistle_node.dir/edge-impulse-sdk/tensorflow/lite/micro/kernels/batch_to_space_nd.cc.o\x1b[0m\n'}
[81.972962] (-) TimerEvent: {}
[82.075132] (-) TimerEvent: {}
[82.177000] (-) TimerEvent: {}
[82.278705] (-) TimerEvent: {}
[82.380843] (-) TimerEvent: {}
[82.482885] (-) TimerEvent: {}
[82.584793] (-) TimerEvent: {}
[82.686821] (-) TimerEvent: {}
[82.788554] (-) TimerEvent: {}
[82.890487] (-) TimerEvent: {}
[82.992211] (-) TimerEvent: {}
[83.095006] (-) TimerEvent: {}
[83.197172] (-) TimerEvent: {}
[83.299218] (-) TimerEvent: {}
[83.401660] (-) TimerEvent: {}
[83.503788] (-) TimerEvent: {}
[83.515274] (ei_whistle_cpp) StdoutLine: {'line': b'[ 21%] \x1b[32mBuilding CXX object CMakeFiles/whistle_node.dir/edge-impulse-sdk/tensorflow/lite/micro/kernels/broadcast_args.cc.o\x1b[0m\n'}
[83.604116] (-) TimerEvent: {}
[83.706360] (-) TimerEvent: {}
[83.808298] (-) TimerEvent: {}
[83.910660] (-) TimerEvent: {}
[84.012876] (-) TimerEvent: {}
[84.115090] (-) TimerEvent: {}
[84.217319] (-) TimerEvent: {}
[84.319247] (-) TimerEvent: {}
[84.421607] (-) TimerEvent: {}
[84.523559] (-) TimerEvent: {}
[84.625620] (-) TimerEvent: {}
[84.726638] (-) TimerEvent: {}
[84.827623] (-) TimerEvent: {}
[84.928736] (-) TimerEvent: {}
[85.031867] (-) TimerEvent: {}
[85.133010] (-) TimerEvent: {}
[85.234242] (-) TimerEvent: {}
[85.335599] (-) TimerEvent: {}
[85.436962] (-) TimerEvent: {}
[85.538229] (-) TimerEvent: {}
[85.639580] (-) TimerEvent: {}
[85.741049] (-) TimerEvent: {}
[85.842343] (-) TimerEvent: {}
[85.943690] (-) TimerEvent: {}
[86.044926] (-) TimerEvent: {}
[86.146110] (-) TimerEvent: {}
[86.248145] (-) TimerEvent: {}
[86.349475] (-) TimerEvent: {}
[86.450637] (-) TimerEvent: {}
[86.551771] (-) TimerEvent: {}
[86.653158] (-) TimerEvent: {}
[86.754349] (-) TimerEvent: {}
[86.855411] (-) TimerEvent: {}
[86.956538] (-) TimerEvent: {}
[87.057601] (-) TimerEvent: {}
[87.158879] (-) TimerEvent: {}
[87.260045] (-) TimerEvent: {}
[87.361255] (-) TimerEvent: {}
[87.463281] (-) TimerEvent: {}
[87.568880] (-) TimerEvent: {}
[87.670180] (-) TimerEvent: {}
[87.772523] (-) TimerEvent: {}
[87.874451] (-) TimerEvent: {}
[87.976650] (-) TimerEvent: {}
[88.078505] (-) TimerEvent: {}
[88.181333] (-) TimerEvent: {}
[88.283341] (-) TimerEvent: {}
[88.385393] (-) TimerEvent: {}
[88.487711] (-) TimerEvent: {}
[88.589732] (-) TimerEvent: {}
[88.691784] (-) TimerEvent: {}
[88.793819] (-) TimerEvent: {}
[88.895732] (-) TimerEvent: {}
[88.997894] (-) TimerEvent: {}
[89.100131] (-) TimerEvent: {}
[89.202226] (-) TimerEvent: {}
[89.305209] (-) TimerEvent: {}
[89.407560] (-) TimerEvent: {}
[89.464980] (ei_whistle_cpp) StdoutLine: {'line': b'[ 21%] \x1b[32mBuilding CXX object CMakeFiles/whistle_node.dir/edge-impulse-sdk/tensorflow/lite/micro/kernels/broadcast_to.cc.o\x1b[0m\n'}
[89.507813] (-) TimerEvent: {}
[89.605530] (ei_whistle_cpp) StdoutLine: {'line': b'[ 22%] \x1b[32mBuilding CXX object CMakeFiles/whistle_node.dir/edge-impulse-sdk/tensorflow/lite/micro/kernels/call_once.cc.o\x1b[0m\n'}
[89.608196] (-) TimerEvent: {}
[89.711029] (-) TimerEvent: {}
[89.812771] (-) TimerEvent: {}
[89.913796] (-) TimerEvent: {}
[90.014753] (-) TimerEvent: {}
[90.115882] (-) TimerEvent: {}
[90.217767] (-) TimerEvent: {}
[90.319746] (-) TimerEvent: {}
[90.421763] (-) TimerEvent: {}
[90.524681] (-) TimerEvent: {}
[90.626852] (-) TimerEvent: {}
[90.730427] (-) TimerEvent: {}
[90.832198] (-) TimerEvent: {}
[90.908530] (ei_whistle_cpp) StdoutLine: {'line': b'[ 22%] \x1b[32mBuilding CXX object CMakeFiles/whistle_node.dir/edge-impulse-sdk/tensorflow/lite/micro/kernels/cast.cc.o\x1b[0m\n'}
[90.936676] (-) TimerEvent: {}
[91.037646] (-) TimerEvent: {}
[91.138674] (-) TimerEvent: {}
[91.240240] (-) TimerEvent: {}
[91.342030] (-) TimerEvent: {}
[91.444019] (-) TimerEvent: {}
[91.545863] (-) TimerEvent: {}
[91.647651] (-) TimerEvent: {}
[91.749779] (-) TimerEvent: {}
[91.851710] (-) TimerEvent: {}
[91.953802] (-) TimerEvent: {}
[92.055468] (-) TimerEvent: {}
[92.157153] (-) TimerEvent: {}
[92.259078] (-) TimerEvent: {}
[92.361033] (-) TimerEvent: {}
[92.463681] (-) TimerEvent: {}
[92.566304] (-) TimerEvent: {}
[92.668178] (-) TimerEvent: {}
[92.775472] (-) TimerEvent: {}
[92.877399] (-) TimerEvent: {}
[92.978632] (-) TimerEvent: {}
[93.081907] (-) TimerEvent: {}
[93.183896] (-) TimerEvent: {}
[93.299115] (-) TimerEvent: {}
[93.400273] (-) TimerEvent: {}
[93.501618] (-) TimerEvent: {}
[93.602849] (-) TimerEvent: {}
[93.704075] (-) TimerEvent: {}
[93.805541] (-) TimerEvent: {}
[93.906962] (-) TimerEvent: {}
[94.008238] (-) TimerEvent: {}
[94.109609] (-) TimerEvent: {}
[94.210909] (-) TimerEvent: {}
[94.312200] (-) TimerEvent: {}
[94.413645] (-) TimerEvent: {}
[94.514918] (-) TimerEvent: {}
[94.616202] (-) TimerEvent: {}
[94.717454] (-) TimerEvent: {}
[94.819292] (-) TimerEvent: {}
[94.920574] (-) TimerEvent: {}
[95.021617] (-) TimerEvent: {}
[95.122667] (-) TimerEvent: {}
[95.223787] (-) TimerEvent: {}
[95.325839] (-) TimerEvent: {}
[95.427905] (-) TimerEvent: {}
[95.529858] (-) TimerEvent: {}
[95.631864] (-) TimerEvent: {}
[95.733940] (-) TimerEvent: {}
[95.837150] (-) TimerEvent: {}
[95.939109] (-) TimerEvent: {}
[96.041119] (-) TimerEvent: {}
[96.142307] (-) TimerEvent: {}
[96.244129] (-) TimerEvent: {}
[96.345369] (-) TimerEvent: {}
[96.446654] (-) TimerEvent: {}
[96.548142] (-) TimerEvent: {}
[96.661741] (-) TimerEvent: {}
[96.762808] (-) TimerEvent: {}
[96.864672] (-) TimerEvent: {}
[96.966596] (-) TimerEvent: {}
[97.068578] (-) TimerEvent: {}
[97.169767] (-) TimerEvent: {}
[97.210285] (ei_whistle_cpp) StdoutLine: {'line': b'[ 23%] \x1b[32mBuilding CXX object CMakeFiles/whistle_node.dir/edge-impulse-sdk/tensorflow/lite/micro/kernels/ceil.cc.o\x1b[0m\n'}
[97.270147] (-) TimerEvent: {}
[97.372222] (-) TimerEvent: {}
[97.474088] (-) TimerEvent: {}
[97.575989] (-) TimerEvent: {}
[97.677820] (-) TimerEvent: {}
[97.779651] (-) TimerEvent: {}
[97.882150] (-) TimerEvent: {}
[97.984247] (-) TimerEvent: {}
[98.085979] (-) TimerEvent: {}
[98.187657] (-) TimerEvent: {}
[98.294454] (-) TimerEvent: {}
[98.395710] (-) TimerEvent: {}
[98.497348] (-) TimerEvent: {}
[98.604735] (-) TimerEvent: {}
[98.705803] (-) TimerEvent: {}
[98.807817] (-) TimerEvent: {}
[98.916735] (-) TimerEvent: {}
[99.020966] (ei_whistle_cpp) StdoutLine: {'line': b'[ 24%] \x1b[32mBuilding CXX object CMakeFiles/whistle_node.dir/edge-impulse-sdk/tensorflow/lite/micro/kernels/circular_buffer.cc.o\x1b[0m\n'}
[99.022304] (-) TimerEvent: {}
[99.123418] (-) TimerEvent: {}
[99.225396] (-) TimerEvent: {}
[99.327379] (-) TimerEvent: {}
[99.429991] (-) TimerEvent: {}
[99.532291] (-) TimerEvent: {}
[99.635224] (-) TimerEvent: {}
[99.739813] (-) TimerEvent: {}
[99.844668] (-) TimerEvent: {}
[99.945836] (-) TimerEvent: {}
[100.047132] (-) TimerEvent: {}
[100.150525] (-) TimerEvent: {}
[100.253764] (-) TimerEvent: {}
[100.354947] (-) TimerEvent: {}
[100.458468] (-) TimerEvent: {}
[100.560703] (-) TimerEvent: {}
[100.662901] (-) TimerEvent: {}
[100.765577] (-) TimerEvent: {}
[100.868095] (-) TimerEvent: {}
[100.970829] (-) TimerEvent: {}
[101.073907] (-) TimerEvent: {}
[101.176371] (-) TimerEvent: {}
[101.279169] (-) TimerEvent: {}
[101.381632] (-) TimerEvent: {}
[101.413591] (ei_whistle_cpp) StdoutLine: {'line': b'[ 24%] \x1b[32mBuilding CXX object CMakeFiles/whistle_node.dir/edge-impulse-sdk/tensorflow/lite/micro/kernels/circular_buffer_common.cc.o\x1b[0m\n'}
[101.481804] (-) TimerEvent: {}
[101.582966] (-) TimerEvent: {}
[101.684733] (-) TimerEvent: {}
[101.786175] (-) TimerEvent: {}
[101.887720] (-) TimerEvent: {}
[101.989023] (-) TimerEvent: {}
[102.090201] (-) TimerEvent: {}
[102.191875] (-) TimerEvent: {}
[102.293183] (-) TimerEvent: {}
[102.394596] (-) TimerEvent: {}
[102.496375] (-) TimerEvent: {}
[102.597512] (-) TimerEvent: {}
[102.698651] (-) TimerEvent: {}
[102.799896] (-) TimerEvent: {}
[102.901564] (-) TimerEvent: {}
[103.002988] (-) TimerEvent: {}
[103.104161] (-) TimerEvent: {}
[103.205405] (-) TimerEvent: {}
[103.317662] (-) TimerEvent: {}
[103.418751] (-) TimerEvent: {}
[103.520005] (-) TimerEvent: {}
[103.621231] (-) TimerEvent: {}
[103.722588] (-) TimerEvent: {}
[103.824100] (-) TimerEvent: {}
[103.925355] (-) TimerEvent: {}
[104.029306] (-) TimerEvent: {}
[104.096769] (ei_whistle_cpp) StdoutLine: {'line': b'[ 25%] \x1b[32mBuilding CXX object CMakeFiles/whistle_node.dir/edge-impulse-sdk/tensorflow/lite/micro/kernels/comparisons.cc.o\x1b[0m\n'}
[104.129656] (-) TimerEvent: {}
[104.231122] (-) TimerEvent: {}
[104.332690] (-) TimerEvent: {}
[104.436705] (-) TimerEvent: {}
[104.540684] (-) TimerEvent: {}
[104.644655] (-) TimerEvent: {}
[104.748719] (-) TimerEvent: {}
[104.852686] (-) TimerEvent: {}
[104.959100] (-) TimerEvent: {}
[105.064682] (-) TimerEvent: {}
[105.168688] (-) TimerEvent: {}
[105.272719] (-) TimerEvent: {}
[105.376699] (-) TimerEvent: {}
[105.480695] (-) TimerEvent: {}
[105.584733] (-) TimerEvent: {}
[105.688671] (-) TimerEvent: {}
[105.789627] (-) TimerEvent: {}
[105.890636] (-) TimerEvent: {}
[105.991614] (-) TimerEvent: {}
[106.092685] (-) TimerEvent: {}
[106.195682] (-) TimerEvent: {}
[106.297480] (-) TimerEvent: {}
[106.401297] (-) TimerEvent: {}
[106.503325] (-) TimerEvent: {}
[106.605425] (-) TimerEvent: {}
[106.707274] (-) TimerEvent: {}
[106.763601] (ei_whistle_cpp) StdoutLine: {'line': b'[ 25%] \x1b[32mBuilding CXX object CMakeFiles/whistle_node.dir/edge-impulse-sdk/tensorflow/lite/micro/kernels/complex_abs.cc.o\x1b[0m\n'}
[106.807547] (-) TimerEvent: {}
[106.909614] (-) TimerEvent: {}
[107.011377] (-) TimerEvent: {}
[107.113395] (-) TimerEvent: {}
[107.215972] (-) TimerEvent: {}
[107.273836] (ei_whistle_cpp) StdoutLine: {'line': b'[ 26%] \x1b[32mBuilding CXX object CMakeFiles/whistle_node.dir/edge-impulse-sdk/tensorflow/lite/micro/kernels/concatenation.cc.o\x1b[0m\n'}
[107.316247] (-) TimerEvent: {}
[107.418130] (-) TimerEvent: {}
[107.519763] (-) TimerEvent: {}
[107.621374] (-) TimerEvent: {}
[107.723008] (-) TimerEvent: {}
[107.824594] (-) TimerEvent: {}
[107.926062] (-) TimerEvent: {}
[108.027751] (-) TimerEvent: {}
[108.129625] (-) TimerEvent: {}
[108.231346] (-) TimerEvent: {}
[108.332341] (-) TimerEvent: {}
[108.433343] (-) TimerEvent: {}
[108.535206] (-) TimerEvent: {}
[108.637031] (-) TimerEvent: {}
[108.739137] (-) TimerEvent: {}
[108.841078] (-) TimerEvent: {}
[108.942980] (-) TimerEvent: {}
[109.044861] (-) TimerEvent: {}
[109.148289] (-) TimerEvent: {}
[109.250261] (-) TimerEvent: {}
[109.352406] (-) TimerEvent: {}
[109.454313] (-) TimerEvent: {}
[109.556355] (-) TimerEvent: {}
[109.658379] (-) TimerEvent: {}
[109.763671] (-) TimerEvent: {}
[109.865715] (-) TimerEvent: {}
[109.967518] (-) TimerEvent: {}
[110.069787] (-) TimerEvent: {}
[110.171650] (-) TimerEvent: {}
[110.273838] (-) TimerEvent: {}
[110.375748] (-) TimerEvent: {}
[110.478002] (-) TimerEvent: {}
[110.580342] (-) TimerEvent: {}
[110.682483] (-) TimerEvent: {}
[110.784726] (-) TimerEvent: {}
[110.886844] (-) TimerEvent: {}
[110.988748] (-) TimerEvent: {}
[111.090629] (-) TimerEvent: {}
[111.192730] (-) TimerEvent: {}
[111.294608] (-) TimerEvent: {}
[111.395831] (-) TimerEvent: {}
[111.496886] (-) TimerEvent: {}
[111.599056] (-) TimerEvent: {}
[111.701409] (-) TimerEvent: {}
[111.803683] (-) TimerEvent: {}
[111.906153] (-) TimerEvent: {}
[112.008493] (-) TimerEvent: {}
[112.110657] (-) TimerEvent: {}
[112.212742] (-) TimerEvent: {}
[112.315896] (-) TimerEvent: {}
[112.418960] (-) TimerEvent: {}
[112.521297] (-) TimerEvent: {}
[112.623458] (-) TimerEvent: {}
[112.725649] (-) TimerEvent: {}
[112.827501] (-) TimerEvent: {}
[112.929700] (-) TimerEvent: {}
[113.032066] (-) TimerEvent: {}
[113.137134] (-) TimerEvent: {}
[113.239061] (-) TimerEvent: {}
[113.341621] (-) TimerEvent: {}
[113.443687] (-) TimerEvent: {}
[113.545774] (-) TimerEvent: {}
[113.647584] (-) TimerEvent: {}
[113.749653] (-) TimerEvent: {}
[113.851729] (-) TimerEvent: {}
[113.953000] (-) TimerEvent: {}
[114.054150] (-) TimerEvent: {}
[114.155918] (-) TimerEvent: {}
[114.257618] (-) TimerEvent: {}
[114.358623] (-) TimerEvent: {}
[114.459456] (-) TimerEvent: {}
[114.560398] (-) TimerEvent: {}
[114.661200] (-) TimerEvent: {}
[114.762046] (-) TimerEvent: {}
[114.862866] (-) TimerEvent: {}
[114.963691] (-) TimerEvent: {}
[115.064502] (-) TimerEvent: {}
[115.165270] (-) TimerEvent: {}
[115.266056] (-) TimerEvent: {}
[115.366805] (-) TimerEvent: {}
[115.453366] (ei_whistle_cpp) StdoutLine: {'line': b'[ 27%] \x1b[32mBuilding CXX object CMakeFiles/whistle_node.dir/edge-impulse-sdk/tensorflow/lite/micro/kernels/cumsum.cc.o\x1b[0m\n'}
[115.467001] (-) TimerEvent: {}
[115.567773] (-) TimerEvent: {}
[115.668556] (-) TimerEvent: {}
[115.769257] (-) TimerEvent: {}
[115.870005] (-) TimerEvent: {}
[115.970770] (-) TimerEvent: {}
[116.071536] (-) TimerEvent: {}
[116.172677] (-) TimerEvent: {}
[116.273453] (-) TimerEvent: {}
[116.374216] (-) TimerEvent: {}
[116.475170] (-) TimerEvent: {}
[116.576325] (-) TimerEvent: {}
[116.677437] (-) TimerEvent: {}
[116.778483] (-) TimerEvent: {}
[116.879411] (-) TimerEvent: {}
[116.980703] (-) TimerEvent: {}
[117.081812] (-) TimerEvent: {}
[117.182785] (-) TimerEvent: {}
[117.283811] (-) TimerEvent: {}
[117.384789] (-) TimerEvent: {}
[117.486115] (-) TimerEvent: {}
[117.587092] (-) TimerEvent: {}
[117.688089] (-) TimerEvent: {}
[117.789132] (-) TimerEvent: {}
[117.890107] (-) TimerEvent: {}
[117.990944] (-) TimerEvent: {}
[118.091735] (-) TimerEvent: {}
[118.193047] (-) TimerEvent: {}
[118.293891] (-) TimerEvent: {}
[118.394657] (-) TimerEvent: {}
[118.495672] (-) TimerEvent: {}
[118.596606] (-) TimerEvent: {}
[118.697781] (-) TimerEvent: {}
[118.798635] (-) TimerEvent: {}
[118.899498] (-) TimerEvent: {}
[119.000430] (-) TimerEvent: {}
[119.101365] (-) TimerEvent: {}
[119.202545] (-) TimerEvent: {}
[119.303471] (-) TimerEvent: {}
[119.404412] (-) TimerEvent: {}
[119.505335] (-) TimerEvent: {}
[119.606212] (-) TimerEvent: {}
[119.707084] (-) TimerEvent: {}
[119.808299] (-) TimerEvent: {}
[119.909280] (-) TimerEvent: {}
[120.010145] (-) TimerEvent: {}
[120.110955] (-) TimerEvent: {}
[120.212134] (-) TimerEvent: {}
[120.312992] (-) TimerEvent: {}
[120.413823] (-) TimerEvent: {}
[120.502769] (ei_whistle_cpp) StdoutLine: {'line': b'[ 27%] \x1b[32mBuilding CXX object CMakeFiles/whistle_node.dir/edge-impulse-sdk/tensorflow/lite/micro/kernels/depth_to_space.cc.o\x1b[0m\n'}
[120.514054] (-) TimerEvent: {}
[120.615029] (-) TimerEvent: {}
[120.715875] (-) TimerEvent: {}
[120.816864] (-) TimerEvent: {}
[120.917783] (-) TimerEvent: {}
[120.960738] (ei_whistle_cpp) StdoutLine: {'line': b'[ 27%] \x1b[32mBuilding CXX object CMakeFiles/whistle_node.dir/edge-impulse-sdk/tensorflow/lite/micro/kernels/conv_common.cc.o\x1b[0m\n'}
[121.018020] (-) TimerEvent: {}
[121.118999] (-) TimerEvent: {}
[121.219785] (-) TimerEvent: {}
[121.320556] (-) TimerEvent: {}
[121.421337] (-) TimerEvent: {}
[121.522598] (-) TimerEvent: {}
[121.623432] (-) TimerEvent: {}
[121.724400] (-) TimerEvent: {}
[121.825696] (-) TimerEvent: {}
[121.926673] (-) TimerEvent: {}
[122.019400] (ei_whistle_cpp) StdoutLine: {'line': b'[ 28%] \x1b[32mBuilding CXX object CMakeFiles/whistle_node.dir/edge-impulse-sdk/tensorflow/lite/micro/kernels/depthwise_conv.cc.o\x1b[0m\n'}
[122.026896] (-) TimerEvent: {}
[122.128888] (-) TimerEvent: {}
[122.231130] (-) TimerEvent: {}
[122.333419] (-) TimerEvent: {}
[122.435191] (-) TimerEvent: {}
[122.537614] (-) TimerEvent: {}
[122.639606] (-) TimerEvent: {}
[122.742010] (-) TimerEvent: {}
[122.844904] (-) TimerEvent: {}
[122.946823] (-) TimerEvent: {}
[123.049446] (-) TimerEvent: {}
[123.098166] (ei_whistle_cpp) StdoutLine: {'line': b'[ 29%] \x1b[32mBuilding CXX object CMakeFiles/whistle_node.dir/edge-impulse-sdk/tensorflow/lite/micro/kernels/conv.cc.o\x1b[0m\n'}
[123.149546] (-) TimerEvent: {}
[123.251133] (-) TimerEvent: {}
[123.353166] (-) TimerEvent: {}
[123.455148] (-) TimerEvent: {}
[123.557040] (-) TimerEvent: {}
[123.670471] (-) TimerEvent: {}
[123.772370] (-) TimerEvent: {}
[123.874372] (-) TimerEvent: {}
[123.976191] (-) TimerEvent: {}
[124.077897] (-) TimerEvent: {}
[124.179785] (-) TimerEvent: {}
[124.281755] (-) TimerEvent: {}
[124.383879] (-) TimerEvent: {}
[124.485849] (-) TimerEvent: {}
[124.587601] (-) TimerEvent: {}
[124.689713] (-) TimerEvent: {}
[124.791761] (-) TimerEvent: {}
[124.896672] (-) TimerEvent: {}
[124.997751] (-) TimerEvent: {}
[125.098863] (-) TimerEvent: {}
[125.200862] (-) TimerEvent: {}
[125.303022] (-) TimerEvent: {}
[125.405069] (-) TimerEvent: {}
[125.506982] (-) TimerEvent: {}
[125.608421] (-) TimerEvent: {}
[125.648530] (ei_whistle_cpp) StdoutLine: {'line': b'[ 30%] \x1b[32mBuilding CXX object CMakeFiles/whistle_node.dir/edge-impulse-sdk/tensorflow/lite/micro/kernels/depthwise_conv_common.cc.o\x1b[0m\n'}
[125.708735] (-) TimerEvent: {}
[125.810801] (-) TimerEvent: {}
[125.912551] (-) TimerEvent: {}
[126.014325] (-) TimerEvent: {}
[126.093330] (ei_whistle_cpp) StdoutLine: {'line': b'[ 30%] \x1b[32mBuilding CXX object CMakeFiles/whistle_node.dir/edge-impulse-sdk/tensorflow/lite/micro/kernels/dequantize.cc.o\x1b[0m\n'}
[126.114552] (-) TimerEvent: {}
[126.216186] (-) TimerEvent: {}
[126.317278] (-) TimerEvent: {}
[126.418992] (-) TimerEvent: {}
[126.520481] (-) TimerEvent: {}
[126.622060] (-) TimerEvent: {}
[126.723620] (-) TimerEvent: {}
[126.825223] (-) TimerEvent: {}
[126.926789] (-) TimerEvent: {}
[127.028611] (-) TimerEvent: {}
[127.130266] (-) TimerEvent: {}
[127.232098] (-) TimerEvent: {}
[127.333948] (-) TimerEvent: {}
[127.435066] (-) TimerEvent: {}
[127.536263] (-) TimerEvent: {}
[127.637541] (-) TimerEvent: {}
[127.738792] (-) TimerEvent: {}
[127.839906] (-) TimerEvent: {}
[127.941109] (-) TimerEvent: {}
[128.042179] (-) TimerEvent: {}
[128.143424] (-) TimerEvent: {}
[128.244900] (-) TimerEvent: {}
[128.346271] (-) TimerEvent: {}
[128.447383] (-) TimerEvent: {}
[128.548849] (-) TimerEvent: {}
[128.650080] (-) TimerEvent: {}
[128.751117] (-) TimerEvent: {}
[128.852035] (-) TimerEvent: {}
[128.953117] (-) TimerEvent: {}
[129.054133] (-) TimerEvent: {}
[129.155175] (-) TimerEvent: {}
[129.256312] (-) TimerEvent: {}
[129.357465] (-) TimerEvent: {}
[129.458491] (-) TimerEvent: {}
[129.560556] (-) TimerEvent: {}
[129.662460] (-) TimerEvent: {}
[129.764297] (-) TimerEvent: {}
[129.872674] (-) TimerEvent: {}
[129.975235] (-) TimerEvent: {}
[130.076847] (-) TimerEvent: {}
[130.177776] (-) TimerEvent: {}
[130.278896] (-) TimerEvent: {}
[130.380798] (-) TimerEvent: {}
[130.482778] (-) TimerEvent: {}
[130.584693] (-) TimerEvent: {}
[130.686524] (-) TimerEvent: {}
[130.788533] (-) TimerEvent: {}
[130.890520] (-) TimerEvent: {}
[130.992505] (-) TimerEvent: {}
[131.094401] (-) TimerEvent: {}
[131.196285] (-) TimerEvent: {}
[131.299876] (-) TimerEvent: {}
[131.401001] (-) TimerEvent: {}
[131.502118] (-) TimerEvent: {}
[131.603132] (-) TimerEvent: {}
[131.704168] (-) TimerEvent: {}
[131.806502] (-) TimerEvent: {}
[131.909204] (-) TimerEvent: {}
[132.011086] (-) TimerEvent: {}
[132.112909] (-) TimerEvent: {}
[132.214709] (-) TimerEvent: {}
[132.317928] (-) TimerEvent: {}
[132.420123] (-) TimerEvent: {}
[132.522367] (-) TimerEvent: {}
[132.624761] (-) TimerEvent: {}
[132.725679] (-) TimerEvent: {}
[132.826550] (-) TimerEvent: {}
[132.927431] (-) TimerEvent: {}
[133.028428] (-) TimerEvent: {}
[133.129336] (-) TimerEvent: {}
[133.230206] (-) TimerEvent: {}
[133.331087] (-) TimerEvent: {}
[133.431948] (-) TimerEvent: {}
[133.532862] (-) TimerEvent: {}
[133.633753] (-) TimerEvent: {}
[133.735118] (-) TimerEvent: {}
[133.818897] (ei_whistle_cpp) StdoutLine: {'line': b'[ 31%] \x1b[32mBuilding CXX object CMakeFiles/whistle_node.dir/edge-impulse-sdk/tensorflow/lite/micro/kernels/div.cc.o\x1b[0m\n'}
[133.835318] (-) TimerEvent: {}
[133.936083] (-) TimerEvent: {}
[134.036858] (-) TimerEvent: {}
[134.137597] (-) TimerEvent: {}
[134.238312] (-) TimerEvent: {}
[134.339108] (-) TimerEvent: {}
[134.439856] (-) TimerEvent: {}
[134.540629] (-) TimerEvent: {}
[134.641446] (-) TimerEvent: {}
[134.742159] (-) TimerEvent: {}
[134.843121] (-) TimerEvent: {}
[134.869314] (ei_whistle_cpp) StdoutLine: {'line': b'[ 32%] \x1b[32mBuilding CXX object CMakeFiles/whistle_node.dir/edge-impulse-sdk/tensorflow/lite/micro/kernels/elementwise.cc.o\x1b[0m\n'}
[134.943565] (-) TimerEvent: {}
[135.044338] (-) TimerEvent: {}
[135.145295] (-) TimerEvent: {}
[135.246419] (-) TimerEvent: {}
[135.347324] (-) TimerEvent: {}
[135.448369] (-) TimerEvent: {}
[135.551163] (-) TimerEvent: {}
[135.652573] (-) TimerEvent: {}
[135.753658] (-) TimerEvent: {}
[135.854620] (-) TimerEvent: {}
[135.940597] (ei_whistle_cpp) StdoutLine: {'line': b'[ 32%] \x1b[32mBuilding CXX object CMakeFiles/whistle_node.dir/edge-impulse-sdk/tensorflow/lite/micro/kernels/detection_postprocess.cc.o\x1b[0m\n'}
[135.954861] (-) TimerEvent: {}
[136.055915] (-) TimerEvent: {}
[136.157528] (-) TimerEvent: {}
[136.258628] (-) TimerEvent: {}
[136.359820] (-) TimerEvent: {}
[136.460933] (-) TimerEvent: {}
[136.562940] (-) TimerEvent: {}
[136.665207] (-) TimerEvent: {}
[136.766819] (-) TimerEvent: {}
[136.868522] (-) TimerEvent: {}
[136.969410] (-) TimerEvent: {}
[136.996685] (ei_whistle_cpp) StdoutLine: {'line': b'[ 33%] \x1b[32mBuilding CXX object CMakeFiles/whistle_node.dir/edge-impulse-sdk/tensorflow/lite/micro/kernels/dequantize_common.cc.o\x1b[0m\n'}
[137.069649] (-) TimerEvent: {}
[137.170710] (-) TimerEvent: {}
[137.271776] (-) TimerEvent: {}
[137.372746] (-) TimerEvent: {}
[137.474327] (-) TimerEvent: {}
[137.575432] (-) TimerEvent: {}
[137.676681] (-) TimerEvent: {}
[137.777690] (-) TimerEvent: {}
[137.878791] (-) TimerEvent: {}
[137.980375] (-) TimerEvent: {}
[138.081553] (-) TimerEvent: {}
[138.182564] (-) TimerEvent: {}
[138.283629] (-) TimerEvent: {}
[138.384752] (-) TimerEvent: {}
[138.486006] (-) TimerEvent: {}
[138.587208] (-) TimerEvent: {}
[138.689084] (-) TimerEvent: {}
[138.790436] (-) TimerEvent: {}
[138.891903] (-) TimerEvent: {}
[138.993219] (-) TimerEvent: {}
[139.094542] (-) TimerEvent: {}
[139.196721] (-) TimerEvent: {}
[139.298217] (-) TimerEvent: {}
[139.399360] (-) TimerEvent: {}
[139.500776] (-) TimerEvent: {}
[139.602213] (-) TimerEvent: {}
[139.703485] (-) TimerEvent: {}
[139.804842] (-) TimerEvent: {}
[139.906906] (-) TimerEvent: {}
[140.009446] (-) TimerEvent: {}
[140.112557] (-) TimerEvent: {}
[140.214821] (-) TimerEvent: {}
[140.316559] (-) TimerEvent: {}
[140.419655] (-) TimerEvent: {}
[140.521635] (-) TimerEvent: {}
[140.623664] (-) TimerEvent: {}
[140.726050] (-) TimerEvent: {}
[140.828055] (-) TimerEvent: {}
[140.930212] (-) TimerEvent: {}
[141.032917] (-) TimerEvent: {}
[141.135059] (-) TimerEvent: {}
[141.237124] (-) TimerEvent: {}
[141.339459] (-) TimerEvent: {}
[141.441799] (-) TimerEvent: {}
[141.543165] (-) TimerEvent: {}
[141.644855] (-) TimerEvent: {}
[141.746193] (-) TimerEvent: {}
[141.847516] (-) TimerEvent: {}
[141.948769] (-) TimerEvent: {}
[142.050359] (-) TimerEvent: {}
[142.152873] (-) TimerEvent: {}
[142.254099] (-) TimerEvent: {}
[142.357134] (-) TimerEvent: {}
[142.459707] (-) TimerEvent: {}
[142.562832] (-) TimerEvent: {}
[142.665428] (-) TimerEvent: {}
[142.747040] (ei_whistle_cpp) StdoutLine: {'line': b'[ 33%] \x1b[32mBuilding CXX object CMakeFiles/whistle_node.dir/edge-impulse-sdk/tensorflow/lite/micro/kernels/elu.cc.o\x1b[0m\n'}
[142.765696] (-) TimerEvent: {}
[142.867593] (-) TimerEvent: {}
[142.968927] (-) TimerEvent: {}
[143.070580] (-) TimerEvent: {}
[143.106508] (ei_whistle_cpp) StdoutLine: {'line': b'[ 34%] \x1b[32mBuilding CXX object CMakeFiles/whistle_node.dir/edge-impulse-sdk/tensorflow/lite/micro/kernels/ethosu.cc.o\x1b[0m\n'}
[143.170855] (-) TimerEvent: {}
[143.272193] (-) TimerEvent: {}
[143.373216] (-) TimerEvent: {}
[143.474604] (-) TimerEvent: {}
[143.575670] (-) TimerEvent: {}
[143.676844] (-) TimerEvent: {}
[143.779336] (-) TimerEvent: {}
[143.880378] (-) TimerEvent: {}
[143.981546] (-) TimerEvent: {}
[144.082838] (-) TimerEvent: {}
[144.183989] (-) TimerEvent: {}
[144.285523] (-) TimerEvent: {}
[144.386643] (-) TimerEvent: {}
[144.488203] (-) TimerEvent: {}
[144.589667] (-) TimerEvent: {}
[144.691090] (-) TimerEvent: {}
[144.797105] (-) TimerEvent: {}
[144.899333] (-) TimerEvent: {}
[145.001703] (-) TimerEvent: {}
[145.104166] (-) TimerEvent: {}
[145.206022] (-) TimerEvent: {}
[145.307196] (-) TimerEvent: {}
[145.408321] (-) TimerEvent: {}
[145.476531] (ei_whistle_cpp) StdoutLine: {'line': b'[ 34%] \x1b[32mBuilding CXX object CMakeFiles/whistle_node.dir/edge-impulse-sdk/tensorflow/lite/micro/kernels/exp.cc.o\x1b[0m\n'}
[145.508618] (-) TimerEvent: {}
[145.609930] (-) TimerEvent: {}
[145.618327] (ei_whistle_cpp) StdoutLine: {'line': b'[ 35%] \x1b[32mBuilding CXX object CMakeFiles/whistle_node.dir/edge-impulse-sdk/tensorflow/lite/micro/kernels/expand_dims.cc.o\x1b[0m\n'}
[145.710339] (-) TimerEvent: {}
[145.813011] (-) TimerEvent: {}
[145.914867] (-) TimerEvent: {}
[146.016885] (-) TimerEvent: {}
[146.118482] (-) TimerEvent: {}
[146.220929] (-) TimerEvent: {}
[146.327656] (-) TimerEvent: {}
[146.429869] (-) TimerEvent: {}
[146.531345] (-) TimerEvent: {}
[146.632961] (-) TimerEvent: {}
[146.734719] (-) TimerEvent: {}
[146.836184] (-) TimerEvent: {}
[146.937809] (-) TimerEvent: {}
[147.039749] (-) TimerEvent: {}
[147.141683] (-) TimerEvent: {}
[147.244017] (-) TimerEvent: {}
[147.346209] (-) TimerEvent: {}
[147.448308] (-) TimerEvent: {}
[147.549494] (-) TimerEvent: {}
[147.650581] (-) TimerEvent: {}
[147.751768] (-) TimerEvent: {}
[147.853124] (-) TimerEvent: {}
[147.954337] (-) TimerEvent: {}
[148.055527] (-) TimerEvent: {}
[148.157299] (-) TimerEvent: {}
[148.258460] (-) TimerEvent: {}
[148.359516] (-) TimerEvent: {}
[148.460560] (-) TimerEvent: {}
[148.561627] (-) TimerEvent: {}
[148.662616] (-) TimerEvent: {}
[148.763828] (-) TimerEvent: {}
[148.865390] (-) TimerEvent: {}
[148.966449] (-) TimerEvent: {}
[148.969281] (ei_whistle_cpp) StdoutLine: {'line': b'[ 36%] \x1b[32mBuilding CXX object CMakeFiles/whistle_node.dir/edge-impulse-sdk/tensorflow/lite/micro/kernels/fill.cc.o\x1b[0m\n'}
[149.066733] (-) TimerEvent: {}
[149.168222] (-) TimerEvent: {}
[149.243156] (ei_whistle_cpp) StdoutLine: {'line': b'[ 36%] \x1b[32mBuilding CXX object CMakeFiles/whistle_node.dir/edge-impulse-sdk/tensorflow/lite/micro/kernels/floor.cc.o\x1b[0m\n'}
[149.268695] (-) TimerEvent: {}
[149.369944] (-) TimerEvent: {}
[149.471172] (-) TimerEvent: {}
[149.572253] (-) TimerEvent: {}
[149.673445] (-) TimerEvent: {}
[149.774544] (-) TimerEvent: {}
[149.876192] (-) TimerEvent: {}
[149.978545] (-) TimerEvent: {}
[150.087986] (-) TimerEvent: {}
[150.189877] (-) TimerEvent: {}
[150.291338] (-) TimerEvent: {}
[150.393252] (-) TimerEvent: {}
[150.495337] (-) TimerEvent: {}
[150.597905] (-) TimerEvent: {}
[150.700174] (-) TimerEvent: {}
[150.802280] (-) TimerEvent: {}
[150.904232] (-) TimerEvent: {}
[151.006795] (-) TimerEvent: {}
[151.113502] (-) TimerEvent: {}
[151.218216] (-) TimerEvent: {}
[151.321295] (-) TimerEvent: {}
[151.422370] (-) TimerEvent: {}
[151.523545] (-) TimerEvent: {}
[151.624753] (-) TimerEvent: {}
[151.726948] (-) TimerEvent: {}
[151.828149] (-) TimerEvent: {}
[151.874832] (ei_whistle_cpp) StdoutLine: {'line': b'[ 37%] \x1b[32mBuilding CXX object CMakeFiles/whistle_node.dir/edge-impulse-sdk/tensorflow/lite/micro/kernels/floor_div.cc.o\x1b[0m\n'}
[151.928533] (-) TimerEvent: {}
[152.030602] (-) TimerEvent: {}
[152.133051] (-) TimerEvent: {}
[152.234252] (-) TimerEvent: {}
[152.336163] (-) TimerEvent: {}
[152.372197] (ei_whistle_cpp) StdoutLine: {'line': b'[ 37%] \x1b[32mBuilding CXX object CMakeFiles/whistle_node.dir/edge-impulse-sdk/tensorflow/lite/micro/kernels/floor_mod.cc.o\x1b[0m\n'}
[152.437067] (-) TimerEvent: {}
[152.538256] (-) TimerEvent: {}
[152.639346] (-) TimerEvent: {}
[152.740645] (-) TimerEvent: {}
[152.841948] (-) TimerEvent: {}
[152.943426] (-) TimerEvent: {}
[153.044941] (-) TimerEvent: {}
[153.146177] (-) TimerEvent: {}
[153.248771] (-) TimerEvent: {}
[153.349917] (-) TimerEvent: {}
[153.451094] (-) TimerEvent: {}
[153.552725] (-) TimerEvent: {}
[153.654050] (-) TimerEvent: {}
[153.755563] (-) TimerEvent: {}
[153.856701] (-) TimerEvent: {}
[153.957784] (-) TimerEvent: {}
[154.058867] (-) TimerEvent: {}
[154.160036] (-) TimerEvent: {}
[154.261426] (-) TimerEvent: {}
[154.363095] (-) TimerEvent: {}
[154.464557] (-) TimerEvent: {}
[154.565838] (-) TimerEvent: {}
[154.666944] (-) TimerEvent: {}
[154.768623] (-) TimerEvent: {}
[154.869965] (-) TimerEvent: {}
[154.971618] (-) TimerEvent: {}
[155.073150] (-) TimerEvent: {}
[155.174653] (-) TimerEvent: {}
[155.276116] (-) TimerEvent: {}
[155.377308] (-) TimerEvent: {}
[155.479213] (-) TimerEvent: {}
[155.580574] (-) TimerEvent: {}
[155.617630] (ei_whistle_cpp) StdoutLine: {'line': b'[ 38%] \x1b[32mBuilding CXX object CMakeFiles/whistle_node.dir/edge-impulse-sdk/tensorflow/lite/micro/kernels/fully_connected.cc.o\x1b[0m\n'}
[155.680787] (-) TimerEvent: {}
[155.731941] (ei_whistle_cpp) StdoutLine: {'line': b'[ 39%] \x1b[32mBuilding CXX object CMakeFiles/whistle_node.dir/edge-impulse-sdk/tensorflow/lite/micro/kernels/fully_connected_common.cc.o\x1b[0m\n'}
[155.781082] (-) TimerEvent: {}
[155.882216] (-) TimerEvent: {}
[155.983209] (-) TimerEvent: {}
[156.084302] (-) TimerEvent: {}
[156.185457] (-) TimerEvent: {}
[156.286971] (-) TimerEvent: {}
[156.388057] (-) TimerEvent: {}
[156.496714] (-) TimerEvent: {}
[156.598875] (-) TimerEvent: {}
[156.700723] (-) TimerEvent: {}
[156.804712] (-) TimerEvent: {}
[156.908718] (-) TimerEvent: {}
[157.014755] (-) TimerEvent: {}
[157.115978] (-) TimerEvent: {}
[157.217390] (-) TimerEvent: {}
[157.321078] (-) TimerEvent: {}
[157.435969] (-) TimerEvent: {}
[157.541170] (-) TimerEvent: {}
[157.642735] (-) TimerEvent: {}
[157.748706] (-) TimerEvent: {}
[157.856663] (-) TimerEvent: {}
[157.964879] (-) TimerEvent: {}
[158.071806] (-) TimerEvent: {}
[158.176214] (-) TimerEvent: {}
[158.281427] (-) TimerEvent: {}
[158.384728] (-) TimerEvent: {}
[158.488153] (-) TimerEvent: {}
[158.590676] (-) TimerEvent: {}
[158.695278] (-) TimerEvent: {}
[158.798695] (-) TimerEvent: {}
[158.900846] (-) TimerEvent: {}
[159.002634] (-) TimerEvent: {}
[159.104864] (-) TimerEvent: {}
[159.207007] (-) TimerEvent: {}
[159.309506] (-) TimerEvent: {}
[159.411713] (-) TimerEvent: {}
[159.512884] (-) TimerEvent: {}
[159.614025] (-) TimerEvent: {}
[159.716773] (-) TimerEvent: {}
[159.817808] (-) TimerEvent: {}
[159.918841] (-) TimerEvent: {}
[160.019879] (-) TimerEvent: {}
[160.120939] (-) TimerEvent: {}
[160.222061] (-) TimerEvent: {}
[160.323905] (-) TimerEvent: {}
[160.425778] (-) TimerEvent: {}
[160.527694] (-) TimerEvent: {}
[160.630067] (-) TimerEvent: {}
[160.732201] (-) TimerEvent: {}
[160.834220] (-) TimerEvent: {}
[160.936017] (-) TimerEvent: {}
[160.950308] (ei_whistle_cpp) StdoutLine: {'line': b'[ 39%] \x1b[32mBuilding CXX object CMakeFiles/whistle_node.dir/edge-impulse-sdk/tensorflow/lite/micro/kernels/gather.cc.o\x1b[0m\n'}
[161.022095] (ei_whistle_cpp) StdoutLine: {'line': b'[ 40%] \x1b[32mBuilding CXX object CMakeFiles/whistle_node.dir/edge-impulse-sdk/tensorflow/lite/micro/kernels/gather_nd.cc.o\x1b[0m\n'}
[161.036254] (-) TimerEvent: {}
[161.137855] (-) TimerEvent: {}
[161.239574] (-) TimerEvent: {}
[161.340701] (-) TimerEvent: {}
[161.441634] (-) TimerEvent: {}
[161.542586] (-) TimerEvent: {}
[161.643429] (-) TimerEvent: {}
[161.744297] (-) TimerEvent: {}
[161.845224] (-) TimerEvent: {}
[161.946296] (-) TimerEvent: {}
[162.047391] (-) TimerEvent: {}
[162.148385] (-) TimerEvent: {}
[162.249404] (-) TimerEvent: {}
[162.350632] (-) TimerEvent: {}
[162.451748] (-) TimerEvent: {}
[162.553787] (-) TimerEvent: {}
[162.656075] (-) TimerEvent: {}
[162.758526] (-) TimerEvent: {}
[162.860838] (-) TimerEvent: {}
[162.963031] (-) TimerEvent: {}
[163.065779] (-) TimerEvent: {}
[163.168009] (-) TimerEvent: {}
[163.270469] (-) TimerEvent: {}
[163.372403] (-) TimerEvent: {}
[163.474730] (-) TimerEvent: {}
[163.575879] (-) TimerEvent: {}
[163.678577] (-) TimerEvent: {}
[163.780617] (-) TimerEvent: {}
[163.882599] (-) TimerEvent: {}
[163.984561] (-) TimerEvent: {}
[164.086486] (-) TimerEvent: {}
[164.188559] (-) TimerEvent: {}
[164.289699] (-) TimerEvent: {}
[164.391882] (-) TimerEvent: {}
[164.493823] (-) TimerEvent: {}
[164.594880] (-) TimerEvent: {}
[164.696069] (-) TimerEvent: {}
[164.798576] (-) TimerEvent: {}
[164.900730] (-) TimerEvent: {}
[165.002028] (-) TimerEvent: {}
[165.107334] (-) TimerEvent: {}
[165.209073] (-) TimerEvent: {}
[165.311048] (-) TimerEvent: {}
[165.412957] (-) TimerEvent: {}
[165.514946] (-) TimerEvent: {}
[165.615980] (-) TimerEvent: {}
[165.717076] (-) TimerEvent: {}
[165.818109] (-) TimerEvent: {}
[165.919307] (-) TimerEvent: {}
[166.020745] (-) TimerEvent: {}
[166.121690] (-) TimerEvent: {}
[166.222841] (-) TimerEvent: {}
[166.324151] (-) TimerEvent: {}
[166.425142] (-) TimerEvent: {}
[166.526077] (-) TimerEvent: {}
[166.627109] (-) TimerEvent: {}
[166.727933] (-) TimerEvent: {}
[166.828947] (-) TimerEvent: {}
[166.929810] (-) TimerEvent: {}
[167.030673] (-) TimerEvent: {}
[167.131653] (-) TimerEvent: {}
[167.232512] (-) TimerEvent: {}
[167.286663] (ei_whistle_cpp) StdoutLine: {'line': b'[ 41%] \x1b[32mBuilding CXX object CMakeFiles/whistle_node.dir/edge-impulse-sdk/tensorflow/lite/micro/kernels/if.cc.o\x1b[0m\n'}
[167.332708] (-) TimerEvent: {}
[167.433515] (-) TimerEvent: {}
[167.534214] (-) TimerEvent: {}
[167.634978] (-) TimerEvent: {}
[167.735712] (-) TimerEvent: {}
[167.836535] (-) TimerEvent: {}
[167.937284] (-) TimerEvent: {}
[168.038229] (-) TimerEvent: {}
[168.139019] (-) TimerEvent: {}
[168.239763] (-) TimerEvent: {}
[168.340594] (-) TimerEvent: {}
[168.441399] (-) TimerEvent: {}
[168.542583] (-) TimerEvent: {}
[168.643984] (-) TimerEvent: {}
[168.745180] (-) TimerEvent: {}
[168.846543] (-) TimerEvent: {}
[168.947781] (-) TimerEvent: {}
[169.048994] (-) TimerEvent: {}
[169.150018] (-) TimerEvent: {}
[169.251111] (-) TimerEvent: {}
[169.352581] (-) TimerEvent: {}
[169.454242] (-) TimerEvent: {}
[169.555462] (-) TimerEvent: {}
[169.656672] (-) TimerEvent: {}
[169.758154] (-) TimerEvent: {}
[169.859275] (-) TimerEvent: {}
[169.960570] (-) TimerEvent: {}
[170.061651] (-) TimerEvent: {}
[170.162675] (-) TimerEvent: {}
[170.263648] (-) TimerEvent: {}
[170.344021] (ei_whistle_cpp) StdoutLine: {'line': b'[ 41%] \x1b[32mBuilding CXX object CMakeFiles/whistle_node.dir/edge-impulse-sdk/tensorflow/lite/micro/kernels/kernel_runner.cc.o\x1b[0m\n'}
[170.363874] (-) TimerEvent: {}
[170.465915] (-) TimerEvent: {}
[170.567178] (-) TimerEvent: {}
[170.668388] (-) TimerEvent: {}
[170.769798] (-) TimerEvent: {}
[170.871087] (-) TimerEvent: {}
[170.972826] (-) TimerEvent: {}
[171.073791] (-) TimerEvent: {}
[171.174755] (-) TimerEvent: {}
[171.275803] (-) TimerEvent: {}
[171.377242] (-) TimerEvent: {}
[171.478218] (-) TimerEvent: {}
[171.579128] (-) TimerEvent: {}
[171.680065] (-) TimerEvent: {}
[171.781614] (-) TimerEvent: {}
[171.882732] (-) TimerEvent: {}
[171.984786] (-) TimerEvent: {}
[172.085994] (-) TimerEvent: {}
[172.186932] (-) TimerEvent: {}
[172.289480] (-) TimerEvent: {}
[172.390753] (-) TimerEvent: {}
[172.406175] (ei_whistle_cpp) StdoutLine: {'line': b'[ 42%] \x1b[32mBuilding CXX object CMakeFiles/whistle_node.dir/edge-impulse-sdk/tensorflow/lite/micro/kernels/hard_swish_common.cc.o\x1b[0m\n'}
[172.490994] (-) TimerEvent: {}
[172.593186] (-) TimerEvent: {}
[172.694422] (-) TimerEvent: {}
[172.795604] (-) TimerEvent: {}
[172.896733] (-) TimerEvent: {}
[172.998885] (-) TimerEvent: {}
[173.101125] (-) TimerEvent: {}
[173.203513] (-) TimerEvent: {}
[173.305985] (-) TimerEvent: {}
[173.408278] (-) TimerEvent: {}
[173.511525] (-) TimerEvent: {}
[173.616808] (-) TimerEvent: {}
[173.719830] (-) TimerEvent: {}
[173.820883] (-) TimerEvent: {}
[173.923962] (-) TimerEvent: {}
[174.026366] (-) TimerEvent: {}
[174.129583] (-) TimerEvent: {}
[174.240714] (-) TimerEvent: {}
[174.341886] (-) TimerEvent: {}
[174.443065] (-) TimerEvent: {}
[174.509196] (ei_whistle_cpp) StdoutLine: {'line': b'[ 42%] \x1b[32mBuilding CXX object CMakeFiles/whistle_node.dir/edge-impulse-sdk/tensorflow/lite/micro/kernels/hard_swish.cc.o\x1b[0m\n'}
[174.543489] (-) TimerEvent: {}
[174.644649] (-) TimerEvent: {}
[174.745561] (-) TimerEvent: {}
[174.846443] (-) TimerEvent: {}
[174.947324] (-) TimerEvent: {}
[175.048351] (-) TimerEvent: {}
[175.149457] (-) TimerEvent: {}
[175.252008] (-) TimerEvent: {}
[175.353766] (-) TimerEvent: {}
[175.455807] (-) TimerEvent: {}
[175.558091] (-) TimerEvent: {}
[175.659961] (-) TimerEvent: {}
[175.761879] (-) TimerEvent: {}
[175.863967] (-) TimerEvent: {}
[175.965966] (-) TimerEvent: {}
[176.067874] (-) TimerEvent: {}
[176.170101] (-) TimerEvent: {}
[176.271169] (-) TimerEvent: {}
[176.372510] (-) TimerEvent: {}
[176.473588] (-) TimerEvent: {}
[176.574699] (-) TimerEvent: {}
[176.675815] (-) TimerEvent: {}
[176.776999] (-) TimerEvent: {}
[176.878278] (-) TimerEvent: {}
[176.979632] (-) TimerEvent: {}
[177.081795] (-) TimerEvent: {}
[177.182977] (-) TimerEvent: {}
[177.284123] (-) TimerEvent: {}
[177.385214] (-) TimerEvent: {}
[177.486406] (-) TimerEvent: {}
[177.600921] (-) TimerEvent: {}
[177.703016] (-) TimerEvent: {}
[177.804231] (-) TimerEvent: {}
[177.905661] (-) TimerEvent: {}
[178.006968] (-) TimerEvent: {}
[178.108170] (-) TimerEvent: {}
[178.209810] (-) TimerEvent: {}
[178.311031] (-) TimerEvent: {}
[178.412342] (-) TimerEvent: {}
[178.516729] (-) TimerEvent: {}
[178.617901] (-) TimerEvent: {}
[178.720127] (-) TimerEvent: {}
[178.822392] (-) TimerEvent: {}
[178.924253] (-) TimerEvent: {}
[179.028742] (-) TimerEvent: {}
[179.137023] (-) TimerEvent: {}
[179.240678] (-) TimerEvent: {}
[179.344714] (-) TimerEvent: {}
[179.448694] (-) TimerEvent: {}
[179.552713] (-) TimerEvent: {}
[179.668686] (-) TimerEvent: {}
[179.772351] (-) TimerEvent: {}
[179.876633] (-) TimerEvent: {}
[179.992671] (-) TimerEvent: {}
[180.096710] (-) TimerEvent: {}
[180.197685] (-) TimerEvent: {}
[180.298657] (-) TimerEvent: {}
[180.399710] (-) TimerEvent: {}
[180.500915] (-) TimerEvent: {}
[180.602950] (-) TimerEvent: {}
[180.704083] (-) TimerEvent: {}
[180.805247] (-) TimerEvent: {}
[180.906360] (-) TimerEvent: {}
[181.008995] (-) TimerEvent: {}
[181.112157] (-) TimerEvent: {}
[181.213682] (-) TimerEvent: {}
[181.314835] (-) TimerEvent: {}
[181.416668] (-) TimerEvent: {}
[181.517551] (-) TimerEvent: {}
[181.618396] (-) TimerEvent: {}
[181.719240] (-) TimerEvent: {}
[181.820554] (-) TimerEvent: {}
[181.921769] (-) TimerEvent: {}
[182.023016] (-) TimerEvent: {}
[182.123884] (-) TimerEvent: {}
[182.224684] (-) TimerEvent: {}
[182.325501] (-) TimerEvent: {}
[182.426309] (-) TimerEvent: {}
[182.527155] (-) TimerEvent: {}
[182.628120] (-) TimerEvent: {}
[182.728979] (-) TimerEvent: {}
[182.829791] (-) TimerEvent: {}
[182.930573] (-) TimerEvent: {}
[183.031381] (-) TimerEvent: {}
[183.132212] (-) TimerEvent: {}
[183.232985] (-) TimerEvent: {}
[183.333743] (-) TimerEvent: {}
[183.434486] (-) TimerEvent: {}
[183.535238] (-) TimerEvent: {}
[183.636102] (-) TimerEvent: {}
[183.737898] (-) TimerEvent: {}
[183.838757] (-) TimerEvent: {}
[183.939659] (-) TimerEvent: {}
[184.040837] (-) TimerEvent: {}
[184.141618] (-) TimerEvent: {}
[184.242431] (-) TimerEvent: {}
[184.343193] (-) TimerEvent: {}
[184.444041] (-) TimerEvent: {}
[184.544834] (-) TimerEvent: {}
[184.645610] (-) TimerEvent: {}
[184.746395] (-) TimerEvent: {}
[184.847176] (-) TimerEvent: {}
[184.948001] (-) TimerEvent: {}
[184.982828] (ei_whistle_cpp) StdoutLine: {'line': b'[ 43%] \x1b[32mBuilding CXX object CMakeFiles/whistle_node.dir/edge-impulse-sdk/tensorflow/lite/micro/kernels/l2norm.cc.o\x1b[0m\n'}
[185.048237] (-) TimerEvent: {}
[185.149171] (-) TimerEvent: {}
[185.249965] (-) TimerEvent: {}
[185.350776] (-) TimerEvent: {}
[185.451664] (-) TimerEvent: {}
[185.552563] (-) TimerEvent: {}
[185.653412] (-) TimerEvent: {}
[185.742324] (ei_whistle_cpp) StdoutLine: {'line': b'[ 43%] \x1b[32mBuilding CXX object CMakeFiles/whistle_node.dir/edge-impulse-sdk/tensorflow/lite/micro/kernels/l2_pool_2d.cc.o\x1b[0m\n'}
[185.753611] (-) TimerEvent: {}
[185.854914] (-) TimerEvent: {}
[185.955790] (-) TimerEvent: {}
[186.056718] (-) TimerEvent: {}
[186.157897] (-) TimerEvent: {}
[186.258969] (-) TimerEvent: {}
[186.360396] (-) TimerEvent: {}
[186.461655] (-) TimerEvent: {}
[186.563190] (-) TimerEvent: {}
[186.664124] (-) TimerEvent: {}
[186.765080] (-) TimerEvent: {}
[186.801722] (ei_whistle_cpp) StdoutLine: {'line': b'[ 44%] \x1b[32mBuilding CXX object CMakeFiles/whistle_node.dir/edge-impulse-sdk/tensorflow/lite/micro/kernels/leaky_relu.cc.o\x1b[0m\n'}
[186.865341] (-) TimerEvent: {}
[186.967063] (-) TimerEvent: {}
[187.068887] (-) TimerEvent: {}
[187.170039] (-) TimerEvent: {}
[187.271090] (-) TimerEvent: {}
[187.372168] (-) TimerEvent: {}
[187.473218] (-) TimerEvent: {}
[187.574368] (-) TimerEvent: {}
[187.675600] (-) TimerEvent: {}
[187.776796] (-) TimerEvent: {}
[187.877953] (-) TimerEvent: {}
[187.933029] (ei_whistle_cpp) StdoutLine: {'line': b'[ 45%] \x1b[32mBuilding CXX object CMakeFiles/whistle_node.dir/edge-impulse-sdk/tensorflow/lite/micro/kernels/kernel_util_micro.cc.o\x1b[0m\n'}
[187.978178] (-) TimerEvent: {}
[188.079965] (-) TimerEvent: {}
[188.181612] (-) TimerEvent: {}
[188.283263] (-) TimerEvent: {}
[188.385616] (-) TimerEvent: {}
[188.487804] (-) TimerEvent: {}
[188.589637] (-) TimerEvent: {}
[188.691541] (-) TimerEvent: {}
[188.793600] (-) TimerEvent: {}
[188.895607] (-) TimerEvent: {}
[188.997519] (-) TimerEvent: {}
[189.099375] (-) TimerEvent: {}
[189.200430] (-) TimerEvent: {}
[189.301969] (-) TimerEvent: {}
[189.403005] (-) TimerEvent: {}
[189.505672] (-) TimerEvent: {}
[189.608315] (-) TimerEvent: {}
[189.710395] (-) TimerEvent: {}
[189.816958] (-) TimerEvent: {}
[189.918019] (-) TimerEvent: {}
[190.020334] (-) TimerEvent: {}
[190.122311] (-) TimerEvent: {}
[190.223411] (-) TimerEvent: {}
[190.325729] (-) TimerEvent: {}
[190.428193] (-) TimerEvent: {}
[190.530321] (-) TimerEvent: {}
[190.632664] (-) TimerEvent: {}
[190.734928] (-) TimerEvent: {}
[190.837064] (-) TimerEvent: {}
[190.947965] (-) TimerEvent: {}
[191.049077] (-) TimerEvent: {}
[191.152053] (-) TimerEvent: {}
[191.253465] (-) TimerEvent: {}
[191.354889] (-) TimerEvent: {}
[191.456082] (-) TimerEvent: {}
[191.557772] (-) TimerEvent: {}
[191.660008] (-) TimerEvent: {}
[191.763755] (-) TimerEvent: {}
[191.865551] (-) TimerEvent: {}
[191.967714] (-) TimerEvent: {}
[192.078363] (-) TimerEvent: {}
[192.188745] (-) TimerEvent: {}
[192.292729] (-) TimerEvent: {}
[192.396698] (-) TimerEvent: {}
[192.504720] (-) TimerEvent: {}
[192.608711] (-) TimerEvent: {}
[192.712675] (-) TimerEvent: {}
[192.816682] (-) TimerEvent: {}
[192.920669] (-) TimerEvent: {}
[193.024723] (-) TimerEvent: {}
[193.132721] (-) TimerEvent: {}
[193.240686] (-) TimerEvent: {}
[193.344668] (-) TimerEvent: {}
[193.445800] (-) TimerEvent: {}
[193.547747] (-) TimerEvent: {}
[193.649858] (-) TimerEvent: {}
[193.751933] (-) TimerEvent: {}
[193.853981] (-) TimerEvent: {}
[193.956040] (-) TimerEvent: {}
[194.058214] (-) TimerEvent: {}
[194.160166] (-) TimerEvent: {}
[194.262509] (-) TimerEvent: {}
[194.365028] (-) TimerEvent: {}
[194.466327] (-) TimerEvent: {}
[194.567697] (-) TimerEvent: {}
[194.668697] (-) TimerEvent: {}
[194.769660] (-) TimerEvent: {}
[194.870792] (-) TimerEvent: {}
[194.971674] (-) TimerEvent: {}
[195.072544] (-) TimerEvent: {}
[195.173422] (-) TimerEvent: {}
[195.274194] (-) TimerEvent: {}
[195.375027] (-) TimerEvent: {}
[195.475842] (-) TimerEvent: {}
[195.576625] (-) TimerEvent: {}
[195.677393] (-) TimerEvent: {}
[195.779010] (-) TimerEvent: {}
[195.879804] (-) TimerEvent: {}
[195.981083] (-) TimerEvent: {}
[196.081919] (-) TimerEvent: {}
[196.182764] (-) TimerEvent: {}
[196.283566] (-) TimerEvent: {}
[196.384357] (-) TimerEvent: {}
[196.485181] (-) TimerEvent: {}
[196.585961] (-) TimerEvent: {}
[196.686778] (-) TimerEvent: {}
[196.787564] (-) TimerEvent: {}
[196.888341] (-) TimerEvent: {}
[196.989174] (-) TimerEvent: {}
[197.090085] (-) TimerEvent: {}
[197.190861] (-) TimerEvent: {}
[197.291655] (-) TimerEvent: {}
[197.392520] (-) TimerEvent: {}
[197.493304] (-) TimerEvent: {}
[197.594120] (-) TimerEvent: {}
[197.694896] (-) TimerEvent: {}
[197.795689] (-) TimerEvent: {}
[197.896538] (-) TimerEvent: {}
[197.997363] (-) TimerEvent: {}
[198.098210] (-) TimerEvent: {}
[198.199034] (-) TimerEvent: {}
[198.299860] (-) TimerEvent: {}
[198.400671] (-) TimerEvent: {}
[198.501440] (-) TimerEvent: {}
[198.602308] (-) TimerEvent: {}
[198.703117] (-) TimerEvent: {}
[198.803947] (-) TimerEvent: {}
[198.904781] (-) TimerEvent: {}
[199.005614] (-) TimerEvent: {}
[199.106509] (-) TimerEvent: {}
[199.207309] (-) TimerEvent: {}
[199.308168] (-) TimerEvent: {}
[199.409046] (-) TimerEvent: {}
[199.509881] (-) TimerEvent: {}
[199.610645] (-) TimerEvent: {}
[199.711409] (-) TimerEvent: {}
[199.812510] (-) TimerEvent: {}
[199.913514] (-) TimerEvent: {}
[200.014310] (-) TimerEvent: {}
[200.115149] (-) TimerEvent: {}
[200.134990] (ei_whistle_cpp) StdoutLine: {'line': b'[ 45%] \x1b[32mBuilding CXX object CMakeFiles/whistle_node.dir/edge-impulse-sdk/tensorflow/lite/micro/kernels/logical.cc.o\x1b[0m\n'}
[200.215518] (-) TimerEvent: {}
[200.316303] (-) TimerEvent: {}
[200.417276] (-) TimerEvent: {}
[200.518323] (-) TimerEvent: {}
[200.619360] (-) TimerEvent: {}
[200.720279] (-) TimerEvent: {}
[200.821406] (-) TimerEvent: {}
[200.923078] (-) TimerEvent: {}
[201.023908] (-) TimerEvent: {}
[201.124805] (-) TimerEvent: {}
[201.187079] (ei_whistle_cpp) StdoutLine: {'line': b'[ 46%] \x1b[32mBuilding CXX object CMakeFiles/whistle_node.dir/edge-impulse-sdk/tensorflow/lite/micro/kernels/log_softmax.cc.o\x1b[0m\n'}
[201.225087] (-) TimerEvent: {}
[201.325935] (-) TimerEvent: {}
[201.429194] (-) TimerEvent: {}
[201.531078] (-) TimerEvent: {}
[201.632843] (-) TimerEvent: {}
[201.740637] (-) TimerEvent: {}
[201.842575] (-) TimerEvent: {}
[201.944353] (-) TimerEvent: {}
[202.045844] (-) TimerEvent: {}
[202.146902] (-) TimerEvent: {}
[202.244176] (ei_whistle_cpp) StdoutLine: {'line': b'[ 46%] \x1b[32mBuilding CXX object CMakeFiles/whistle_node.dir/edge-impulse-sdk/tensorflow/lite/micro/kernels/leaky_relu_common.cc.o\x1b[0m\n'}
[202.247164] (-) TimerEvent: {}
[202.351667] (-) TimerEvent: {}
[202.452807] (-) TimerEvent: {}
[202.555457] (-) TimerEvent: {}
[202.657160] (-) TimerEvent: {}
[202.759286] (-) TimerEvent: {}
[202.861610] (-) TimerEvent: {}
[202.963471] (-) TimerEvent: {}
[203.065340] (-) TimerEvent: {}
[203.167308] (-) TimerEvent: {}
[203.269597] (-) TimerEvent: {}
[203.371398] (-) TimerEvent: {}
[203.473400] (-) TimerEvent: {}
[203.575072] (-) TimerEvent: {}
[203.676782] (-) TimerEvent: {}
[203.780349] (-) TimerEvent: {}
[203.882283] (-) TimerEvent: {}
[203.984128] (-) TimerEvent: {}
[204.086378] (-) TimerEvent: {}
[204.188559] (-) TimerEvent: {}
[204.290483] (-) TimerEvent: {}
[204.393866] (-) TimerEvent: {}
[204.495721] (-) TimerEvent: {}
[204.597669] (-) TimerEvent: {}
[204.699664] (-) TimerEvent: {}
[204.801804] (-) TimerEvent: {}
[204.904221] (-) TimerEvent: {}
[205.005701] (-) TimerEvent: {}
[205.106885] (-) TimerEvent: {}
[205.208166] (-) TimerEvent: {}
[205.309460] (-) TimerEvent: {}
[205.410711] (-) TimerEvent: {}
[205.511997] (-) TimerEvent: {}
[205.613422] (-) TimerEvent: {}
[205.714660] (-) TimerEvent: {}
[205.815908] (-) TimerEvent: {}
[205.917435] (-) TimerEvent: {}
[206.018926] (-) TimerEvent: {}
[206.120883] (-) TimerEvent: {}
[206.222352] (-) TimerEvent: {}
[206.323988] (-) TimerEvent: {}
[206.425048] (-) TimerEvent: {}
[206.496856] (ei_whistle_cpp) StdoutLine: {'line': b'[ 47%] \x1b[32mBuilding CXX object CMakeFiles/whistle_node.dir/edge-impulse-sdk/tensorflow/lite/micro/kernels/logical_common.cc.o\x1b[0m\n'}
[206.525330] (-) TimerEvent: {}
[206.626894] (-) TimerEvent: {}
[206.727988] (-) TimerEvent: {}
[206.829091] (-) TimerEvent: {}
[206.930194] (-) TimerEvent: {}
[207.031456] (-) TimerEvent: {}
[207.133072] (-) TimerEvent: {}
[207.234360] (-) TimerEvent: {}
[207.335509] (-) TimerEvent: {}
[207.436727] (-) TimerEvent: {}
[207.537842] (-) TimerEvent: {}
[207.638901] (-) TimerEvent: {}
[207.744208] (-) TimerEvent: {}
[207.847770] (-) TimerEvent: {}
[207.951244] (-) TimerEvent: {}
[208.052356] (-) TimerEvent: {}
[208.156705] (-) TimerEvent: {}
[208.257916] (-) TimerEvent: {}
[208.359293] (-) TimerEvent: {}
[208.467292] (-) TimerEvent: {}
[208.558041] (ei_whistle_cpp) StdoutLine: {'line': b'[ 48%] \x1b[32mBuilding CXX object CMakeFiles/whistle_node.dir/edge-impulse-sdk/tensorflow/lite/micro/kernels/logistic.cc.o\x1b[0m\n'}
[208.567642] (-) TimerEvent: {}
[208.668851] (-) TimerEvent: {}
[208.770019] (-) TimerEvent: {}
[208.871104] (-) TimerEvent: {}
[208.972128] (-) TimerEvent: {}
[209.073373] (-) TimerEvent: {}
[209.175338] (-) TimerEvent: {}
[209.277382] (-) TimerEvent: {}
[209.379214] (-) TimerEvent: {}
[209.481194] (-) TimerEvent: {}
[209.583030] (-) TimerEvent: {}
[209.684927] (-) TimerEvent: {}
[209.788706] (-) TimerEvent: {}
[209.890645] (-) TimerEvent: {}
[209.992435] (-) TimerEvent: {}
[210.094252] (-) TimerEvent: {}
[210.195965] (-) TimerEvent: {}
[210.297782] (-) TimerEvent: {}
[210.399447] (-) TimerEvent: {}
[210.501360] (-) TimerEvent: {}
[210.603416] (-) TimerEvent: {}
[210.704499] (-) TimerEvent: {}
[210.805521] (-) TimerEvent: {}
[210.844020] (ei_whistle_cpp) StdoutLine: {'line': b'[ 48%] \x1b[32mBuilding CXX object CMakeFiles/whistle_node.dir/edge-impulse-sdk/tensorflow/lite/micro/kernels/logistic_common.cc.o\x1b[0m\n'}
[210.905822] (-) TimerEvent: {}
[211.006890] (-) TimerEvent: {}
[211.108507] (-) TimerEvent: {}
[211.137376] (ei_whistle_cpp) StdoutLine: {'line': b'[ 49%] \x1b[32mBuilding CXX object CMakeFiles/whistle_node.dir/edge-impulse-sdk/tensorflow/lite/micro/kernels/lstm_eval.cc.o\x1b[0m\n'}
[211.208687] (-) TimerEvent: {}
[211.309876] (-) TimerEvent: {}
[211.410854] (-) TimerEvent: {}
[211.511754] (-) TimerEvent: {}
[211.612728] (-) TimerEvent: {}
[211.713712] (-) TimerEvent: {}
[211.814646] (-) TimerEvent: {}
[211.915530] (-) TimerEvent: {}
[212.016496] (-) TimerEvent: {}
[212.117571] (-) TimerEvent: {}
[212.218580] (-) TimerEvent: {}
[212.319589] (-) TimerEvent: {}
[212.420677] (-) TimerEvent: {}
[212.521775] (-) TimerEvent: {}
[212.622944] (-) TimerEvent: {}
[212.724325] (-) TimerEvent: {}
[212.825433] (-) TimerEvent: {}
[212.926620] (-) TimerEvent: {}
[213.027825] (-) TimerEvent: {}
[213.128954] (-) TimerEvent: {}
[213.238337] (-) TimerEvent: {}
[213.340068] (-) TimerEvent: {}
[213.443224] (-) TimerEvent: {}
[213.546516] (-) TimerEvent: {}
[213.648487] (-) TimerEvent: {}
[213.750379] (-) TimerEvent: {}
[213.852297] (-) TimerEvent: {}
[213.954323] (-) TimerEvent: {}
[214.056410] (-) TimerEvent: {}
[214.158781] (-) TimerEvent: {}
[214.261012] (-) TimerEvent: {}
[214.362902] (-) TimerEvent: {}
[214.464824] (-) TimerEvent: {}
[214.567027] (-) TimerEvent: {}
[214.669243] (-) TimerEvent: {}
[214.774778] (-) TimerEvent: {}
[214.876276] (-) TimerEvent: {}
[214.984708] (-) TimerEvent: {}
[215.086062] (-) TimerEvent: {}
[215.187431] (-) TimerEvent: {}
[215.288647] (-) TimerEvent: {}
[215.391024] (-) TimerEvent: {}
[215.494630] (-) TimerEvent: {}
[215.596728] (-) TimerEvent: {}
[215.655725] (ei_whistle_cpp) StdoutLine: {'line': b'[ 50%] \x1b[32mBuilding CXX object CMakeFiles/whistle_node.dir/edge-impulse-sdk/tensorflow/lite/micro/kernels/maximum_minimum.cc.o\x1b[0m\n'}
[215.696997] (-) TimerEvent: {}
[215.798926] (-) TimerEvent: {}
[215.900942] (-) TimerEvent: {}
[216.002853] (-) TimerEvent: {}
[216.104647] (-) TimerEvent: {}
[216.206619] (-) TimerEvent: {}
[216.308573] (-) TimerEvent: {}
[216.409620] (-) TimerEvent: {}
[216.510691] (-) TimerEvent: {}
[216.611711] (-) TimerEvent: {}
[216.712910] (-) TimerEvent: {}
[216.813979] (-) TimerEvent: {}
[216.915085] (-) TimerEvent: {}
[217.016327] (-) TimerEvent: {}
[217.117621] (-) TimerEvent: {}
[217.156484] (ei_whistle_cpp) StdoutLine: {'line': b'[ 50%] \x1b[32mBuilding CXX object CMakeFiles/whistle_node.dir/edge-impulse-sdk/tensorflow/lite/micro/kernels/micro_tensor_utils.cc.o\x1b[0m\n'}
[217.217962] (-) TimerEvent: {}
[217.320255] (-) TimerEvent: {}
[217.422049] (-) TimerEvent: {}
[217.523805] (-) TimerEvent: {}
[217.625630] (-) TimerEvent: {}
[217.727389] (-) TimerEvent: {}
[217.829227] (-) TimerEvent: {}
[217.930957] (-) TimerEvent: {}
[218.032696] (-) TimerEvent: {}
[218.134520] (-) TimerEvent: {}
[218.236422] (-) TimerEvent: {}
[218.338422] (-) TimerEvent: {}
[218.448541] (-) TimerEvent: {}
[218.549726] (-) TimerEvent: {}
[218.652654] (-) TimerEvent: {}
[218.766420] (-) TimerEvent: {}
[218.867727] (-) TimerEvent: {}
[218.969827] (-) TimerEvent: {}
[219.071786] (-) TimerEvent: {}
[219.173811] (-) TimerEvent: {}
[219.275738] (-) TimerEvent: {}
[219.377772] (-) TimerEvent: {}
[219.479749] (-) TimerEvent: {}
[219.582109] (-) TimerEvent: {}
[219.684532] (-) TimerEvent: {}
[219.786559] (-) TimerEvent: {}
[219.888610] (-) TimerEvent: {}
[219.990526] (-) TimerEvent: {}
[220.092751] (-) TimerEvent: {}
[220.207609] (-) TimerEvent: {}
[220.308900] (-) TimerEvent: {}
[220.410441] (-) TimerEvent: {}
[220.511628] (-) TimerEvent: {}
[220.612739] (-) TimerEvent: {}
[220.714128] (-) TimerEvent: {}
[220.815373] (-) TimerEvent: {}
[220.916694] (-) TimerEvent: {}
[221.017786] (-) TimerEvent: {}
[221.120783] (-) TimerEvent: {}
[221.225130] (-) TimerEvent: {}
[221.326232] (-) TimerEvent: {}
[221.427822] (-) TimerEvent: {}
[221.532996] (-) TimerEvent: {}
[221.634380] (-) TimerEvent: {}
[221.737291] (-) TimerEvent: {}
[221.839068] (-) TimerEvent: {}
[221.941212] (-) TimerEvent: {}
[222.042088] (-) TimerEvent: {}
[222.143024] (-) TimerEvent: {}
[222.243838] (-) TimerEvent: {}
[222.344751] (-) TimerEvent: {}
[222.445683] (-) TimerEvent: {}
[222.546681] (-) TimerEvent: {}
[222.647610] (-) TimerEvent: {}
[222.748530] (-) TimerEvent: {}
[222.849320] (-) TimerEvent: {}
[222.950086] (-) TimerEvent: {}
[223.050936] (-) TimerEvent: {}
[223.151712] (-) TimerEvent: {}
[223.252560] (-) TimerEvent: {}
[223.353376] (-) TimerEvent: {}
[223.454159] (-) TimerEvent: {}
[223.554924] (-) TimerEvent: {}
[223.655702] (-) TimerEvent: {}
[223.756567] (-) TimerEvent: {}
[223.857340] (-) TimerEvent: {}
[223.958122] (-) TimerEvent: {}
[224.058847] (-) TimerEvent: {}
[224.157509] (ei_whistle_cpp) StdoutLine: {'line': b'[ 51%] \x1b[32mBuilding CXX object CMakeFiles/whistle_node.dir/edge-impulse-sdk/tensorflow/lite/micro/kernels/mli_slicers.cc.o\x1b[0m\n'}
[224.159033] (-) TimerEvent: {}
[224.259897] (-) TimerEvent: {}
[224.297411] (ei_whistle_cpp) StdoutLine: {'line': b'[ 52%] \x1b[32mBuilding CXX object CMakeFiles/whistle_node.dir/edge-impulse-sdk/tensorflow/lite/micro/kernels/mul.cc.o\x1b[0m\n'}
[224.360109] (-) TimerEvent: {}
[224.460888] (-) TimerEvent: {}
[224.561573] (-) TimerEvent: {}
[224.662261] (-) TimerEvent: {}
[224.762992] (-) TimerEvent: {}
[224.863776] (-) TimerEvent: {}
[224.964547] (-) TimerEvent: {}
[225.065354] (-) TimerEvent: {}
[225.166107] (-) TimerEvent: {}
[225.266932] (-) TimerEvent: {}
[225.341991] (ei_whistle_cpp) StdoutLine: {'line': b'[ 52%] \x1b[32mBuilding CXX object CMakeFiles/whistle_node.dir/edge-impulse-sdk/tensorflow/lite/micro/kernels/mul_common.cc.o\x1b[0m\n'}
[225.367221] (-) TimerEvent: {}
[225.468692] (-) TimerEvent: {}
[225.569770] (-) TimerEvent: {}
[225.672197] (-) TimerEvent: {}
[225.774326] (-) TimerEvent: {}
[225.877062] (-) TimerEvent: {}
[225.978507] (-) TimerEvent: {}
[226.079478] (-) TimerEvent: {}
[226.181985] (-) TimerEvent: {}
[226.283255] (-) TimerEvent: {}
[226.393008] (-) TimerEvent: {}
[226.396221] (ei_whistle_cpp) StdoutLine: {'line': b'[ 52%] \x1b[32mBuilding CXX object CMakeFiles/whistle_node.dir/edge-impulse-sdk/tensorflow/lite/micro/kernels/mli_interface.cc.o\x1b[0m\n'}
[226.493239] (-) TimerEvent: {}
[226.557822] (ei_whistle_cpp) StdoutLine: {'line': b'[ 53%] \x1b[32mBuilding CXX object CMakeFiles/whistle_node.dir/edge-impulse-sdk/tensorflow/lite/micro/kernels/mirror_pad.cc.o\x1b[0m\n'}
[226.593477] (-) TimerEvent: {}
[226.695181] (-) TimerEvent: {}
[226.796135] (-) TimerEvent: {}
[226.897165] (-) TimerEvent: {}
[226.998249] (-) TimerEvent: {}
[227.099186] (-) TimerEvent: {}
[227.200201] (-) TimerEvent: {}
[227.302099] (-) TimerEvent: {}
[227.403039] (-) TimerEvent: {}
[227.503929] (-) TimerEvent: {}
[227.605147] (-) TimerEvent: {}
[227.623381] (ei_whistle_cpp) StdoutLine: {'line': b'[ 54%] \x1b[32mBuilding CXX object CMakeFiles/whistle_node.dir/edge-impulse-sdk/tensorflow/lite/micro/kernels/neg.cc.o\x1b[0m\n'}
[227.705408] (-) TimerEvent: {}
[227.807306] (-) TimerEvent: {}
[227.909330] (-) TimerEvent: {}
[228.011473] (-) TimerEvent: {}
[228.112967] (-) TimerEvent: {}
[228.214118] (-) TimerEvent: {}
[228.315270] (-) TimerEvent: {}
[228.416587] (-) TimerEvent: {}
[228.517638] (-) TimerEvent: {}
[228.618617] (-) TimerEvent: {}
[228.719629] (-) TimerEvent: {}
[228.820744] (-) TimerEvent: {}
[228.922031] (-) TimerEvent: {}
[229.023043] (-) TimerEvent: {}
[229.124395] (-) TimerEvent: {}
[229.225544] (-) TimerEvent: {}
[229.326613] (-) TimerEvent: {}
[229.428196] (-) TimerEvent: {}
[229.529327] (-) TimerEvent: {}
[229.630736] (-) TimerEvent: {}
[229.731831] (-) TimerEvent: {}
[229.832892] (-) TimerEvent: {}
[229.935048] (-) TimerEvent: {}
[230.037213] (-) TimerEvent: {}
[230.138606] (-) TimerEvent: {}
[230.240588] (-) TimerEvent: {}
[230.341629] (-) TimerEvent: {}
[230.442752] (-) TimerEvent: {}
[230.544812] (-) TimerEvent: {}
[230.646807] (-) TimerEvent: {}
[230.748683] (-) TimerEvent: {}
[230.850348] (-) TimerEvent: {}
[230.952835] (-) TimerEvent: {}
[231.055693] (-) TimerEvent: {}
[231.156885] (-) TimerEvent: {}
[231.258883] (-) TimerEvent: {}
[231.361044] (-) TimerEvent: {}
[231.476721] (-) TimerEvent: {}
[231.578589] (-) TimerEvent: {}
[231.680605] (-) TimerEvent: {}
[231.782827] (-) TimerEvent: {}
[231.885217] (-) TimerEvent: {}
[231.996796] (-) TimerEvent: {}
[232.098886] (-) TimerEvent: {}
[232.200749] (-) TimerEvent: {}
[232.238755] (ei_whistle_cpp) StdoutLine: {'line': b'[ 54%] \x1b[32mBuilding CXX object CMakeFiles/whistle_node.dir/edge-impulse-sdk/tensorflow/lite/micro/kernels/pack.cc.o\x1b[0m\n'}
[232.301047] (-) TimerEvent: {}
[232.403128] (-) TimerEvent: {}
[232.504842] (-) TimerEvent: {}
[232.606569] (-) TimerEvent: {}
[232.708295] (-) TimerEvent: {}
[232.810154] (-) TimerEvent: {}
[232.911853] (-) TimerEvent: {}
[233.017194] (-) TimerEvent: {}
[233.118229] (-) TimerEvent: {}
[233.219284] (-) TimerEvent: {}
[233.320369] (-) TimerEvent: {}
[233.421456] (-) TimerEvent: {}
[233.522722] (-) TimerEvent: {}
[233.623886] (-) TimerEvent: {}
[233.725069] (-) TimerEvent: {}
[233.826220] (-) TimerEvent: {}
[233.880391] (ei_whistle_cpp) StdoutLine: {'line': b'[ 55%] \x1b[32mBuilding CXX object CMakeFiles/whistle_node.dir/edge-impulse-sdk/tensorflow/lite/micro/kernels/pad.cc.o\x1b[0m\n'}
[233.926535] (-) TimerEvent: {}
[234.027780] (-) TimerEvent: {}
[234.128840] (-) TimerEvent: {}
[234.229927] (-) TimerEvent: {}
[234.331194] (-) TimerEvent: {}
[234.432251] (-) TimerEvent: {}
[234.533409] (-) TimerEvent: {}
[234.634543] (-) TimerEvent: {}
[234.735536] (-) TimerEvent: {}
[234.836518] (-) TimerEvent: {}
[234.937523] (-) TimerEvent: {}
[235.038581] (-) TimerEvent: {}
[235.139725] (-) TimerEvent: {}
[235.240938] (-) TimerEvent: {}
[235.342311] (-) TimerEvent: {}
[235.443463] (-) TimerEvent: {}
[235.559312] (-) TimerEvent: {}
[235.661516] (-) TimerEvent: {}
[235.763669] (-) TimerEvent: {}
[235.866061] (-) TimerEvent: {}
[235.968164] (-) TimerEvent: {}
[236.070457] (-) TimerEvent: {}
[236.176803] (-) TimerEvent: {}
[236.278078] (-) TimerEvent: {}
[236.379447] (-) TimerEvent: {}
[236.484703] (-) TimerEvent: {}
[236.596434] (-) TimerEvent: {}
[236.708692] (-) TimerEvent: {}
[236.812692] (-) TimerEvent: {}
[236.920706] (-) TimerEvent: {}
[237.024777] (-) TimerEvent: {}
[237.125857] (-) TimerEvent: {}
[237.228714] (-) TimerEvent: {}
[237.329780] (-) TimerEvent: {}
[237.444683] (-) TimerEvent: {}
[237.548675] (-) TimerEvent: {}
[237.660753] (-) TimerEvent: {}
[237.761879] (-) TimerEvent: {}
[237.862920] (-) TimerEvent: {}
[237.964112] (-) TimerEvent: {}
[238.065412] (-) TimerEvent: {}
[238.166486] (-) TimerEvent: {}
[238.267559] (-) TimerEvent: {}
[238.368718] (-) TimerEvent: {}
[238.469787] (-) TimerEvent: {}
[238.544597] (ei_whistle_cpp) StdoutLine: {'line': b'[ 56%] \x1b[32mBuilding CXX object CMakeFiles/whistle_node.dir/edge-impulse-sdk/tensorflow/lite/micro/kernels/pooling.cc.o\x1b[0m\n'}
[238.570063] (-) TimerEvent: {}
[238.671197] (-) TimerEvent: {}
[238.772269] (-) TimerEvent: {}
[238.873519] (-) TimerEvent: {}
[238.974718] (-) TimerEvent: {}
[239.076095] (-) TimerEvent: {}
[239.177422] (-) TimerEvent: {}
[239.278724] (-) TimerEvent: {}
[239.380047] (-) TimerEvent: {}
[239.481162] (-) TimerEvent: {}
[239.582375] (-) TimerEvent: {}
[239.685013] (-) TimerEvent: {}
[239.792667] (-) TimerEvent: {}
[239.893763] (-) TimerEvent: {}
[239.995836] (-) TimerEvent: {}
[240.098149] (-) TimerEvent: {}
[240.200116] (-) TimerEvent: {}
[240.302257] (-) TimerEvent: {}
[240.404313] (-) TimerEvent: {}
[240.506456] (-) TimerEvent: {}
[240.620115] (-) TimerEvent: {}
[240.722156] (-) TimerEvent: {}
[240.823281] (-) TimerEvent: {}
[240.924372] (-) TimerEvent: {}
[241.025516] (-) TimerEvent: {}
[241.126522] (-) TimerEvent: {}
[241.228015] (-) TimerEvent: {}
[241.277403] (ei_whistle_cpp) StdoutLine: {'line': b'[ 56%] \x1b[32mBuilding CXX object CMakeFiles/whistle_node.dir/edge-impulse-sdk/tensorflow/lite/micro/kernels/pooling_common.cc.o\x1b[0m\n'}
[241.328302] (-) TimerEvent: {}
[241.430481] (-) TimerEvent: {}
[241.532222] (-) TimerEvent: {}
[241.635620] (-) TimerEvent: {}
[241.736696] (-) TimerEvent: {}
[241.840672] (-) TimerEvent: {}
[241.941817] (-) TimerEvent: {}
[242.049980] (-) TimerEvent: {}
[242.152725] (-) TimerEvent: {}
[242.253845] (-) TimerEvent: {}
[242.355789] (-) TimerEvent: {}
[242.457721] (-) TimerEvent: {}
[242.559378] (-) TimerEvent: {}
[242.661280] (-) TimerEvent: {}
[242.763013] (-) TimerEvent: {}
[242.864103] (-) TimerEvent: {}
[242.965224] (-) TimerEvent: {}
[243.066363] (-) TimerEvent: {}
[243.168357] (-) TimerEvent: {}
[243.270402] (-) TimerEvent: {}
[243.372336] (-) TimerEvent: {}
[243.474494] (-) TimerEvent: {}
[243.576370] (-) TimerEvent: {}
[243.678334] (-) TimerEvent: {}
[243.780237] (-) TimerEvent: {}
[243.882308] (-) TimerEvent: {}
[243.984932] (-) TimerEvent: {}
[244.086177] (-) TimerEvent: {}
[244.187322] (-) TimerEvent: {}
[244.288414] (-) TimerEvent: {}
[244.389572] (-) TimerEvent: {}
[244.490681] (-) TimerEvent: {}
[244.591755] (-) TimerEvent: {}
[244.692899] (-) TimerEvent: {}
[244.793875] (-) TimerEvent: {}
[244.894786] (-) TimerEvent: {}
[244.995797] (-) TimerEvent: {}
[245.096800] (-) TimerEvent: {}
[245.197939] (-) TimerEvent: {}
[245.298889] (-) TimerEvent: {}
[245.399895] (-) TimerEvent: {}
[245.500867] (-) TimerEvent: {}
[245.601864] (-) TimerEvent: {}
[245.715735] (-) TimerEvent: {}
[245.816860] (-) TimerEvent: {}
[245.919380] (-) TimerEvent: {}
[246.021854] (-) TimerEvent: {}
[246.124713] (-) TimerEvent: {}
[246.228897] (-) TimerEvent: {}
[246.330167] (-) TimerEvent: {}
[246.432687] (-) TimerEvent: {}
[246.533840] (-) TimerEvent: {}
[246.634996] (-) TimerEvent: {}
[246.736207] (-) TimerEvent: {}
[246.837350] (-) TimerEvent: {}
[246.940509] (-) TimerEvent: {}
[247.044237] (-) TimerEvent: {}
[247.146958] (-) TimerEvent: {}
[247.253851] (-) TimerEvent: {}
[247.355971] (-) TimerEvent: {}
[247.458305] (-) TimerEvent: {}
[247.560009] (-) TimerEvent: {}
[247.661020] (-) TimerEvent: {}
[247.714753] (ei_whistle_cpp) StdoutLine: {'line': b'[ 57%] \x1b[32mBuilding CXX object CMakeFiles/whistle_node.dir/edge-impulse-sdk/tensorflow/lite/micro/kernels/prelu.cc.o\x1b[0m\n'}
[247.761300] (-) TimerEvent: {}
[247.863313] (-) TimerEvent: {}
[247.984751] (-) TimerEvent: {}
[248.086943] (-) TimerEvent: {}
[248.190338] (-) TimerEvent: {}
[248.292698] (-) TimerEvent: {}
[248.395124] (-) TimerEvent: {}
[248.431195] (ei_whistle_cpp) StdoutLine: {'line': b'[ 57%] \x1b[32mBuilding CXX object CMakeFiles/whistle_node.dir/edge-impulse-sdk/tensorflow/lite/micro/kernels/prelu_common.cc.o\x1b[0m\n'}
[248.495388] (-) TimerEvent: {}
[248.597325] (-) TimerEvent: {}
[248.699007] (-) TimerEvent: {}
[248.801095] (-) TimerEvent: {}
[248.903004] (-) TimerEvent: {}
[249.005990] (-) TimerEvent: {}
[249.107909] (-) TimerEvent: {}
[249.210204] (-) TimerEvent: {}
[249.311957] (-) TimerEvent: {}
[249.414173] (-) TimerEvent: {}
[249.515909] (-) TimerEvent: {}
[249.617184] (-) TimerEvent: {}
[249.719134] (-) TimerEvent: {}
[249.825052] (-) TimerEvent: {}
[249.926168] (-) TimerEvent: {}
[250.027901] (-) TimerEvent: {}
[250.129843] (-) TimerEvent: {}
[250.231811] (-) TimerEvent: {}
[250.333701] (-) TimerEvent: {}
[250.436307] (-) TimerEvent: {}
[250.538204] (-) TimerEvent: {}
[250.640052] (-) TimerEvent: {}
[250.755286] (-) TimerEvent: {}
[250.856434] (-) TimerEvent: {}
[250.958383] (-) TimerEvent: {}
[251.062055] (-) TimerEvent: {}
[251.165321] (-) TimerEvent: {}
[251.267823] (-) TimerEvent: {}
[251.368824] (-) TimerEvent: {}
[251.469991] (-) TimerEvent: {}
[251.570898] (-) TimerEvent: {}
[251.671868] (-) TimerEvent: {}
[251.773142] (-) TimerEvent: {}
[251.874172] (-) TimerEvent: {}
[251.975253] (-) TimerEvent: {}
[252.076678] (-) TimerEvent: {}
[252.178135] (-) TimerEvent: {}
[252.279284] (-) TimerEvent: {}
[252.380148] (-) TimerEvent: {}
[252.481253] (-) TimerEvent: {}
[252.582109] (-) TimerEvent: {}
[252.682942] (-) TimerEvent: {}
[252.783849] (-) TimerEvent: {}
[252.884758] (-) TimerEvent: {}
[252.985723] (-) TimerEvent: {}
[253.086565] (-) TimerEvent: {}
[253.187496] (-) TimerEvent: {}
[253.288342] (-) TimerEvent: {}
[253.389294] (-) TimerEvent: {}
[253.490283] (-) TimerEvent: {}
[253.591304] (-) TimerEvent: {}
[253.692207] (-) TimerEvent: {}
[253.793343] (-) TimerEvent: {}
[253.894244] (-) TimerEvent: {}
[253.995136] (-) TimerEvent: {}
[254.095988] (-) TimerEvent: {}
[254.196903] (-) TimerEvent: {}
[254.297840] (-) TimerEvent: {}
[254.398724] (-) TimerEvent: {}
[254.499586] (-) TimerEvent: {}
[254.600500] (-) TimerEvent: {}
[254.701368] (-) TimerEvent: {}
[254.802674] (-) TimerEvent: {}
[254.903656] (-) TimerEvent: {}
[255.004630] (-) TimerEvent: {}
[255.105601] (-) TimerEvent: {}
[255.206550] (-) TimerEvent: {}
[255.247139] (ei_whistle_cpp) StdoutLine: {'line': b'[ 58%] \x1b[32mBuilding CXX object CMakeFiles/whistle_node.dir/edge-impulse-sdk/tensorflow/lite/micro/kernels/quantize_common.cc.o\x1b[0m\n'}
[255.306786] (-) TimerEvent: {}
[255.369975] (ei_whistle_cpp) StdoutLine: {'line': b'[ 58%] \x1b[32mBuilding CXX object CMakeFiles/whistle_node.dir/edge-impulse-sdk/tensorflow/lite/micro/kernels/read_variable.cc.o\x1b[0m\n'}
[255.407084] (-) TimerEvent: {}
[255.508977] (-) TimerEvent: {}
[255.610318] (-) TimerEvent: {}
[255.711703] (-) TimerEvent: {}
[255.813392] (-) TimerEvent: {}
[255.915530] (-) TimerEvent: {}
[256.016857] (-) TimerEvent: {}
[256.118130] (-) TimerEvent: {}
[256.220079] (-) TimerEvent: {}
[256.320928] (-) TimerEvent: {}
[256.421908] (-) TimerEvent: {}
[256.524825] (-) TimerEvent: {}
[256.625906] (-) TimerEvent: {}
[256.726912] (-) TimerEvent: {}
[256.828032] (-) TimerEvent: {}
[256.929177] (-) TimerEvent: {}
[257.030640] (-) TimerEvent: {}
[257.132204] (-) TimerEvent: {}
[257.233463] (-) TimerEvent: {}
[257.334723] (-) TimerEvent: {}
[257.435787] (-) TimerEvent: {}
[257.449276] (ei_whistle_cpp) StdoutLine: {'line': b'[ 59%] \x1b[32mBuilding CXX object CMakeFiles/whistle_node.dir/edge-impulse-sdk/tensorflow/lite/micro/kernels/real.cc.o\x1b[0m\n'}
[257.536042] (-) TimerEvent: {}
[257.638718] (-) TimerEvent: {}
[257.741764] (-) TimerEvent: {}
[257.844814] (-) TimerEvent: {}
[257.951317] (-) TimerEvent: {}
[258.054440] (-) TimerEvent: {}
[258.157529] (-) TimerEvent: {}
[258.258511] (-) TimerEvent: {}
[258.359430] (-) TimerEvent: {}
[258.460526] (-) TimerEvent: {}
[258.561767] (-) TimerEvent: {}
[258.662881] (-) TimerEvent: {}
[258.765035] (-) TimerEvent: {}
[258.866021] (-) TimerEvent: {}
[258.967038] (-) TimerEvent: {}
[259.068076] (-) TimerEvent: {}
[259.169117] (-) TimerEvent: {}
[259.270093] (-) TimerEvent: {}
[259.371242] (-) TimerEvent: {}
[259.472424] (-) TimerEvent: {}
[259.514244] (ei_whistle_cpp) StdoutLine: {'line': b'[ 60%] \x1b[32mBuilding CXX object CMakeFiles/whistle_node.dir/edge-impulse-sdk/tensorflow/lite/micro/kernels/quantize.cc.o\x1b[0m\n'}
[259.572761] (-) TimerEvent: {}
[259.676659] (-) TimerEvent: {}
[259.779987] (-) TimerEvent: {}
[259.882257] (-) TimerEvent: {}
[259.984263] (-) TimerEvent: {}
[260.086625] (-) TimerEvent: {}
[260.189255] (-) TimerEvent: {}
[260.291717] (-) TimerEvent: {}
[260.395416] (-) TimerEvent: {}
[260.496601] (-) TimerEvent: {}
[260.597698] (-) TimerEvent: {}
[260.698911] (-) TimerEvent: {}
[260.800025] (-) TimerEvent: {}
[260.901687] (-) TimerEvent: {}
[261.003193] (-) TimerEvent: {}
[261.105840] (-) TimerEvent: {}
[261.208925] (-) TimerEvent: {}
[261.311268] (-) TimerEvent: {}
[261.412690] (-) TimerEvent: {}
[261.514552] (-) TimerEvent: {}
[261.616026] (-) TimerEvent: {}
[261.717587] (-) TimerEvent: {}
[261.819520] (-) TimerEvent: {}
[261.922268] (-) TimerEvent: {}
[262.024301] (-) TimerEvent: {}
[262.126761] (-) TimerEvent: {}
[262.230309] (-) TimerEvent: {}
[262.341013] (-) TimerEvent: {}
[262.443251] (-) TimerEvent: {}
[262.545489] (-) TimerEvent: {}
[262.647612] (-) TimerEvent: {}
[262.749877] (-) TimerEvent: {}
[262.852376] (-) TimerEvent: {}
[262.954461] (-) TimerEvent: {}
[263.056582] (-) TimerEvent: {}
[263.158917] (-) TimerEvent: {}
[263.261246] (-) TimerEvent: {}
[263.363468] (-) TimerEvent: {}
[263.465927] (-) TimerEvent: {}
[263.568266] (-) TimerEvent: {}
[263.671602] (-) TimerEvent: {}
[263.729917] (ei_whistle_cpp) StdoutLine: {'line': b'[ 60%] \x1b[32mBuilding CXX object CMakeFiles/whistle_node.dir/edge-impulse-sdk/tensorflow/lite/micro/kernels/reduce.cc.o\x1b[0m\n'}
[263.772685] (-) TimerEvent: {}
[263.875119] (-) TimerEvent: {}
[263.978543] (-) TimerEvent: {}
[264.080783] (-) TimerEvent: {}
[264.182956] (-) TimerEvent: {}
[264.218022] (ei_whistle_cpp) StdoutLine: {'line': b'[ 61%] \x1b[32mBuilding CXX object CMakeFiles/whistle_node.dir/edge-impulse-sdk/tensorflow/lite/micro/kernels/reduce_common.cc.o\x1b[0m\n'}
[264.283230] (-) TimerEvent: {}
[264.385387] (-) TimerEvent: {}
[264.487289] (-) TimerEvent: {}
[264.589222] (-) TimerEvent: {}
[264.690903] (-) TimerEvent: {}
[264.805069] (-) TimerEvent: {}
[264.913351] (-) TimerEvent: {}
[265.015398] (-) TimerEvent: {}
[265.117175] (-) TimerEvent: {}
[265.218922] (-) TimerEvent: {}
[265.320890] (-) TimerEvent: {}
[265.422705] (-) TimerEvent: {}
[265.524616] (-) TimerEvent: {}
[265.626475] (-) TimerEvent: {}
[265.728230] (-) TimerEvent: {}
[265.842470] (-) TimerEvent: {}
[265.943605] (-) TimerEvent: {}
[266.045373] (-) TimerEvent: {}
[266.147465] (-) TimerEvent: {}
[266.249505] (-) TimerEvent: {}
[266.351415] (-) TimerEvent: {}
[266.453446] (-) TimerEvent: {}
[266.555569] (-) TimerEvent: {}
[266.657687] (-) TimerEvent: {}
[266.759033] (-) TimerEvent: {}
[266.860576] (-) TimerEvent: {}
[266.961775] (-) TimerEvent: {}
[267.062981] (-) TimerEvent: {}
[267.164292] (-) TimerEvent: {}
[267.266374] (-) TimerEvent: {}
[267.368230] (-) TimerEvent: {}
[267.470050] (-) TimerEvent: {}
[267.573712] (-) TimerEvent: {}
[267.675880] (-) TimerEvent: {}
[267.777867] (-) TimerEvent: {}
[267.879828] (-) TimerEvent: {}
[267.981885] (-) TimerEvent: {}
[268.082907] (-) TimerEvent: {}
[268.184000] (-) TimerEvent: {}
[268.285074] (-) TimerEvent: {}
[268.386345] (-) TimerEvent: {}
[268.487441] (-) TimerEvent: {}
[268.588565] (-) TimerEvent: {}
[268.689630] (-) TimerEvent: {}
[268.790787] (-) TimerEvent: {}
[268.891877] (-) TimerEvent: {}
[268.993209] (-) TimerEvent: {}
[269.094408] (-) TimerEvent: {}
[269.195577] (-) TimerEvent: {}
[269.296690] (-) TimerEvent: {}
[269.397892] (-) TimerEvent: {}
[269.499125] (-) TimerEvent: {}
[269.600016] (-) TimerEvent: {}
[269.701731] (-) TimerEvent: {}
[269.802966] (-) TimerEvent: {}
[269.912740] (-) TimerEvent: {}
[270.013900] (-) TimerEvent: {}
[270.114944] (-) TimerEvent: {}
[270.216116] (-) TimerEvent: {}
[270.317153] (-) TimerEvent: {}
[270.418062] (-) TimerEvent: {}
[270.519111] (-) TimerEvent: {}
[270.620287] (-) TimerEvent: {}
[270.721350] (-) TimerEvent: {}
[270.822399] (-) TimerEvent: {}
[270.923588] (-) TimerEvent: {}
[271.025592] (-) TimerEvent: {}
[271.127486] (-) TimerEvent: {}
[271.229338] (-) TimerEvent: {}
[271.330543] (-) TimerEvent: {}
[271.431777] (-) TimerEvent: {}
[271.532956] (-) TimerEvent: {}
[271.634140] (-) TimerEvent: {}
[271.735326] (-) TimerEvent: {}
[271.836519] (-) TimerEvent: {}
[271.937866] (-) TimerEvent: {}
[272.039252] (-) TimerEvent: {}
[272.140218] (-) TimerEvent: {}
[272.241170] (-) TimerEvent: {}
[272.342117] (-) TimerEvent: {}
[272.443073] (-) TimerEvent: {}
[272.544240] (-) TimerEvent: {}
[272.645195] (-) TimerEvent: {}
[272.746128] (-) TimerEvent: {}
[272.847012] (-) TimerEvent: {}
[272.947905] (-) TimerEvent: {}
[273.048877] (-) TimerEvent: {}
[273.149895] (-) TimerEvent: {}
[273.251337] (-) TimerEvent: {}
[273.352149] (-) TimerEvent: {}
[273.453081] (-) TimerEvent: {}
[273.553869] (-) TimerEvent: {}
[273.654698] (-) TimerEvent: {}
[273.755528] (-) TimerEvent: {}
[273.856373] (-) TimerEvent: {}
[273.957333] (-) TimerEvent: {}
[274.058322] (-) TimerEvent: {}
[274.159618] (-) TimerEvent: {}
[274.249740] (ei_whistle_cpp) StdoutLine: {'line': b'[ 62%] \x1b[32mBuilding CXX object CMakeFiles/whistle_node.dir/edge-impulse-sdk/tensorflow/lite/micro/kernels/resize_nearest_neighbor.cc.o\x1b[0m\n'}
[274.259894] (-) TimerEvent: {}
[274.360702] (-) TimerEvent: {}
[274.461413] (-) TimerEvent: {}
[274.562136] (-) TimerEvent: {}
[274.662844] (-) TimerEvent: {}
[274.763589] (-) TimerEvent: {}
[274.864641] (-) TimerEvent: {}
[274.965381] (-) TimerEvent: {}
[275.066093] (-) TimerEvent: {}
[275.166813] (-) TimerEvent: {}
[275.267588] (-) TimerEvent: {}
[275.294754] (ei_whistle_cpp) StdoutLine: {'line': b'[ 62%] \x1b[32mBuilding CXX object CMakeFiles/whistle_node.dir/edge-impulse-sdk/tensorflow/lite/micro/kernels/rfft2d.cc.o\x1b[0m\n'}
[275.367963] (-) TimerEvent: {}
[275.472679] (-) TimerEvent: {}
[275.573588] (-) TimerEvent: {}
[275.674702] (-) TimerEvent: {}
[275.776692] (-) TimerEvent: {}
[275.880702] (-) TimerEvent: {}
[275.984654] (-) TimerEvent: {}
[276.085726] (-) TimerEvent: {}
[276.186598] (-) TimerEvent: {}
[276.287492] (-) TimerEvent: {}
[276.356817] (ei_whistle_cpp) StdoutLine: {'line': b'[ 62%] \x1b[32mBuilding CXX object CMakeFiles/whistle_node.dir/edge-impulse-sdk/tensorflow/lite/micro/kernels/resize_bilinear.cc.o\x1b[0m\n'}
[276.387754] (-) TimerEvent: {}
[276.489414] (-) TimerEvent: {}
[276.590938] (-) TimerEvent: {}
[276.692824] (-) TimerEvent: {}
[276.794637] (-) TimerEvent: {}
[276.896396] (-) TimerEvent: {}
[276.997982] (-) TimerEvent: {}
[277.099676] (-) TimerEvent: {}
[277.201383] (-) TimerEvent: {}
[277.303096] (-) TimerEvent: {}
[277.404422] (-) TimerEvent: {}
[277.424489] (ei_whistle_cpp) StdoutLine: {'line': b'[ 63%] \x1b[32mBuilding CXX object CMakeFiles/whistle_node.dir/edge-impulse-sdk/tensorflow/lite/micro/kernels/reshape.cc.o\x1b[0m\n'}
[277.504640] (-) TimerEvent: {}
[277.606567] (-) TimerEvent: {}
[277.708397] (-) TimerEvent: {}
[277.810207] (-) TimerEvent: {}
[277.912357] (-) TimerEvent: {}
[278.014791] (-) TimerEvent: {}
[278.117055] (-) TimerEvent: {}
[278.219393] (-) TimerEvent: {}
[278.321600] (-) TimerEvent: {}
[278.423583] (-) TimerEvent: {}
[278.525511] (-) TimerEvent: {}
[278.627661] (-) TimerEvent: {}
[278.730057] (-) TimerEvent: {}
[278.832420] (-) TimerEvent: {}
[278.934428] (-) TimerEvent: {}
[279.036543] (-) TimerEvent: {}
[279.138463] (-) TimerEvent: {}
[279.240476] (-) TimerEvent: {}
[279.341524] (-) TimerEvent: {}
[279.443283] (-) TimerEvent: {}
[279.544823] (-) TimerEvent: {}
[279.645927] (-) TimerEvent: {}
[279.747063] (-) TimerEvent: {}
[279.763955] (ei_whistle_cpp) StdoutLine: {'line': b'[ 64%] \x1b[32mBuilding CXX object CMakeFiles/whistle_node.dir/edge-impulse-sdk/tensorflow/lite/micro/kernels/round.cc.o\x1b[0m\n'}
[279.847291] (-) TimerEvent: {}
[279.951599] (-) TimerEvent: {}
[280.052871] (-) TimerEvent: {}
[280.153954] (-) TimerEvent: {}
[280.255133] (-) TimerEvent: {}
[280.356354] (-) TimerEvent: {}
[280.457773] (-) TimerEvent: {}
[280.559277] (-) TimerEvent: {}
[280.663831] (-) TimerEvent: {}
[280.765039] (-) TimerEvent: {}
[280.867000] (-) TimerEvent: {}
[280.968196] (-) TimerEvent: {}
[281.076851] (-) TimerEvent: {}
[281.178256] (-) TimerEvent: {}
[281.279432] (-) TimerEvent: {}
[281.381329] (-) TimerEvent: {}
[281.483201] (-) TimerEvent: {}
[281.586347] (-) TimerEvent: {}
[281.688533] (-) TimerEvent: {}
[281.790455] (-) TimerEvent: {}
[281.892078] (-) TimerEvent: {}
[281.961700] (ei_whistle_cpp) StdoutLine: {'line': b'[ 65%] \x1b[32mBuilding CXX object CMakeFiles/whistle_node.dir/edge-impulse-sdk/tensorflow/lite/micro/kernels/scatter_nd.cc.o\x1b[0m\n'}
[281.992316] (-) TimerEvent: {}
[282.094302] (-) TimerEvent: {}
[282.196492] (-) TimerEvent: {}
[282.298468] (-) TimerEvent: {}
[282.400611] (-) TimerEvent: {}
[282.501740] (-) TimerEvent: {}
[282.603497] (-) TimerEvent: {}
[282.705335] (-) TimerEvent: {}
[282.807015] (-) TimerEvent: {}
[282.908816] (-) TimerEvent: {}
[283.011093] (-) TimerEvent: {}
[283.114417] (-) TimerEvent: {}
[283.216571] (-) TimerEvent: {}
[283.318704] (-) TimerEvent: {}
[283.419793] (-) TimerEvent: {}
[283.521823] (-) TimerEvent: {}
[283.622829] (-) TimerEvent: {}
[283.624807] (ei_whistle_cpp) StdoutLine: {'line': b'[ 65%] \x1b[32mBuilding CXX object CMakeFiles/whistle_node.dir/edge-impulse-sdk/tensorflow/lite/micro/kernels/scratch_buf_mgr.cc.o\x1b[0m\n'}
[283.723050] (-) TimerEvent: {}
[283.795542] (ei_whistle_cpp) StdoutLine: {'line': b'[ 66%] \x1b[32mBuilding CXX object CMakeFiles/whistle_node.dir/edge-impulse-sdk/tensorflow/lite/micro/kernels/scratch_buffers.cc.o\x1b[0m\n'}
[283.823347] (-) TimerEvent: {}
[283.925357] (-) TimerEvent: {}
[283.965490] (ei_whistle_cpp) StdoutLine: {'line': b'[ 66%] \x1b[32mBuilding CXX object CMakeFiles/whistle_node.dir/edge-impulse-sdk/tensorflow/lite/micro/kernels/select.cc.o\x1b[0m\n'}
[284.025665] (-) TimerEvent: {}
[284.129974] (-) TimerEvent: {}
[284.232187] (-) TimerEvent: {}
[284.334117] (-) TimerEvent: {}
[284.436094] (-) TimerEvent: {}
[284.537748] (-) TimerEvent: {}
[284.639791] (-) TimerEvent: {}
[284.741721] (-) TimerEvent: {}
[284.843687] (-) TimerEvent: {}
[284.944850] (-) TimerEvent: {}
[285.045970] (-) TimerEvent: {}
[285.146979] (-) TimerEvent: {}
[285.248253] (-) TimerEvent: {}
[285.350020] (-) TimerEvent: {}
[285.451122] (-) TimerEvent: {}
[285.552254] (-) TimerEvent: {}
[285.653480] (-) TimerEvent: {}
[285.754707] (-) TimerEvent: {}
[285.855910] (-) TimerEvent: {}
[285.957182] (-) TimerEvent: {}
[286.058508] (-) TimerEvent: {}
[286.163120] (-) TimerEvent: {}
[286.272771] (-) TimerEvent: {}
[286.374547] (-) TimerEvent: {}
[286.476335] (-) TimerEvent: {}
[286.578375] (-) TimerEvent: {}
[286.680300] (-) TimerEvent: {}
[286.782457] (-) TimerEvent: {}
[286.884289] (-) TimerEvent: {}
[286.986302] (-) TimerEvent: {}
[287.088261] (-) TimerEvent: {}
[287.190038] (-) TimerEvent: {}
[287.289027] (ei_whistle_cpp) StdoutLine: {'line': b'[ 67%] \x1b[32mBuilding CXX object CMakeFiles/whistle_node.dir/edge-impulse-sdk/tensorflow/lite/micro/kernels/shape.cc.o\x1b[0m\n'}
[287.290226] (-) TimerEvent: {}
[287.392191] (-) TimerEvent: {}
[287.494621] (-) TimerEvent: {}
[287.596795] (-) TimerEvent: {}
[287.698490] (-) TimerEvent: {}
[287.800548] (-) TimerEvent: {}
[287.902676] (-) TimerEvent: {}
[288.004869] (-) TimerEvent: {}
[288.107058] (-) TimerEvent: {}
[288.209001] (-) TimerEvent: {}
[288.310833] (-) TimerEvent: {}
[288.412866] (-) TimerEvent: {}
[288.515641] (-) TimerEvent: {}
[288.619101] (-) TimerEvent: {}
[288.721162] (-) TimerEvent: {}
[288.823372] (-) TimerEvent: {}
[288.925879] (-) TimerEvent: {}
[289.027900] (-) TimerEvent: {}
[289.129899] (-) TimerEvent: {}
[289.231903] (-) TimerEvent: {}
[289.333873] (-) TimerEvent: {}
[289.435844] (-) TimerEvent: {}
[289.537868] (-) TimerEvent: {}
[289.639763] (-) TimerEvent: {}
[289.741720] (-) TimerEvent: {}
[289.843772] (-) TimerEvent: {}
[289.945937] (-) TimerEvent: {}
[290.055974] (-) TimerEvent: {}
[290.158123] (-) TimerEvent: {}
[290.260096] (-) TimerEvent: {}
[290.362110] (-) TimerEvent: {}
[290.463967] (-) TimerEvent: {}
[290.514714] (ei_whistle_cpp) StdoutLine: {'line': b'[ 68%] \x1b[32mBuilding CXX object CMakeFiles/whistle_node.dir/edge-impulse-sdk/tensorflow/lite/micro/kernels/slice.cc.o\x1b[0m\n'}
[290.564260] (-) TimerEvent: {}
[290.666392] (-) TimerEvent: {}
[290.768762] (-) TimerEvent: {}
[290.870567] (-) TimerEvent: {}
[290.972427] (-) TimerEvent: {}
[291.074310] (-) TimerEvent: {}
[291.176056] (-) TimerEvent: {}
[291.277341] (-) TimerEvent: {}
[291.378444] (-) TimerEvent: {}
[291.479595] (-) TimerEvent: {}
[291.580707] (-) TimerEvent: {}
[291.682196] (-) TimerEvent: {}
[291.783497] (-) TimerEvent: {}
[291.884585] (-) TimerEvent: {}
[291.985794] (-) TimerEvent: {}
[292.086969] (-) TimerEvent: {}
[292.188137] (-) TimerEvent: {}
[292.289331] (-) TimerEvent: {}
[292.390631] (-) TimerEvent: {}
[292.492747] (-) TimerEvent: {}
[292.593873] (-) TimerEvent: {}
[292.695019] (-) TimerEvent: {}
[292.796361] (-) TimerEvent: {}
[292.897863] (-) TimerEvent: {}
[293.000232] (-) TimerEvent: {}
[293.102669] (-) TimerEvent: {}
[293.204939] (-) TimerEvent: {}
[293.307757] (-) TimerEvent: {}
[293.410183] (-) TimerEvent: {}
[293.512598] (-) TimerEvent: {}
[293.613845] (-) TimerEvent: {}
[293.714955] (-) TimerEvent: {}
[293.816684] (-) TimerEvent: {}
[293.827975] (ei_whistle_cpp) StdoutLine: {'line': b'[ 68%] \x1b[32mBuilding CXX object CMakeFiles/whistle_node.dir/edge-impulse-sdk/tensorflow/lite/micro/kernels/softmax.cc.o\x1b[0m\n'}
[293.916988] (-) TimerEvent: {}
[294.018300] (-) TimerEvent: {}
[294.119739] (-) TimerEvent: {}
[294.221407] (-) TimerEvent: {}
[294.323610] (-) TimerEvent: {}
[294.424795] (-) TimerEvent: {}
[294.526081] (-) TimerEvent: {}
[294.627254] (-) TimerEvent: {}
[294.728607] (-) TimerEvent: {}
[294.829908] (-) TimerEvent: {}
[294.930920] (-) TimerEvent: {}
[295.032078] (-) TimerEvent: {}
[295.133110] (-) TimerEvent: {}
[295.234100] (-) TimerEvent: {}
[295.335459] (-) TimerEvent: {}
[295.436535] (-) TimerEvent: {}
[295.537741] (-) TimerEvent: {}
[295.638937] (-) TimerEvent: {}
[295.740001] (-) TimerEvent: {}
[295.841193] (-) TimerEvent: {}
[295.942365] (-) TimerEvent: {}
[296.044292] (-) TimerEvent: {}
[296.146687] (-) TimerEvent: {}
[296.247850] (-) TimerEvent: {}
[296.349023] (-) TimerEvent: {}
[296.464558] (-) TimerEvent: {}
[296.565894] (-) TimerEvent: {}
[296.667040] (-) TimerEvent: {}
[296.768141] (-) TimerEvent: {}
[296.869270] (-) TimerEvent: {}
[296.970783] (-) TimerEvent: {}
[297.073030] (-) TimerEvent: {}
[297.175098] (-) TimerEvent: {}
[297.280683] (-) TimerEvent: {}
[297.384703] (-) TimerEvent: {}
[297.492613] (-) TimerEvent: {}
[297.596020] (-) TimerEvent: {}
[297.699301] (-) TimerEvent: {}
[297.802815] (-) TimerEvent: {}
[297.906303] (-) TimerEvent: {}
[298.012705] (-) TimerEvent: {}
[298.120571] (-) TimerEvent: {}
[298.227139] (-) TimerEvent: {}
[298.330490] (-) TimerEvent: {}
[298.433893] (-) TimerEvent: {}
[298.537736] (-) TimerEvent: {}
[298.641439] (-) TimerEvent: {}
[298.745013] (-) TimerEvent: {}
[298.851481] (-) TimerEvent: {}
[298.955366] (-) TimerEvent: {}
[299.060732] (-) TimerEvent: {}
[299.161904] (-) TimerEvent: {}
[299.263059] (-) TimerEvent: {}
[299.364151] (-) TimerEvent: {}
[299.466218] (-) TimerEvent: {}
[299.568081] (-) TimerEvent: {}
[299.670181] (-) TimerEvent: {}
[299.772736] (-) TimerEvent: {}
[299.873790] (-) TimerEvent: {}
[299.974944] (-) TimerEvent: {}
[300.075994] (-) TimerEvent: {}
[300.176906] (-) TimerEvent: {}
[300.277817] (-) TimerEvent: {}
[300.378807] (-) TimerEvent: {}
[300.479880] (-) TimerEvent: {}
[300.580978] (-) TimerEvent: {}
[300.681990] (-) TimerEvent: {}
[300.782905] (-) TimerEvent: {}
[300.883783] (-) TimerEvent: {}
[300.984673] (-) TimerEvent: {}
[301.085776] (-) TimerEvent: {}
[301.186692] (-) TimerEvent: {}
[301.287631] (-) TimerEvent: {}
[301.388630] (-) TimerEvent: {}
[301.490689] (-) TimerEvent: {}
[301.591735] (-) TimerEvent: {}
[301.692735] (-) TimerEvent: {}
[301.793582] (-) TimerEvent: {}
[301.894435] (-) TimerEvent: {}
[301.995398] (-) TimerEvent: {}
[302.096257] (-) TimerEvent: {}
[302.197097] (-) TimerEvent: {}
[302.297882] (-) TimerEvent: {}
[302.398756] (-) TimerEvent: {}
[302.499653] (-) TimerEvent: {}
[302.600500] (-) TimerEvent: {}
[302.701329] (-) TimerEvent: {}
[302.802177] (-) TimerEvent: {}
[302.903036] (-) TimerEvent: {}
[303.003956] (-) TimerEvent: {}
[303.104813] (-) TimerEvent: {}
[303.205601] (-) TimerEvent: {}
[303.306824] (-) TimerEvent: {}
[303.407639] (-) TimerEvent: {}
[303.508485] (-) TimerEvent: {}
[303.609371] (-) TimerEvent: {}
[303.710191] (-) TimerEvent: {}
[303.811067] (-) TimerEvent: {}
[303.911891] (-) TimerEvent: {}
[304.012708] (-) TimerEvent: {}
[304.113547] (-) TimerEvent: {}
[304.214405] (-) TimerEvent: {}
[304.315316] (-) TimerEvent: {}
[304.416166] (-) TimerEvent: {}
[304.517041] (-) TimerEvent: {}
[304.617804] (-) TimerEvent: {}
[304.718773] (-) TimerEvent: {}
[304.820584] (-) TimerEvent: {}
[304.921462] (-) TimerEvent: {}
[305.022332] (-) TimerEvent: {}
[305.123135] (-) TimerEvent: {}
[305.223925] (-) TimerEvent: {}
[305.324735] (-) TimerEvent: {}
[305.425558] (-) TimerEvent: {}
[305.526382] (-) TimerEvent: {}
[305.627201] (-) TimerEvent: {}
[305.728003] (-) TimerEvent: {}
[305.828827] (-) TimerEvent: {}
[305.929636] (-) TimerEvent: {}
[306.030507] (-) TimerEvent: {}
[306.131339] (-) TimerEvent: {}
[306.136998] (ei_whistle_cpp) StdoutLine: {'line': b'[ 69%] \x1b[32mBuilding CXX object CMakeFiles/whistle_node.dir/edge-impulse-sdk/tensorflow/lite/micro/kernels/space_to_depth.cc.o\x1b[0m\n'}
[306.231544] (-) TimerEvent: {}
[306.332304] (-) TimerEvent: {}
[306.433166] (-) TimerEvent: {}
[306.533911] (-) TimerEvent: {}
[306.634869] (-) TimerEvent: {}
[306.735662] (-) TimerEvent: {}
[306.836727] (-) TimerEvent: {}
[306.937500] (-) TimerEvent: {}
[307.038298] (-) TimerEvent: {}
[307.139015] (-) TimerEvent: {}
[307.239881] (-) TimerEvent: {}
[307.341104] (-) TimerEvent: {}
[307.442467] (-) TimerEvent: {}
[307.543503] (-) TimerEvent: {}
[307.644518] (-) TimerEvent: {}
[307.745478] (-) TimerEvent: {}
[307.846444] (-) TimerEvent: {}
[307.947389] (-) TimerEvent: {}
[308.048291] (-) TimerEvent: {}
[308.149505] (-) TimerEvent: {}
[308.250452] (-) TimerEvent: {}
[308.351563] (-) TimerEvent: {}
[308.452627] (-) TimerEvent: {}
[308.553565] (-) TimerEvent: {}
[308.654495] (-) TimerEvent: {}
[308.755339] (-) TimerEvent: {}
[308.856393] (-) TimerEvent: {}
[308.957251] (-) TimerEvent: {}
[309.058102] (-) TimerEvent: {}
[309.159041] (-) TimerEvent: {}
[309.259919] (-) TimerEvent: {}
[309.360819] (-) TimerEvent: {}
[309.461659] (-) TimerEvent: {}
[309.562472] (-) TimerEvent: {}
[309.663385] (-) TimerEvent: {}
[309.764317] (-) TimerEvent: {}
[309.865976] (-) TimerEvent: {}
[309.966905] (-) TimerEvent: {}
[310.004781] (ei_whistle_cpp) StdoutLine: {'line': b'[ 70%] \x1b[32mBuilding CXX object CMakeFiles/whistle_node.dir/edge-impulse-sdk/tensorflow/lite/micro/kernels/split.cc.o\x1b[0m\n'}
[310.008427] (ei_whistle_cpp) StdoutLine: {'line': b'[ 70%] \x1b[32mBuilding CXX object CMakeFiles/whistle_node.dir/edge-impulse-sdk/tensorflow/lite/micro/kernels/space_to_batch_nd.cc.o\x1b[0m\n'}
[310.067180] (-) TimerEvent: {}
[310.168017] (-) TimerEvent: {}
[310.269533] (-) TimerEvent: {}
[310.370801] (-) TimerEvent: {}
[310.472533] (-) TimerEvent: {}
[310.574426] (-) TimerEvent: {}
[310.675970] (-) TimerEvent: {}
[310.776852] (-) TimerEvent: {}
[310.877668] (-) TimerEvent: {}
[310.979154] (-) TimerEvent: {}
[311.067850] (ei_whistle_cpp) StdoutLine: {'line': b'[ 70%] \x1b[32mBuilding CXX object CMakeFiles/whistle_node.dir/edge-impulse-sdk/tensorflow/lite/micro/kernels/split_v.cc.o\x1b[0m\n'}
[311.079528] (-) TimerEvent: {}
[311.180655] (-) TimerEvent: {}
[311.281702] (-) TimerEvent: {}
[311.382789] (-) TimerEvent: {}
[311.483845] (-) TimerEvent: {}
[311.585375] (-) TimerEvent: {}
[311.686719] (-) TimerEvent: {}
[311.787685] (-) TimerEvent: {}
[311.888775] (-) TimerEvent: {}
[311.990093] (-) TimerEvent: {}
[312.091320] (-) TimerEvent: {}
[312.151101] (ei_whistle_cpp) StdoutLine: {'line': b'[ 71%] \x1b[32mBuilding CXX object CMakeFiles/whistle_node.dir/edge-impulse-sdk/tensorflow/lite/micro/kernels/softmax_common.cc.o\x1b[0m\n'}
[312.191758] (-) TimerEvent: {}
[312.293866] (-) TimerEvent: {}
[312.395812] (-) TimerEvent: {}
[312.497912] (-) TimerEvent: {}
[312.599997] (-) TimerEvent: {}
[312.707773] (-) TimerEvent: {}
[312.809477] (-) TimerEvent: {}
[312.911403] (-) TimerEvent: {}
[313.013354] (-) TimerEvent: {}
[313.115129] (-) TimerEvent: {}
[313.217469] (-) TimerEvent: {}
[313.319446] (-) TimerEvent: {}
[313.421503] (-) TimerEvent: {}
[313.523759] (-) TimerEvent: {}
[313.625907] (-) TimerEvent: {}
[313.727783] (-) TimerEvent: {}
[313.829896] (-) TimerEvent: {}
[313.931794] (-) TimerEvent: {}
[314.034149] (-) TimerEvent: {}
[314.136102] (-) TimerEvent: {}
[314.238165] (-) TimerEvent: {}
[314.340140] (-) TimerEvent: {}
[314.442331] (-) TimerEvent: {}
[314.548728] (-) TimerEvent: {}
[314.652653] (-) TimerEvent: {}
[314.756705] (-) TimerEvent: {}
[314.860796] (-) TimerEvent: {}
[314.962158] (-) TimerEvent: {}
[315.064087] (-) TimerEvent: {}
[315.166083] (-) TimerEvent: {}
[315.268357] (-) TimerEvent: {}
[315.370954] (-) TimerEvent: {}
[315.473330] (-) TimerEvent: {}
[315.574406] (-) TimerEvent: {}
[315.675694] (-) TimerEvent: {}
[315.776594] (-) TimerEvent: {}
[315.877548] (-) TimerEvent: {}
[315.978679] (-) TimerEvent: {}
[316.079745] (-) TimerEvent: {}
[316.181865] (-) TimerEvent: {}
[316.282999] (-) TimerEvent: {}
[316.384773] (-) TimerEvent: {}
[316.486927] (-) TimerEvent: {}
[316.588867] (-) TimerEvent: {}
[316.690791] (-) TimerEvent: {}
[316.792689] (-) TimerEvent: {}
[316.894657] (-) TimerEvent: {}
[316.996293] (-) TimerEvent: {}
[317.098028] (-) TimerEvent: {}
[317.199699] (-) TimerEvent: {}
[317.301359] (-) TimerEvent: {}
[317.414686] (-) TimerEvent: {}
[317.516564] (-) TimerEvent: {}
[317.618243] (-) TimerEvent: {}
[317.720322] (-) TimerEvent: {}
[317.822246] (-) TimerEvent: {}
[317.923375] (-) TimerEvent: {}
[318.024412] (-) TimerEvent: {}
[318.125521] (-) TimerEvent: {}
[318.226834] (-) TimerEvent: {}
[318.327668] (-) TimerEvent: {}
[318.428572] (-) TimerEvent: {}
[318.529468] (-) TimerEvent: {}
[318.630389] (-) TimerEvent: {}
[318.731361] (-) TimerEvent: {}
[318.832265] (-) TimerEvent: {}
[318.933204] (-) TimerEvent: {}
[319.034136] (-) TimerEvent: {}
[319.135018] (-) TimerEvent: {}
[319.235901] (-) TimerEvent: {}
[319.336877] (-) TimerEvent: {}
[319.437776] (-) TimerEvent: {}
[319.538727] (-) TimerEvent: {}
[319.578349] (ei_whistle_cpp) StdoutLine: {'line': b'[ 72%] \x1b[32mBuilding CXX object CMakeFiles/whistle_node.dir/edge-impulse-sdk/tensorflow/lite/micro/kernels/strided_slice.cc.o\x1b[0m\n'}
[319.638915] (-) TimerEvent: {}
[319.739643] (-) TimerEvent: {}
[319.840497] (-) TimerEvent: {}
[319.941269] (-) TimerEvent: {}
[320.042027] (-) TimerEvent: {}
[320.142754] (-) TimerEvent: {}
[320.243817] (-) TimerEvent: {}
[320.344665] (-) TimerEvent: {}
[320.445479] (-) TimerEvent: {}
[320.546283] (-) TimerEvent: {}
[320.626600] (ei_whistle_cpp) StdoutLine: {'line': b'[ 73%] \x1b[32mBuilding CXX object CMakeFiles/whistle_node.dir/edge-impulse-sdk/tensorflow/lite/micro/kernels/sub.cc.o\x1b[0m\n'}
[320.646629] (-) TimerEvent: {}
[320.678314] (ei_whistle_cpp) StdoutLine: {'line': b'[ 73%] \x1b[32mBuilding CXX object CMakeFiles/whistle_node.dir/edge-impulse-sdk/tensorflow/lite/micro/kernels/squeeze.cc.o\x1b[0m\n'}
[320.746836] (-) TimerEvent: {}
[320.847677] (-) TimerEvent: {}
[320.949513] (-) TimerEvent: {}
[321.050508] (-) TimerEvent: {}
[321.151528] (-) TimerEvent: {}
[321.253312] (-) TimerEvent: {}
[321.354942] (-) TimerEvent: {}
[321.456614] (-) TimerEvent: {}
[321.564598] (-) TimerEvent: {}
[321.666249] (-) TimerEvent: {}
[321.730504] (ei_whistle_cpp) StdoutLine: {'line': b'[ 74%] \x1b[32mBuilding CXX object CMakeFiles/whistle_node.dir/edge-impulse-sdk/tensorflow/lite/micro/kernels/squared_difference.cc.o\x1b[0m\n'}
[321.766569] (-) TimerEvent: {}
[321.868300] (-) TimerEvent: {}
[321.970442] (-) TimerEvent: {}
[322.072369] (-) TimerEvent: {}
[322.174290] (-) TimerEvent: {}
[322.276262] (-) TimerEvent: {}
[322.377743] (-) TimerEvent: {}
[322.478857] (-) TimerEvent: {}
[322.580048] (-) TimerEvent: {}
[322.681134] (-) TimerEvent: {}
[322.782239] (-) TimerEvent: {}
[322.883346] (-) TimerEvent: {}
[322.984599] (-) TimerEvent: {}
[323.086057] (-) TimerEvent: {}
[323.187161] (-) TimerEvent: {}
[323.294983] (-) TimerEvent: {}
[323.401607] (-) TimerEvent: {}
[323.508719] (-) TimerEvent: {}
[323.612725] (-) TimerEvent: {}
[323.715722] (-) TimerEvent: {}
[323.817603] (-) TimerEvent: {}
[323.920703] (-) TimerEvent: {}
[324.024680] (-) TimerEvent: {}
[324.125947] (-) TimerEvent: {}
[324.232720] (-) TimerEvent: {}
[324.340674] (-) TimerEvent: {}
[324.452745] (-) TimerEvent: {}
[324.556740] (-) TimerEvent: {}
[324.660693] (-) TimerEvent: {}
[324.768699] (-) TimerEvent: {}
[324.873482] (-) TimerEvent: {}
[324.976692] (-) TimerEvent: {}
[325.080727] (-) TimerEvent: {}
[325.181807] (-) TimerEvent: {}
[325.284013] (-) TimerEvent: {}
[325.386367] (-) TimerEvent: {}
[325.488698] (-) TimerEvent: {}
[325.591607] (-) TimerEvent: {}
[325.693577] (-) TimerEvent: {}
[325.795437] (-) TimerEvent: {}
[325.897438] (-) TimerEvent: {}
[325.999524] (-) TimerEvent: {}
[326.101519] (-) TimerEvent: {}
[326.203528] (-) TimerEvent: {}
[326.305465] (-) TimerEvent: {}
[326.406717] (-) TimerEvent: {}
[326.509783] (-) TimerEvent: {}
[326.611854] (-) TimerEvent: {}
[326.713995] (-) TimerEvent: {}
[326.816000] (-) TimerEvent: {}
[326.917939] (-) TimerEvent: {}
[327.019830] (-) TimerEvent: {}
[327.121848] (-) TimerEvent: {}
[327.224057] (-) TimerEvent: {}
[327.326313] (-) TimerEvent: {}
[327.427237] (-) TimerEvent: {}
[327.528182] (-) TimerEvent: {}
[327.629738] (-) TimerEvent: {}
[327.732578] (-) TimerEvent: {}
[327.834236] (-) TimerEvent: {}
[327.935494] (-) TimerEvent: {}
[328.036563] (-) TimerEvent: {}
[328.137714] (-) TimerEvent: {}
[328.239053] (-) TimerEvent: {}
[328.340583] (-) TimerEvent: {}
[328.441598] (-) TimerEvent: {}
[328.542473] (-) TimerEvent: {}
[328.643363] (-) TimerEvent: {}
[328.744207] (-) TimerEvent: {}
[328.845144] (-) TimerEvent: {}
[328.946050] (-) TimerEvent: {}
[329.046935] (-) TimerEvent: {}
[329.147823] (-) TimerEvent: {}
[329.248705] (-) TimerEvent: {}
[329.349688] (-) TimerEvent: {}
[329.452023] (-) TimerEvent: {}
[329.553832] (-) TimerEvent: {}
[329.655525] (-) TimerEvent: {}
[329.760652] (-) TimerEvent: {}
[329.861504] (-) TimerEvent: {}
[329.962375] (-) TimerEvent: {}
[330.063238] (-) TimerEvent: {}
[330.164217] (-) TimerEvent: {}
[330.265311] (-) TimerEvent: {}
[330.309421] (ei_whistle_cpp) StdoutLine: {'line': b'[ 75%] \x1b[32mBuilding CXX object CMakeFiles/whistle_node.dir/edge-impulse-sdk/tensorflow/lite/micro/kernels/svdf.cc.o\x1b[0m\n'}
[330.365542] (-) TimerEvent: {}
[330.466820] (-) TimerEvent: {}
[330.568004] (-) TimerEvent: {}
[330.669409] (-) TimerEvent: {}
[330.770882] (-) TimerEvent: {}
[330.872048] (-) TimerEvent: {}
[330.973045] (-) TimerEvent: {}
[331.073910] (-) TimerEvent: {}
[331.174811] (-) TimerEvent: {}
[331.275608] (-) TimerEvent: {}
[331.376559] (-) TimerEvent: {}
[331.477455] (-) TimerEvent: {}
[331.578558] (-) TimerEvent: {}
[331.684704] (-) TimerEvent: {}
[331.788757] (-) TimerEvent: {}
[331.892678] (-) TimerEvent: {}
[331.993608] (-) TimerEvent: {}
[332.094653] (-) TimerEvent: {}
[332.196757] (-) TimerEvent: {}
[332.298037] (-) TimerEvent: {}
[332.384293] (ei_whistle_cpp) StdoutLine: {'line': b'[ 75%] \x1b[32mBuilding CXX object CMakeFiles/whistle_node.dir/edge-impulse-sdk/tensorflow/lite/micro/kernels/svdf_common.cc.o\x1b[0m\n'}
[332.398350] (-) TimerEvent: {}
[332.500538] (-) TimerEvent: {}
[332.601514] (-) TimerEvent: {}
[332.703266] (-) TimerEvent: {}
[332.805049] (-) TimerEvent: {}
[332.906827] (-) TimerEvent: {}
[333.008559] (-) TimerEvent: {}
[333.110266] (-) TimerEvent: {}
[333.211928] (-) TimerEvent: {}
[333.313817] (-) TimerEvent: {}
[333.426593] (-) TimerEvent: {}
[333.527594] (-) TimerEvent: {}
[333.628695] (-) TimerEvent: {}
[333.730639] (-) TimerEvent: {}
[333.833076] (-) TimerEvent: {}
[333.934814] (-) TimerEvent: {}
[334.035897] (-) TimerEvent: {}
[334.137039] (-) TimerEvent: {}
[334.238387] (-) TimerEvent: {}
[334.339525] (-) TimerEvent: {}
[334.440890] (-) TimerEvent: {}
[334.458558] (ei_whistle_cpp) StdoutLine: {'line': b'[ 75%] \x1b[32mBuilding CXX object CMakeFiles/whistle_node.dir/edge-impulse-sdk/tensorflow/lite/micro/kernels/sub_common.cc.o\x1b[0m\n'}
[334.541106] (-) TimerEvent: {}
[334.642727] (-) TimerEvent: {}
[334.764883] (-) TimerEvent: {}
[334.865968] (-) TimerEvent: {}
[334.968039] (-) TimerEvent: {}
[335.069265] (-) TimerEvent: {}
[335.170456] (-) TimerEvent: {}
[335.272323] (-) TimerEvent: {}
[335.374313] (-) TimerEvent: {}
[335.476240] (-) TimerEvent: {}
[335.577986] (-) TimerEvent: {}
[335.679762] (-) TimerEvent: {}
[335.781635] (-) TimerEvent: {}
[335.883368] (-) TimerEvent: {}
[335.985489] (-) TimerEvent: {}
[336.088609] (-) TimerEvent: {}
[336.189689] (-) TimerEvent: {}
[336.290831] (-) TimerEvent: {}
[336.392030] (-) TimerEvent: {}
[336.493128] (-) TimerEvent: {}
[336.594423] (-) TimerEvent: {}
[336.702479] (-) TimerEvent: {}
[336.804549] (-) TimerEvent: {}
[336.906698] (-) TimerEvent: {}
[337.008946] (-) TimerEvent: {}
[337.110844] (-) TimerEvent: {}
[337.212779] (-) TimerEvent: {}
[337.315019] (-) TimerEvent: {}
[337.417069] (-) TimerEvent: {}
[337.519021] (-) TimerEvent: {}
[337.620944] (-) TimerEvent: {}
[337.722927] (-) TimerEvent: {}
[337.825909] (-) TimerEvent: {}
[337.927977] (-) TimerEvent: {}
[338.030003] (-) TimerEvent: {}
[338.132045] (-) TimerEvent: {}
[338.234358] (-) TimerEvent: {}
[338.337236] (-) TimerEvent: {}
[338.439191] (-) TimerEvent: {}
[338.541254] (-) TimerEvent: {}
[338.643457] (-) TimerEvent: {}
[338.745471] (-) TimerEvent: {}
[338.847495] (-) TimerEvent: {}
[338.949524] (-) TimerEvent: {}
[339.051282] (-) TimerEvent: {}
[339.153424] (-) TimerEvent: {}
[339.255756] (-) TimerEvent: {}
[339.357771] (-) TimerEvent: {}
[339.459803] (-) TimerEvent: {}
[339.569290] (-) TimerEvent: {}
[339.671275] (-) TimerEvent: {}
[339.776790] (-) TimerEvent: {}
[339.880892] (-) TimerEvent: {}
[339.982131] (-) TimerEvent: {}
[340.083462] (-) TimerEvent: {}
[340.184667] (-) TimerEvent: {}
[340.285603] (-) TimerEvent: {}
[340.387101] (-) TimerEvent: {}
[340.489642] (-) TimerEvent: {}
[340.591385] (-) TimerEvent: {}
[340.693302] (-) TimerEvent: {}
[340.794112] (-) TimerEvent: {}
[340.894919] (-) TimerEvent: {}
[340.995825] (-) TimerEvent: {}
[341.096741] (-) TimerEvent: {}
[341.197619] (-) TimerEvent: {}
[341.298396] (-) TimerEvent: {}
[341.399146] (-) TimerEvent: {}
[341.437258] (ei_whistle_cpp) StdoutLine: {'line': b'[ 75%] \x1b[32mBuilding CXX object CMakeFiles/whistle_node.dir/edge-impulse-sdk/tensorflow/lite/micro/kernels/topk_v2.cc.o\x1b[0m\n'}
[341.499343] (-) TimerEvent: {}
[341.600042] (-) TimerEvent: {}
[341.700797] (-) TimerEvent: {}
[341.801529] (-) TimerEvent: {}
[341.902226] (-) TimerEvent: {}
[342.002927] (-) TimerEvent: {}
[342.103614] (-) TimerEvent: {}
[342.204367] (-) TimerEvent: {}
[342.305124] (-) TimerEvent: {}
[342.405850] (-) TimerEvent: {}
[342.506640] (-) TimerEvent: {}
[342.607417] (-) TimerEvent: {}
[342.708232] (-) TimerEvent: {}
[342.809025] (-) TimerEvent: {}
[342.909785] (-) TimerEvent: {}
[343.010549] (-) TimerEvent: {}
[343.111326] (-) TimerEvent: {}
[343.212156] (-) TimerEvent: {}
[343.312973] (-) TimerEvent: {}
[343.413717] (-) TimerEvent: {}
[343.514487] (-) TimerEvent: {}
[343.615272] (-) TimerEvent: {}
[343.716064] (-) TimerEvent: {}
[343.816952] (-) TimerEvent: {}
[343.917721] (-) TimerEvent: {}
[344.018493] (-) TimerEvent: {}
[344.119263] (-) TimerEvent: {}
[344.220084] (-) TimerEvent: {}
[344.320893] (-) TimerEvent: {}
[344.421697] (-) TimerEvent: {}
[344.522499] (-) TimerEvent: {}
[344.623432] (-) TimerEvent: {}
[344.724279] (-) TimerEvent: {}
[344.825143] (-) TimerEvent: {}
[344.925949] (-) TimerEvent: {}
[345.026727] (-) TimerEvent: {}
[345.127486] (-) TimerEvent: {}
[345.228327] (-) TimerEvent: {}
[345.329139] (-) TimerEvent: {}
[345.430054] (-) TimerEvent: {}
[345.530891] (-) TimerEvent: {}
[345.631951] (-) TimerEvent: {}
[345.732759] (-) TimerEvent: {}
[345.833559] (-) TimerEvent: {}
[345.934370] (-) TimerEvent: {}
[346.035205] (-) TimerEvent: {}
[346.135987] (-) TimerEvent: {}
[346.236815] (-) TimerEvent: {}
[346.337580] (-) TimerEvent: {}
[346.438308] (-) TimerEvent: {}
[346.539078] (-) TimerEvent: {}
[346.639897] (-) TimerEvent: {}
[346.740661] (-) TimerEvent: {}
[346.841383] (-) TimerEvent: {}
[346.942140] (-) TimerEvent: {}
[347.042904] (-) TimerEvent: {}
[347.143642] (-) TimerEvent: {}
[347.244495] (-) TimerEvent: {}
[347.345250] (-) TimerEvent: {}
[347.446021] (-) TimerEvent: {}
[347.546791] (-) TimerEvent: {}
[347.647521] (-) TimerEvent: {}
[347.748281] (-) TimerEvent: {}
[347.849076] (-) TimerEvent: {}
[347.949826] (-) TimerEvent: {}
[348.050608] (-) TimerEvent: {}
[348.147633] (ei_whistle_cpp) StdoutLine: {'line': b'[ 76%] \x1b[32mBuilding CXX object CMakeFiles/whistle_node.dir/edge-impulse-sdk/tensorflow/lite/micro/kernels/transpose.cc.o\x1b[0m\n'}
[348.150772] (-) TimerEvent: {}
[348.251497] (-) TimerEvent: {}
[348.352232] (-) TimerEvent: {}
[348.453025] (-) TimerEvent: {}
[348.553720] (-) TimerEvent: {}
[348.654447] (-) TimerEvent: {}
[348.755211] (-) TimerEvent: {}
[348.855913] (-) TimerEvent: {}
[348.956618] (-) TimerEvent: {}
[349.057374] (-) TimerEvent: {}
[349.158141] (-) TimerEvent: {}
[349.258927] (-) TimerEvent: {}
[349.359738] (-) TimerEvent: {}
[349.460767] (-) TimerEvent: {}
[349.561736] (-) TimerEvent: {}
[349.662668] (-) TimerEvent: {}
[349.763593] (-) TimerEvent: {}
[349.864682] (-) TimerEvent: {}
[349.965587] (-) TimerEvent: {}
[350.066484] (-) TimerEvent: {}
[350.167407] (-) TimerEvent: {}
[350.201813] (ei_whistle_cpp) StdoutLine: {'line': b'[ 76%] \x1b[32mBuilding CXX object CMakeFiles/whistle_node.dir/edge-impulse-sdk/tensorflow/lite/micro/kernels/transpose_conv.cc.o\x1b[0m\n'}
[350.267664] (-) TimerEvent: {}
[350.369641] (-) TimerEvent: {}
[350.471428] (-) TimerEvent: {}
[350.573390] (-) TimerEvent: {}
[350.675204] (-) TimerEvent: {}
[350.777029] (-) TimerEvent: {}
[350.878783] (-) TimerEvent: {}
[350.979702] (-) TimerEvent: {}
[351.080794] (-) TimerEvent: {}
[351.181593] (-) TimerEvent: {}
[351.282409] (-) TimerEvent: {}
[351.383229] (-) TimerEvent: {}
[351.484057] (-) TimerEvent: {}
[351.585051] (-) TimerEvent: {}
[351.685960] (-) TimerEvent: {}
[351.786865] (-) TimerEvent: {}
[351.887881] (-) TimerEvent: {}
[351.988828] (-) TimerEvent: {}
[352.089743] (-) TimerEvent: {}
[352.190612] (-) TimerEvent: {}
[352.254789] (ei_whistle_cpp) StdoutLine: {'line': b'[ 77%] \x1b[32mBuilding CXX object CMakeFiles/whistle_node.dir/edge-impulse-sdk/tensorflow/lite/micro/kernels/tile.cc.o\x1b[0m\n'}
[352.290556] (ei_whistle_cpp) StdoutLine: {'line': b'[ 78%] \x1b[32mBuilding CXX object CMakeFiles/whistle_node.dir/edge-impulse-sdk/tensorflow/lite/micro/kernels/tanh.cc.o\x1b[0m\n'}
[352.291427] (-) TimerEvent: {}
[352.393421] (-) TimerEvent: {}
[352.494298] (-) TimerEvent: {}
[352.595841] (-) TimerEvent: {}
[352.697402] (-) TimerEvent: {}
[352.798976] (-) TimerEvent: {}
[352.900777] (-) TimerEvent: {}
[353.002315] (-) TimerEvent: {}
[353.104197] (-) TimerEvent: {}
[353.206554] (-) TimerEvent: {}
[353.308016] (-) TimerEvent: {}
[353.409543] (-) TimerEvent: {}
[353.511158] (-) TimerEvent: {}
[353.612210] (-) TimerEvent: {}
[353.713497] (-) TimerEvent: {}
[353.814660] (-) TimerEvent: {}
[353.915869] (-) TimerEvent: {}
[354.017309] (-) TimerEvent: {}
[354.118479] (-) TimerEvent: {}
[354.219909] (-) TimerEvent: {}
[354.321354] (-) TimerEvent: {}
[354.360982] (ei_whistle_cpp) StdoutLine: {'line': b'[ 79%] \x1b[32mBuilding CXX object CMakeFiles/whistle_node.dir/edge-impulse-sdk/tensorflow/lite/micro/kernels/tree_ensemble_classifier.cc.o\x1b[0m\n'}
[354.421639] (-) TimerEvent: {}
[354.523554] (-) TimerEvent: {}
[354.626422] (-) TimerEvent: {}
[354.732685] (-) TimerEvent: {}
[354.836053] (-) TimerEvent: {}
[354.939861] (-) TimerEvent: {}
[355.041546] (-) TimerEvent: {}
[355.142949] (-) TimerEvent: {}
[355.244117] (-) TimerEvent: {}
[355.345331] (-) TimerEvent: {}
[355.446484] (-) TimerEvent: {}
[355.547633] (-) TimerEvent: {}
[355.648752] (-) TimerEvent: {}
[355.749836] (-) TimerEvent: {}
[355.850999] (-) TimerEvent: {}
[355.952160] (-) TimerEvent: {}
[356.053276] (-) TimerEvent: {}
[356.154295] (-) TimerEvent: {}
[356.255453] (-) TimerEvent: {}
[356.356653] (-) TimerEvent: {}
[356.457833] (-) TimerEvent: {}
[356.558980] (-) TimerEvent: {}
[356.660190] (-) TimerEvent: {}
[356.761712] (-) TimerEvent: {}
[356.862892] (-) TimerEvent: {}
[356.964038] (-) TimerEvent: {}
[357.065212] (-) TimerEvent: {}
[357.166588] (-) TimerEvent: {}
[357.267753] (-) TimerEvent: {}
[357.369012] (-) TimerEvent: {}
[357.470149] (-) TimerEvent: {}
[357.571400] (-) TimerEvent: {}
[357.672609] (-) TimerEvent: {}
[357.773736] (-) TimerEvent: {}
[357.875050] (-) TimerEvent: {}
[357.976430] (-) TimerEvent: {}
[358.077578] (-) TimerEvent: {}
[358.178495] (-) TimerEvent: {}
[358.279341] (-) TimerEvent: {}
[358.380394] (-) TimerEvent: {}
[358.481357] (-) TimerEvent: {}
[358.582400] (-) TimerEvent: {}
[358.683503] (-) TimerEvent: {}
[358.784619] (-) TimerEvent: {}
[358.886057] (-) TimerEvent: {}
[358.986939] (-) TimerEvent: {}
[359.087815] (-) TimerEvent: {}
[359.188728] (-) TimerEvent: {}
[359.289649] (-) TimerEvent: {}
[359.390530] (-) TimerEvent: {}
[359.491401] (-) TimerEvent: {}
[359.592262] (-) TimerEvent: {}
[359.694916] (-) TimerEvent: {}
[359.796153] (-) TimerEvent: {}
[359.898024] (-) TimerEvent: {}
[359.999914] (-) TimerEvent: {}
[360.100804] (-) TimerEvent: {}
[360.204713] (-) TimerEvent: {}
[360.308654] (-) TimerEvent: {}
[360.409561] (-) TimerEvent: {}
[360.511019] (-) TimerEvent: {}
[360.612046] (-) TimerEvent: {}
[360.713469] (-) TimerEvent: {}
[360.814366] (-) TimerEvent: {}
[360.915287] (-) TimerEvent: {}
[361.016171] (-) TimerEvent: {}
[361.115196] (ei_whistle_cpp) StdoutLine: {'line': b'[ 80%] \x1b[32mBuilding CXX object CMakeFiles/whistle_node.dir/edge-impulse-sdk/tensorflow/lite/micro/kernels/var_handle.cc.o\x1b[0m\n'}
[361.116221] (-) TimerEvent: {}
[361.217273] (-) TimerEvent: {}
[361.318904] (-) TimerEvent: {}
[361.420615] (-) TimerEvent: {}
[361.521888] (-) TimerEvent: {}
[361.622713] (-) TimerEvent: {}
[361.723470] (-) TimerEvent: {}
[361.824206] (-) TimerEvent: {}
[361.925109] (-) TimerEvent: {}
[362.026001] (-) TimerEvent: {}
[362.127124] (-) TimerEvent: {}
[362.228079] (-) TimerEvent: {}
[362.329071] (-) TimerEvent: {}
[362.429854] (-) TimerEvent: {}
[362.530616] (-) TimerEvent: {}
[362.631740] (-) TimerEvent: {}
[362.732559] (-) TimerEvent: {}
[362.833391] (-) TimerEvent: {}
[362.934295] (-) TimerEvent: {}
[363.035258] (-) TimerEvent: {}
[363.136095] (-) TimerEvent: {}
[363.237171] (-) TimerEvent: {}
[363.338040] (-) TimerEvent: {}
[363.438826] (-) TimerEvent: {}
[363.539654] (-) TimerEvent: {}
[363.640576] (-) TimerEvent: {}
[363.741360] (-) TimerEvent: {}
[363.842185] (-) TimerEvent: {}
[363.942974] (-) TimerEvent: {}
[364.043740] (-) TimerEvent: {}
[364.144596] (-) TimerEvent: {}
[364.245415] (-) TimerEvent: {}
[364.346310] (-) TimerEvent: {}
[364.447089] (-) TimerEvent: {}
[364.547890] (-) TimerEvent: {}
[364.648862] (-) TimerEvent: {}
[364.750306] (-) TimerEvent: {}
[364.851261] (-) TimerEvent: {}
[364.952159] (-) TimerEvent: {}
[365.053060] (-) TimerEvent: {}
[365.154463] (-) TimerEvent: {}
[365.166812] (ei_whistle_cpp) StdoutLine: {'line': b'[ 80%] \x1b[32mBuilding CXX object CMakeFiles/whistle_node.dir/edge-impulse-sdk/tensorflow/lite/micro/kernels/while.cc.o\x1b[0m\n'}
[365.254387] (-) TimerEvent: {}
[365.355502] (-) TimerEvent: {}
[365.456535] (-) TimerEvent: {}
[365.557727] (-) TimerEvent: {}
[365.659349] (-) TimerEvent: {}
[365.760569] (-) TimerEvent: {}
[365.864584] (-) TimerEvent: {}
[365.967431] (-) TimerEvent: {}
[366.068725] (-) TimerEvent: {}
[366.169683] (-) TimerEvent: {}
[366.270957] (-) TimerEvent: {}
[366.372221] (-) TimerEvent: {}
[366.473208] (-) TimerEvent: {}
[366.574276] (-) TimerEvent: {}
[366.675282] (-) TimerEvent: {}
[366.776307] (-) TimerEvent: {}
[366.877477] (-) TimerEvent: {}
[366.978908] (-) TimerEvent: {}
[367.080168] (-) TimerEvent: {}
[367.181419] (-) TimerEvent: {}
[367.243269] (ei_whistle_cpp) StdoutLine: {'line': b'[ 80%] \x1b[32mBuilding CXX object CMakeFiles/whistle_node.dir/edge-impulse-sdk/tensorflow/lite/micro/kernels/unpack.cc.o\x1b[0m\n'}
[367.281660] (-) TimerEvent: {}
[367.383258] (-) TimerEvent: {}
[367.484732] (-) TimerEvent: {}
[367.586337] (-) TimerEvent: {}
[367.687947] (-) TimerEvent: {}
[367.789938] (-) TimerEvent: {}
[367.892170] (-) TimerEvent: {}
[367.994003] (-) TimerEvent: {}
[368.096013] (-) TimerEvent: {}
[368.198122] (-) TimerEvent: {}
[368.300589] (-) TimerEvent: {}
[368.402830] (-) TimerEvent: {}
[368.504755] (-) TimerEvent: {}
[368.606620] (-) TimerEvent: {}
[368.708570] (-) TimerEvent: {}
[368.810705] (-) TimerEvent: {}
[368.912837] (-) TimerEvent: {}
[369.014624] (-) TimerEvent: {}
[369.116780] (-) TimerEvent: {}
[369.218009] (-) TimerEvent: {}
[369.315260] (ei_whistle_cpp) StdoutLine: {'line': b'[ 81%] \x1b[32mBuilding CXX object CMakeFiles/whistle_node.dir/edge-impulse-sdk/tensorflow/lite/micro/kernels/unidirectional_sequence_lstm.cc.o\x1b[0m\n'}
[369.318335] (-) TimerEvent: {}
[369.420789] (-) TimerEvent: {}
[369.522764] (-) TimerEvent: {}
[369.624781] (-) TimerEvent: {}
[369.726843] (-) TimerEvent: {}
[369.828151] (-) TimerEvent: {}
[369.931448] (-) TimerEvent: {}
[370.032678] (-) TimerEvent: {}
[370.133872] (-) TimerEvent: {}
[370.234979] (-) TimerEvent: {}
[370.336258] (-) TimerEvent: {}
[370.437382] (-) TimerEvent: {}
[370.538390] (-) TimerEvent: {}
[370.639476] (-) TimerEvent: {}
[370.740752] (-) TimerEvent: {}
[370.842630] (-) TimerEvent: {}
[370.944857] (-) TimerEvent: {}
[371.047322] (-) TimerEvent: {}
[371.148392] (-) TimerEvent: {}
[371.249520] (-) TimerEvent: {}
[371.350660] (-) TimerEvent: {}
[371.451862] (-) TimerEvent: {}
[371.553967] (-) TimerEvent: {}
[371.656077] (-) TimerEvent: {}
[371.758094] (-) TimerEvent: {}
[371.860154] (-) TimerEvent: {}
[371.962185] (-) TimerEvent: {}
[372.064356] (-) TimerEvent: {}
[372.176685] (-) TimerEvent: {}
[372.278846] (-) TimerEvent: {}
[372.381044] (-) TimerEvent: {}
[372.483186] (-) TimerEvent: {}
[372.585191] (-) TimerEvent: {}
[372.687286] (-) TimerEvent: {}
[372.789229] (-) TimerEvent: {}
[372.891283] (-) TimerEvent: {}
[372.993323] (-) TimerEvent: {}
[373.095423] (-) TimerEvent: {}
[373.205999] (-) TimerEvent: {}
[373.307733] (-) TimerEvent: {}
[373.408808] (-) TimerEvent: {}
[373.509723] (-) TimerEvent: {}
[373.611601] (-) TimerEvent: {}
[373.712790] (-) TimerEvent: {}
[373.813946] (-) TimerEvent: {}
[373.915396] (-) TimerEvent: {}
[374.016659] (-) TimerEvent: {}
[374.118601] (-) TimerEvent: {}
[374.220703] (-) TimerEvent: {}
[374.322877] (-) TimerEvent: {}
[374.424870] (-) TimerEvent: {}
[374.526767] (-) TimerEvent: {}
[374.628747] (-) TimerEvent: {}
[374.736813] (-) TimerEvent: {}
[374.840827] (-) TimerEvent: {}
[374.942412] (-) TimerEvent: {}
[375.044140] (-) TimerEvent: {}
[375.146202] (-) TimerEvent: {}
[375.248253] (-) TimerEvent: {}
[375.361496] (-) TimerEvent: {}
[375.463644] (-) TimerEvent: {}
[375.564783] (-) TimerEvent: {}
[375.665946] (-) TimerEvent: {}
[375.766847] (-) TimerEvent: {}
[375.867799] (-) TimerEvent: {}
[375.968695] (-) TimerEvent: {}
[376.070572] (-) TimerEvent: {}
[376.171683] (-) TimerEvent: {}
[376.272805] (-) TimerEvent: {}
[376.374047] (-) TimerEvent: {}
[376.475575] (-) TimerEvent: {}
[376.576663] (-) TimerEvent: {}
[376.677613] (-) TimerEvent: {}
[376.779031] (-) TimerEvent: {}
[376.880047] (-) TimerEvent: {}
[376.981495] (-) TimerEvent: {}
[377.082871] (-) TimerEvent: {}
[377.184345] (-) TimerEvent: {}
[377.285970] (-) TimerEvent: {}
[377.387047] (-) TimerEvent: {}
[377.488017] (-) TimerEvent: {}
[377.588987] (-) TimerEvent: {}
[377.689892] (-) TimerEvent: {}
[377.791505] (-) TimerEvent: {}
[377.892297] (-) TimerEvent: {}
[377.993279] (-) TimerEvent: {}
[378.094046] (-) TimerEvent: {}
[378.194900] (-) TimerEvent: {}
[378.295712] (-) TimerEvent: {}
[378.396541] (-) TimerEvent: {}
[378.497328] (-) TimerEvent: {}
[378.598162] (-) TimerEvent: {}
[378.698962] (-) TimerEvent: {}
[378.799758] (-) TimerEvent: {}
[378.900579] (-) TimerEvent: {}
[379.001357] (-) TimerEvent: {}
[379.102211] (-) TimerEvent: {}
[379.203016] (-) TimerEvent: {}
[379.303815] (-) TimerEvent: {}
[379.404637] (-) TimerEvent: {}
[379.505400] (-) TimerEvent: {}
[379.606214] (-) TimerEvent: {}
[379.706982] (-) TimerEvent: {}
[379.807878] (-) TimerEvent: {}
[379.909148] (-) TimerEvent: {}
[380.009974] (-) TimerEvent: {}
[380.110810] (-) TimerEvent: {}
[380.211663] (-) TimerEvent: {}
[380.312594] (-) TimerEvent: {}
[380.413706] (-) TimerEvent: {}
[380.514564] (-) TimerEvent: {}
[380.615420] (-) TimerEvent: {}
[380.716270] (-) TimerEvent: {}
[380.744739] (ei_whistle_cpp) StdoutLine: {'line': b'[ 81%] \x1b[32mBuilding CXX object CMakeFiles/whistle_node.dir/edge-impulse-sdk/tensorflow/lite/micro/memory_planner/greedy_memory_planner.cc.o\x1b[0m\n'}
[380.816537] (-) TimerEvent: {}
[380.917353] (-) TimerEvent: {}
[381.018385] (-) TimerEvent: {}
[381.119367] (-) TimerEvent: {}
[381.124981] (ei_whistle_cpp) StdoutLine: {'line': b'[ 82%] \x1b[32mBuilding CXX object CMakeFiles/whistle_node.dir/edge-impulse-sdk/tensorflow/lite/micro/memory_helpers.cc.o\x1b[0m\n'}
[381.219573] (-) TimerEvent: {}
[381.320401] (-) TimerEvent: {}
[381.421334] (-) TimerEvent: {}
[381.522214] (-) TimerEvent: {}
[381.623045] (-) TimerEvent: {}
[381.723921] (-) TimerEvent: {}
[381.824809] (-) TimerEvent: {}
[381.925684] (-) TimerEvent: {}
[382.026487] (-) TimerEvent: {}
[382.127314] (-) TimerEvent: {}
[382.228636] (-) TimerEvent: {}
[382.330921] (-) TimerEvent: {}
[382.432421] (-) TimerEvent: {}
[382.533345] (-) TimerEvent: {}
[382.634173] (-) TimerEvent: {}
[382.735014] (-) TimerEvent: {}
[382.835984] (-) TimerEvent: {}
[382.936902] (-) TimerEvent: {}
[383.037777] (-) TimerEvent: {}
[383.138657] (-) TimerEvent: {}
[383.239588] (-) TimerEvent: {}
[383.340655] (-) TimerEvent: {}
[383.374143] (ei_whistle_cpp) StdoutLine: {'line': b'[ 82%] \x1b[32mBuilding CXX object CMakeFiles/whistle_node.dir/edge-impulse-sdk/tensorflow/lite/micro/memory_planner/non_persistent_buffer_planner_shim.cc.o\x1b[0m\n'}
[383.440891] (-) TimerEvent: {}
[383.542887] (-) TimerEvent: {}
[383.644580] (-) TimerEvent: {}
[383.747699] (-) TimerEvent: {}
[383.848580] (-) TimerEvent: {}
[383.949481] (-) TimerEvent: {}
[384.050371] (-) TimerEvent: {}
[384.151204] (-) TimerEvent: {}
[384.252105] (-) TimerEvent: {}
[384.353067] (-) TimerEvent: {}
[384.454106] (-) TimerEvent: {}
[384.554974] (-) TimerEvent: {}
[384.655872] (-) TimerEvent: {}
[384.760073] (-) TimerEvent: {}
[384.861983] (-) TimerEvent: {}
[384.962943] (-) TimerEvent: {}
[385.063818] (-) TimerEvent: {}
[385.164745] (-) TimerEvent: {}
[385.265672] (-) TimerEvent: {}
[385.366548] (-) TimerEvent: {}
[385.435459] (ei_whistle_cpp) StdoutLine: {'line': b'[ 83%] \x1b[32mBuilding CXX object CMakeFiles/whistle_node.dir/edge-impulse-sdk/tensorflow/lite/micro/memory_planner/linear_memory_planner.cc.o\x1b[0m\n'}
[385.466811] (-) TimerEvent: {}
[385.507969] (ei_whistle_cpp) StdoutLine: {'line': b'[ 84%] \x1b[32mBuilding CXX object CMakeFiles/whistle_node.dir/edge-impulse-sdk/tensorflow/lite/micro/kernels/zeros_like.cc.o\x1b[0m\n'}
[385.567047] (-) TimerEvent: {}
[385.667984] (-) TimerEvent: {}
[385.732799] (ei_whistle_cpp) StdoutLine: {'line': b'[ 85%] \x1b[32mBuilding CXX object CMakeFiles/whistle_node.dir/edge-impulse-sdk/tensorflow/lite/micro/micro_allocation_info.cc.o\x1b[0m\n'}
[385.768207] (-) TimerEvent: {}
[385.869456] (-) TimerEvent: {}
[385.971525] (-) TimerEvent: {}
[386.072791] (-) TimerEvent: {}
[386.173738] (-) TimerEvent: {}
[386.274662] (-) TimerEvent: {}
[386.375616] (-) TimerEvent: {}
[386.476766] (-) TimerEvent: {}
[386.577652] (-) TimerEvent: {}
[386.678788] (-) TimerEvent: {}
[386.780409] (-) TimerEvent: {}
[386.811089] (ei_whistle_cpp) StdoutLine: {'line': b'[ 86%] \x1b[32mBuilding CXX object CMakeFiles/whistle_node.dir/edge-impulse-sdk/tensorflow/lite/micro/micro_allocator.cc.o\x1b[0m\n'}
[386.880689] (-) TimerEvent: {}
[386.982989] (-) TimerEvent: {}
[387.084761] (-) TimerEvent: {}
[387.186760] (-) TimerEvent: {}
[387.288586] (-) TimerEvent: {}
[387.390452] (-) TimerEvent: {}
[387.492288] (-) TimerEvent: {}
[387.593409] (-) TimerEvent: {}
[387.694447] (-) TimerEvent: {}
[387.796576] (-) TimerEvent: {}
[387.898424] (-) TimerEvent: {}
[388.000734] (-) TimerEvent: {}
[388.102880] (-) TimerEvent: {}
[388.204658] (-) TimerEvent: {}
[388.306629] (-) TimerEvent: {}
[388.408469] (-) TimerEvent: {}
[388.510824] (-) TimerEvent: {}
[388.612841] (-) TimerEvent: {}
[388.715344] (-) TimerEvent: {}
[388.817385] (-) TimerEvent: {}
[388.919359] (-) TimerEvent: {}
[389.021917] (-) TimerEvent: {}
[389.124015] (-) TimerEvent: {}
[389.226231] (-) TimerEvent: {}
[389.328238] (-) TimerEvent: {}
[389.430545] (-) TimerEvent: {}
[389.532543] (-) TimerEvent: {}
[389.634406] (-) TimerEvent: {}
[389.737480] (-) TimerEvent: {}
[389.838630] (-) TimerEvent: {}
[389.940532] (-) TimerEvent: {}
[390.045617] (-) TimerEvent: {}
[390.147455] (-) TimerEvent: {}
[390.268640] (-) TimerEvent: {}
[390.369834] (-) TimerEvent: {}
[390.476640] (-) TimerEvent: {}
[390.592158] (-) TimerEvent: {}
[390.693430] (-) TimerEvent: {}
[390.794558] (-) TimerEvent: {}
[390.895669] (-) TimerEvent: {}
[390.996731] (-) TimerEvent: {}
[391.097920] (-) TimerEvent: {}
[391.199723] (-) TimerEvent: {}
[391.304275] (-) TimerEvent: {}
[391.407859] (-) TimerEvent: {}
[391.509820] (-) TimerEvent: {}
[391.612891] (-) TimerEvent: {}
[391.714674] (-) TimerEvent: {}
[391.815955] (-) TimerEvent: {}
[391.917234] (-) TimerEvent: {}
[392.018367] (-) TimerEvent: {}
[392.119356] (-) TimerEvent: {}
[392.220369] (-) TimerEvent: {}
[392.321938] (-) TimerEvent: {}
[392.422972] (-) TimerEvent: {}
[392.524180] (-) TimerEvent: {}
[392.625903] (-) TimerEvent: {}
[392.728663] (-) TimerEvent: {}
[392.831308] (-) TimerEvent: {}
[392.938214] (-) TimerEvent: {}
[393.039492] (-) TimerEvent: {}
[393.142434] (-) TimerEvent: {}
[393.243517] (-) TimerEvent: {}
[393.344850] (-) TimerEvent: {}
[393.446104] (-) TimerEvent: {}
[393.547355] (-) TimerEvent: {}
[393.648566] (-) TimerEvent: {}
[393.749795] (-) TimerEvent: {}
[393.851110] (-) TimerEvent: {}
[393.952806] (-) TimerEvent: {}
[394.054305] (-) TimerEvent: {}
[394.155602] (-) TimerEvent: {}
[394.257311] (-) TimerEvent: {}
[394.359156] (-) TimerEvent: {}
[394.447955] (ei_whistle_cpp) StderrLine: {'line': b'\x1b[01m\x1b[K/home/dev/respeaker_deep_audio/src/ei_whistle_cpp/edge-impulse-sdk/tensorflow/lite/micro/memory_helpers.cc:\x1b[m\x1b[K In function \xe2\x80\x98\x1b[01m\x1b[KTfLiteStatus tflite::BytesRequiredForTensor(const tflite::Tensor&, size_t*, size_t*)\x1b[m\x1b[K\xe2\x80\x99:\n'}
[394.450979] (ei_whistle_cpp) StderrLine: {'line': b'\x1b[01m\x1b[K/home/dev/respeaker_deep_audio/src/ei_whistle_cpp/edge-impulse-sdk/tensorflow/lite/micro/memory_helpers.cc:107:61:\x1b[m\x1b[K \x1b[01;35m\x1b[Kwarning: \x1b[m\x1b[K\xe2\x80\x98\x1b[01m\x1b[Kflatbuffers::uoffset_t flatbuffers::Vector<T>::Length() const [with T = int; flatbuffers::uoffset_t = unsigned int]\x1b[m\x1b[K\xe2\x80\x99 is deprecated: use size() instead [\x1b[01;35m\x1b[K\x1b]8;;https://gcc.gnu.org/onlinedocs/gcc/Warning-Options.html#index-Wdeprecated-declarations\x07-Wdeprecated-declarations\x1b]8;;\x07\x1b[m\x1b[K]\n'}
[394.452048] (ei_whistle_cpp) StderrLine: {'line': b'  107 |     for (size_t n = 0; n < \x1b[01;35m\x1b[Kflatbuffer_tensor.shape()->Length()\x1b[m\x1b[K; ++n) {\n'}
[394.453014] (ei_whistle_cpp) StderrLine: {'line': b'      |                            \x1b[01;35m\x1b[K~~~~~~~~~~~~~~~~~~~~~~~~~~~~~~~~~^~\x1b[m\x1b[K\n'}
[394.453759] (ei_whistle_cpp) StderrLine: {'line': b'In file included from \x1b[01m\x1b[K/home/dev/respeaker_deep_audio/src/ei_whistle_cpp/edge-impulse-sdk/third_party/flatbuffers/include/flatbuffers/fb_array.h:22\x1b[m\x1b[K,\n'}
[394.454937] (ei_whistle_cpp) StderrLine: {'line': b'                 from \x1b[01m\x1b[K/home/dev/respeaker_deep_audio/src/ei_whistle_cpp/edge-impulse-sdk/third_party/flatbuffers/include/flatbuffers/flatbuffers.h:22\x1b[m\x1b[K,\n'}
[394.455798] (ei_whistle_cpp) StderrLine: {'line': b'                 from \x1b[01m\x1b[K/home/dev/respeaker_deep_audio/src/ei_whistle_cpp/edge-impulse-sdk/tensorflow/lite/schema/schema_generated.h:4\x1b[m\x1b[K,\n'}
[394.456595] (ei_whistle_cpp) StderrLine: {'line': b'                 from \x1b[01m\x1b[K/home/dev/respeaker_deep_audio/src/ei_whistle_cpp/edge-impulse-sdk/tensorflow/lite/micro/memory_helpers.h:22\x1b[m\x1b[K,\n'}
[394.457492] (ei_whistle_cpp) StderrLine: {'line': b'                 from \x1b[01m\x1b[K/home/dev/respeaker_deep_audio/src/ei_whistle_cpp/edge-impulse-sdk/tensorflow/lite/micro/memory_helpers.cc:16\x1b[m\x1b[K:\n'}
[394.458257] (ei_whistle_cpp) StderrLine: {'line': b'\x1b[01m\x1b[K/home/dev/respeaker_deep_audio/src/ei_whistle_cpp/edge-impulse-sdk/third_party/flatbuffers/include/flatbuffers/fb_vector.h:163:13:\x1b[m\x1b[K \x1b[01;36m\x1b[Knote: \x1b[m\x1b[Kdeclared here\n'}
[394.459007] (-) TimerEvent: {}
[394.472890] (ei_whistle_cpp) StderrLine: {'line': b'  163 |   uoffset_t \x1b[01;36m\x1b[KLength\x1b[m\x1b[K() const { return size(); }\n'}
[394.473821] (ei_whistle_cpp) StderrLine: {'line': b'      |             \x1b[01;36m\x1b[K^~~~~~\x1b[m\x1b[K\n'}
[394.559321] (-) TimerEvent: {}
[394.660699] (-) TimerEvent: {}
[394.762711] (-) TimerEvent: {}
[394.863879] (-) TimerEvent: {}
[394.964961] (-) TimerEvent: {}
[395.068683] (-) TimerEvent: {}
[395.169884] (-) TimerEvent: {}
[395.271695] (-) TimerEvent: {}
[395.372852] (-) TimerEvent: {}
[395.474007] (-) TimerEvent: {}
[395.575367] (-) TimerEvent: {}
[395.678265] (-) TimerEvent: {}
[395.779387] (-) TimerEvent: {}
[395.880501] (-) TimerEvent: {}
[395.981680] (-) TimerEvent: {}
[396.082807] (-) TimerEvent: {}
[396.185547] (-) TimerEvent: {}
[396.286704] (-) TimerEvent: {}
[396.387893] (-) TimerEvent: {}
[396.489120] (-) TimerEvent: {}
[396.590257] (-) TimerEvent: {}
[396.691423] (-) TimerEvent: {}
[396.792631] (-) TimerEvent: {}
[396.894366] (-) TimerEvent: {}
[396.996397] (-) TimerEvent: {}
[397.098522] (-) TimerEvent: {}
[397.200877] (-) TimerEvent: {}
[397.302877] (-) TimerEvent: {}
[397.404794] (-) TimerEvent: {}
[397.506711] (-) TimerEvent: {}
[397.608354] (-) TimerEvent: {}
[397.710108] (-) TimerEvent: {}
[397.812108] (-) TimerEvent: {}
[397.914246] (-) TimerEvent: {}
[398.016206] (-) TimerEvent: {}
[398.118547] (-) TimerEvent: {}
[398.221006] (-) TimerEvent: {}
[398.323074] (-) TimerEvent: {}
[398.425201] (-) TimerEvent: {}
[398.527287] (-) TimerEvent: {}
[398.629565] (-) TimerEvent: {}
[398.730675] (-) TimerEvent: {}
[398.831777] (-) TimerEvent: {}
[398.933149] (-) TimerEvent: {}
[399.034542] (-) TimerEvent: {}
[399.135580] (-) TimerEvent: {}
[399.236530] (-) TimerEvent: {}
[399.337455] (-) TimerEvent: {}
[399.438349] (-) TimerEvent: {}
[399.539323] (-) TimerEvent: {}
[399.641880] (-) TimerEvent: {}
[399.742975] (-) TimerEvent: {}
[399.843920] (-) TimerEvent: {}
[399.944939] (-) TimerEvent: {}
[400.045934] (-) TimerEvent: {}
[400.146881] (-) TimerEvent: {}
[400.247830] (-) TimerEvent: {}
[400.348856] (-) TimerEvent: {}
[400.450049] (-) TimerEvent: {}
[400.551208] (-) TimerEvent: {}
[400.652312] (-) TimerEvent: {}
[400.753587] (-) TimerEvent: {}
[400.854791] (-) TimerEvent: {}
[400.956026] (-) TimerEvent: {}
[401.057385] (-) TimerEvent: {}
[401.158357] (-) TimerEvent: {}
[401.259459] (-) TimerEvent: {}
[401.360375] (-) TimerEvent: {}
[401.461406] (-) TimerEvent: {}
[401.562401] (-) TimerEvent: {}
[401.663421] (-) TimerEvent: {}
[401.764427] (-) TimerEvent: {}
[401.865431] (-) TimerEvent: {}
[401.966748] (-) TimerEvent: {}
[402.067766] (-) TimerEvent: {}
[402.168813] (-) TimerEvent: {}
[402.269812] (-) TimerEvent: {}
[402.370774] (-) TimerEvent: {}
[402.471819] (-) TimerEvent: {}
[402.573188] (-) TimerEvent: {}
[402.674534] (-) TimerEvent: {}
[402.775606] (-) TimerEvent: {}
[402.876701] (-) TimerEvent: {}
[402.977687] (-) TimerEvent: {}
[403.078639] (-) TimerEvent: {}
[403.179637] (-) TimerEvent: {}
[403.281092] (-) TimerEvent: {}
[403.382127] (-) TimerEvent: {}
[403.483233] (-) TimerEvent: {}
[403.584095] (-) TimerEvent: {}
[403.685427] (-) TimerEvent: {}
[403.786402] (-) TimerEvent: {}
[403.887346] (-) TimerEvent: {}
[403.988201] (-) TimerEvent: {}
[404.089082] (-) TimerEvent: {}
[404.189911] (-) TimerEvent: {}
[404.290821] (-) TimerEvent: {}
[404.392009] (-) TimerEvent: {}
[404.492976] (-) TimerEvent: {}
[404.593875] (-) TimerEvent: {}
[404.694806] (-) TimerEvent: {}
[404.795731] (-) TimerEvent: {}
[404.896644] (-) TimerEvent: {}
[404.922947] (ei_whistle_cpp) StdoutLine: {'line': b'[ 86%] \x1b[32mBuilding CXX object CMakeFiles/whistle_node.dir/edge-impulse-sdk/tensorflow/lite/micro/micro_graph.cc.o\x1b[0m\n'}
[404.996888] (-) TimerEvent: {}
[405.098133] (-) TimerEvent: {}
[405.199037] (-) TimerEvent: {}
[405.299935] (-) TimerEvent: {}
[405.401079] (-) TimerEvent: {}
[405.503331] (-) TimerEvent: {}
[405.563267] (ei_whistle_cpp) StdoutLine: {'line': b'[ 87%] \x1b[32mBuilding CXX object CMakeFiles/whistle_node.dir/edge-impulse-sdk/tensorflow/lite/micro/micro_error_reporter.cc.o\x1b[0m\n'}
[405.603640] (-) TimerEvent: {}
[405.705029] (-) TimerEvent: {}
[405.805948] (-) TimerEvent: {}
[405.821521] (ei_whistle_cpp) StdoutLine: {'line': b'[ 88%] \x1b[32mBuilding CXX object CMakeFiles/whistle_node.dir/edge-impulse-sdk/tensorflow/lite/micro/micro_interpreter.cc.o\x1b[0m\n'}
[405.906154] (-) TimerEvent: {}
[406.006976] (-) TimerEvent: {}
[406.107830] (-) TimerEvent: {}
[406.208878] (-) TimerEvent: {}
[406.309675] (-) TimerEvent: {}
[406.410431] (-) TimerEvent: {}
[406.511339] (-) TimerEvent: {}
[406.612217] (-) TimerEvent: {}
[406.713223] (-) TimerEvent: {}
[406.814193] (-) TimerEvent: {}
[406.915171] (-) TimerEvent: {}
[407.016197] (-) TimerEvent: {}
[407.117205] (-) TimerEvent: {}
[407.218376] (-) TimerEvent: {}
[407.320322] (-) TimerEvent: {}
[407.421912] (-) TimerEvent: {}
[407.522953] (-) TimerEvent: {}
[407.624334] (-) TimerEvent: {}
[407.725842] (-) TimerEvent: {}
[407.826982] (-) TimerEvent: {}
[407.895506] (ei_whistle_cpp) StdoutLine: {'line': b'[ 89%] \x1b[32mBuilding CXX object CMakeFiles/whistle_node.dir/edge-impulse-sdk/tensorflow/lite/micro/micro_log.cc.o\x1b[0m\n'}
[407.927247] (-) TimerEvent: {}
[408.029159] (-) TimerEvent: {}
[408.131037] (-) TimerEvent: {}
[408.219707] (ei_whistle_cpp) StdoutLine: {'line': b'[ 89%] \x1b[32mBuilding CXX object CMakeFiles/whistle_node.dir/edge-impulse-sdk/tensorflow/lite/micro/micro_context.cc.o\x1b[0m\n'}
[408.231288] (-) TimerEvent: {}
[408.333269] (-) TimerEvent: {}
[408.436160] (-) TimerEvent: {}
[408.538898] (-) TimerEvent: {}
[408.641596] (-) TimerEvent: {}
[408.743965] (-) TimerEvent: {}
[408.848291] (-) TimerEvent: {}
[408.950209] (-) TimerEvent: {}
[409.051894] (-) TimerEvent: {}
[409.153633] (-) TimerEvent: {}
[409.255428] (-) TimerEvent: {}
[409.357380] (-) TimerEvent: {}
[409.458619] (-) TimerEvent: {}
[409.559818] (-) TimerEvent: {}
[409.661582] (-) TimerEvent: {}
[409.765242] (-) TimerEvent: {}
[409.866524] (-) TimerEvent: {}
[409.968580] (-) TimerEvent: {}
[410.070333] (-) TimerEvent: {}
[410.172304] (-) TimerEvent: {}
[410.274147] (-) TimerEvent: {}
[410.375935] (-) TimerEvent: {}
[410.478244] (-) TimerEvent: {}
[410.580505] (-) TimerEvent: {}
[410.682570] (-) TimerEvent: {}
[410.784551] (-) TimerEvent: {}
[410.886447] (-) TimerEvent: {}
[411.000786] (-) TimerEvent: {}
[411.102259] (-) TimerEvent: {}
[411.203484] (-) TimerEvent: {}
[411.306188] (-) TimerEvent: {}
[411.407887] (-) TimerEvent: {}
[411.508953] (-) TimerEvent: {}
[411.609830] (-) TimerEvent: {}
[411.710814] (-) TimerEvent: {}
[411.812903] (-) TimerEvent: {}
[411.914957] (-) TimerEvent: {}
[412.016872] (-) TimerEvent: {}
[412.117840] (-) TimerEvent: {}
[412.218690] (-) TimerEvent: {}
[412.319698] (-) TimerEvent: {}
[412.422404] (-) TimerEvent: {}
[412.524399] (-) TimerEvent: {}
[412.626451] (-) TimerEvent: {}
[412.728666] (-) TimerEvent: {}
[412.830614] (-) TimerEvent: {}
[412.932661] (-) TimerEvent: {}
[413.034768] (-) TimerEvent: {}
[413.136716] (-) TimerEvent: {}
[413.238501] (-) TimerEvent: {}
[413.340340] (-) TimerEvent: {}
[413.442019] (-) TimerEvent: {}
[413.543009] (-) TimerEvent: {}
[413.644109] (-) TimerEvent: {}
[413.745155] (-) TimerEvent: {}
[413.846174] (-) TimerEvent: {}
[413.947205] (-) TimerEvent: {}
[414.048691] (-) TimerEvent: {}
[414.152704] (-) TimerEvent: {}
[414.253725] (-) TimerEvent: {}
[414.354775] (-) TimerEvent: {}
[414.455763] (-) TimerEvent: {}
[414.556741] (-) TimerEvent: {}
[414.657656] (-) TimerEvent: {}
[414.758570] (-) TimerEvent: {}
[414.860992] (-) TimerEvent: {}
[414.962003] (-) TimerEvent: {}
[415.062940] (-) TimerEvent: {}
[415.163968] (-) TimerEvent: {}
[415.216338] (ei_whistle_cpp) StdoutLine: {'line': b'[ 90%] \x1b[32mBuilding CXX object CMakeFiles/whistle_node.dir/edge-impulse-sdk/tensorflow/lite/micro/micro_resource_variable.cc.o\x1b[0m\n'}
[415.264262] (-) TimerEvent: {}
[415.365665] (-) TimerEvent: {}
[415.467596] (-) TimerEvent: {}
[415.569481] (-) TimerEvent: {}
[415.671323] (-) TimerEvent: {}
[415.773179] (-) TimerEvent: {}
[415.876693] (-) TimerEvent: {}
[415.979769] (-) TimerEvent: {}
[416.081931] (-) TimerEvent: {}
[416.183050] (-) TimerEvent: {}
[416.284068] (-) TimerEvent: {}
[416.385165] (-) TimerEvent: {}
[416.486361] (-) TimerEvent: {}
[416.587675] (-) TimerEvent: {}
[416.688869] (-) TimerEvent: {}
[416.790017] (-) TimerEvent: {}
[416.891282] (-) TimerEvent: {}
[416.992608] (-) TimerEvent: {}
[417.094052] (-) TimerEvent: {}
[417.195327] (-) TimerEvent: {}
[417.276569] (ei_whistle_cpp) StdoutLine: {'line': b'[ 90%] \x1b[32mBuilding CXX object CMakeFiles/whistle_node.dir/edge-impulse-sdk/tensorflow/lite/micro/micro_profiler.cc.o\x1b[0m\n'}
[417.295561] (-) TimerEvent: {}
[417.397675] (-) TimerEvent: {}
[417.499571] (-) TimerEvent: {}
[417.602262] (-) TimerEvent: {}
[417.703329] (-) TimerEvent: {}
[417.808796] (-) TimerEvent: {}
[417.901067] (ei_whistle_cpp) StdoutLine: {'line': b'[ 90%] \x1b[32mBuilding CXX object CMakeFiles/whistle_node.dir/edge-impulse-sdk/tensorflow/lite/micro/micro_string.cc.o\x1b[0m\n'}
[417.909067] (-) TimerEvent: {}
[418.010870] (-) TimerEvent: {}
[418.112647] (-) TimerEvent: {}
[418.214650] (-) TimerEvent: {}
[418.316643] (-) TimerEvent: {}
[418.418608] (-) TimerEvent: {}
[418.520664] (-) TimerEvent: {}
[418.622626] (-) TimerEvent: {}
[418.724385] (-) TimerEvent: {}
[418.767137] (ei_whistle_cpp) StdoutLine: {'line': b'[ 91%] \x1b[32mBuilding CXX object CMakeFiles/whistle_node.dir/edge-impulse-sdk/tensorflow/lite/micro/micro_time.cc.o\x1b[0m\n'}
[418.824768] (-) TimerEvent: {}
[418.926633] (-) TimerEvent: {}
[419.028591] (-) TimerEvent: {}
[419.130520] (-) TimerEvent: {}
[419.232551] (-) TimerEvent: {}
[419.334534] (-) TimerEvent: {}
[419.396533] (ei_whistle_cpp) StdoutLine: {'line': b'[ 92%] \x1b[32mBuilding CXX object CMakeFiles/whistle_node.dir/edge-impulse-sdk/tensorflow/lite/micro/micro_utils.cc.o\x1b[0m\n'}
[419.434803] (-) TimerEvent: {}
[419.535988] (-) TimerEvent: {}
[419.637232] (-) TimerEvent: {}
[419.741632] (-) TimerEvent: {}
[419.843681] (-) TimerEvent: {}
[419.951140] (-) TimerEvent: {}
[420.052237] (-) TimerEvent: {}
[420.153421] (-) TimerEvent: {}
[420.254530] (-) TimerEvent: {}
[420.355651] (-) TimerEvent: {}
[420.456653] (-) TimerEvent: {}
[420.557530] (-) TimerEvent: {}
[420.658526] (-) TimerEvent: {}
[420.759584] (-) TimerEvent: {}
[420.860699] (-) TimerEvent: {}
[420.961836] (-) TimerEvent: {}
[421.062966] (-) TimerEvent: {}
[421.171639] (-) TimerEvent: {}
[421.273042] (-) TimerEvent: {}
[421.374270] (-) TimerEvent: {}
[421.475395] (-) TimerEvent: {}
[421.576392] (-) TimerEvent: {}
[421.677436] (-) TimerEvent: {}
[421.778447] (-) TimerEvent: {}
[421.879583] (-) TimerEvent: {}
[421.980604] (-) TimerEvent: {}
[422.081676] (-) TimerEvent: {}
[422.182938] (-) TimerEvent: {}
[422.284339] (-) TimerEvent: {}
[422.385481] (-) TimerEvent: {}
[422.486572] (-) TimerEvent: {}
[422.587688] (-) TimerEvent: {}
[422.688735] (-) TimerEvent: {}
[422.789895] (-) TimerEvent: {}
[422.891036] (-) TimerEvent: {}
[422.992311] (-) TimerEvent: {}
[423.093512] (-) TimerEvent: {}
[423.200755] (-) TimerEvent: {}
[423.306501] (-) TimerEvent: {}
[423.407930] (-) TimerEvent: {}
[423.516300] (-) TimerEvent: {}
[423.620690] (-) TimerEvent: {}
[423.724685] (-) TimerEvent: {}
[423.828731] (-) TimerEvent: {}
[423.932701] (-) TimerEvent: {}
[424.037558] (-) TimerEvent: {}
[424.139635] (-) TimerEvent: {}
[424.242502] (-) TimerEvent: {}
[424.344318] (-) TimerEvent: {}
[424.446362] (-) TimerEvent: {}
[424.548419] (-) TimerEvent: {}
[424.650399] (-) TimerEvent: {}
[424.751561] (-) TimerEvent: {}
[424.852674] (-) TimerEvent: {}
[424.953689] (-) TimerEvent: {}
[425.054709] (-) TimerEvent: {}
[425.155688] (-) TimerEvent: {}
[425.256640] (-) TimerEvent: {}
[425.358599] (-) TimerEvent: {}
[425.460491] (-) TimerEvent: {}
[425.561442] (-) TimerEvent: {}
[425.662470] (-) TimerEvent: {}
[425.763553] (-) TimerEvent: {}
[425.864490] (-) TimerEvent: {}
[425.965575] (-) TimerEvent: {}
[426.066799] (-) TimerEvent: {}
[426.167718] (-) TimerEvent: {}
[426.268770] (-) TimerEvent: {}
[426.369784] (-) TimerEvent: {}
[426.470751] (-) TimerEvent: {}
[426.571662] (-) TimerEvent: {}
[426.672644] (-) TimerEvent: {}
[426.773570] (-) TimerEvent: {}
[426.874457] (-) TimerEvent: {}
[426.975418] (-) TimerEvent: {}
[427.076310] (-) TimerEvent: {}
[427.177251] (-) TimerEvent: {}
[427.278192] (-) TimerEvent: {}
[427.379151] (-) TimerEvent: {}
[427.480150] (-) TimerEvent: {}
[427.581098] (-) TimerEvent: {}
[427.682007] (-) TimerEvent: {}
[427.782933] (-) TimerEvent: {}
[427.883845] (-) TimerEvent: {}
[427.984723] (-) TimerEvent: {}
[428.085585] (-) TimerEvent: {}
[428.186443] (-) TimerEvent: {}
[428.287413] (-) TimerEvent: {}
[428.388323] (-) TimerEvent: {}
[428.489286] (-) TimerEvent: {}
[428.590527] (-) TimerEvent: {}
[428.691543] (-) TimerEvent: {}
[428.792405] (-) TimerEvent: {}
[428.893280] (-) TimerEvent: {}
[428.994193] (-) TimerEvent: {}
[429.095202] (-) TimerEvent: {}
[429.196076] (-) TimerEvent: {}
[429.297087] (-) TimerEvent: {}
[429.397991] (-) TimerEvent: {}
[429.498897] (-) TimerEvent: {}
[429.599784] (-) TimerEvent: {}
[429.700749] (-) TimerEvent: {}
[429.804746] (-) TimerEvent: {}
[429.905756] (-) TimerEvent: {}
[430.006754] (-) TimerEvent: {}
[430.107836] (-) TimerEvent: {}
[430.208814] (-) TimerEvent: {}
[430.309765] (-) TimerEvent: {}
[430.410793] (-) TimerEvent: {}
[430.511844] (-) TimerEvent: {}
[430.612711] (-) TimerEvent: {}
[430.713590] (-) TimerEvent: {}
[430.814476] (-) TimerEvent: {}
[430.920662] (-) TimerEvent: {}
[431.024735] (-) TimerEvent: {}
[431.128655] (-) TimerEvent: {}
[431.232652] (-) TimerEvent: {}
[431.333570] (-) TimerEvent: {}
[431.434444] (-) TimerEvent: {}
[431.535300] (-) TimerEvent: {}
[431.636235] (-) TimerEvent: {}
[431.737284] (-) TimerEvent: {}
[431.838234] (-) TimerEvent: {}
[431.939136] (-) TimerEvent: {}
[432.040121] (-) TimerEvent: {}
[432.141086] (-) TimerEvent: {}
[432.241987] (-) TimerEvent: {}
[432.343639] (-) TimerEvent: {}
[432.444587] (-) TimerEvent: {}
[432.545557] (-) TimerEvent: {}
[432.646529] (-) TimerEvent: {}
[432.747460] (-) TimerEvent: {}
[432.848426] (-) TimerEvent: {}
[432.949384] (-) TimerEvent: {}
[433.050525] (-) TimerEvent: {}
[433.151674] (-) TimerEvent: {}
[433.254096] (-) TimerEvent: {}
[433.355146] (-) TimerEvent: {}
[433.455933] (-) TimerEvent: {}
[433.556743] (-) TimerEvent: {}
[433.657517] (-) TimerEvent: {}
[433.758343] (-) TimerEvent: {}
[433.859088] (-) TimerEvent: {}
[433.959843] (-) TimerEvent: {}
[434.060620] (-) TimerEvent: {}
[434.161387] (-) TimerEvent: {}
[434.262224] (-) TimerEvent: {}
[434.362988] (-) TimerEvent: {}
[434.463763] (-) TimerEvent: {}
[434.564584] (-) TimerEvent: {}
[434.665354] (-) TimerEvent: {}
[434.766209] (-) TimerEvent: {}
[434.867246] (-) TimerEvent: {}
[434.968023] (-) TimerEvent: {}
[435.068859] (-) TimerEvent: {}
[435.169652] (-) TimerEvent: {}
[435.270522] (-) TimerEvent: {}
[435.360640] (ei_whistle_cpp) StdoutLine: {'line': b'[ 92%] \x1b[32mBuilding CXX object CMakeFiles/whistle_node.dir/edge-impulse-sdk/tensorflow/lite/micro/op_resolver_bridge.cc.o\x1b[0m\n'}
[435.370749] (-) TimerEvent: {}
[435.471670] (-) TimerEvent: {}
[435.572436] (-) TimerEvent: {}
[435.646932] (ei_whistle_cpp) StdoutLine: {'line': b'[ 93%] \x1b[32mBuilding CXX object CMakeFiles/whistle_node.dir/edge-impulse-sdk/tensorflow/lite/micro/non_persistent_arena_buffer_allocator.cc.o\x1b[0m\n'}
[435.672635] (-) TimerEvent: {}
[435.773389] (-) TimerEvent: {}
[435.875732] (-) TimerEvent: {}
[435.976539] (-) TimerEvent: {}
[436.077487] (-) TimerEvent: {}
[436.178214] (-) TimerEvent: {}
[436.279021] (-) TimerEvent: {}
[436.379855] (-) TimerEvent: {}
[436.480744] (-) TimerEvent: {}
[436.581637] (-) TimerEvent: {}
[436.682523] (-) TimerEvent: {}
[436.708325] (ei_whistle_cpp) StdoutLine: {'line': b'[ 94%] \x1b[32mBuilding CXX object CMakeFiles/whistle_node.dir/edge-impulse-sdk/tensorflow/lite/micro/persistent_arena_buffer_allocator.cc.o\x1b[0m\n'}
[436.784818] (-) TimerEvent: {}
[436.888711] (-) TimerEvent: {}
[436.992661] (-) TimerEvent: {}
[437.096709] (-) TimerEvent: {}
[437.204712] (-) TimerEvent: {}
[437.308780] (-) TimerEvent: {}
[437.409920] (-) TimerEvent: {}
[437.512712] (-) TimerEvent: {}
[437.616742] (-) TimerEvent: {}
[437.720693] (-) TimerEvent: {}
[437.802679] (ei_whistle_cpp) StdoutLine: {'line': b'[ 94%] \x1b[32mBuilding CXX object CMakeFiles/whistle_node.dir/edge-impulse-sdk/tensorflow/lite/micro/mock_micro_graph.cc.o\x1b[0m\n'}
[437.820914] (-) TimerEvent: {}
[437.922511] (-) TimerEvent: {}
[438.024741] (-) TimerEvent: {}
[438.127777] (-) TimerEvent: {}
[438.230549] (-) TimerEvent: {}
[438.332240] (-) TimerEvent: {}
[438.434303] (-) TimerEvent: {}
[438.536193] (-) TimerEvent: {}
[438.638471] (-) TimerEvent: {}
[438.740657] (-) TimerEvent: {}
[438.842465] (-) TimerEvent: {}
[438.944090] (-) TimerEvent: {}
[439.045019] (-) TimerEvent: {}
[439.146090] (-) TimerEvent: {}
[439.247117] (-) TimerEvent: {}
[439.348097] (-) TimerEvent: {}
[439.449149] (-) TimerEvent: {}
[439.550290] (-) TimerEvent: {}
[439.639838] (ei_whistle_cpp) StdoutLine: {'line': b'[ 95%] \x1b[32mBuilding CXX object CMakeFiles/whistle_node.dir/edge-impulse-sdk/tensorflow/lite/micro/recording_micro_allocator.cc.o\x1b[0m\n'}
[439.650561] (-) TimerEvent: {}
[439.752629] (-) TimerEvent: {}
[439.859231] (-) TimerEvent: {}
[439.960791] (-) TimerEvent: {}
[440.062033] (-) TimerEvent: {}
[440.163967] (-) TimerEvent: {}
[440.266240] (-) TimerEvent: {}
[440.369145] (-) TimerEvent: {}
[440.471320] (-) TimerEvent: {}
[440.573573] (-) TimerEvent: {}
[440.675712] (-) TimerEvent: {}
[440.777870] (-) TimerEvent: {}
[440.880045] (-) TimerEvent: {}
[440.982112] (-) TimerEvent: {}
[441.084426] (-) TimerEvent: {}
[441.186327] (-) TimerEvent: {}
[441.288421] (-) TimerEvent: {}
[441.389600] (-) TimerEvent: {}
[441.491069] (-) TimerEvent: {}
[441.592426] (-) TimerEvent: {}
[441.693646] (-) TimerEvent: {}
[441.794996] (-) TimerEvent: {}
[441.896320] (-) TimerEvent: {}
[441.997719] (-) TimerEvent: {}
[442.098946] (-) TimerEvent: {}
[442.200163] (-) TimerEvent: {}
[442.304685] (-) TimerEvent: {}
[442.408687] (-) TimerEvent: {}
[442.516040] (-) TimerEvent: {}
[442.620658] (-) TimerEvent: {}
[442.724667] (-) TimerEvent: {}
[442.828705] (-) TimerEvent: {}
[442.932740] (-) TimerEvent: {}
[443.036676] (-) TimerEvent: {}
[443.140678] (-) TimerEvent: {}
[443.244696] (-) TimerEvent: {}
[443.348721] (-) TimerEvent: {}
[443.452675] (-) TimerEvent: {}
[443.560680] (-) TimerEvent: {}
[443.664742] (-) TimerEvent: {}
[443.768679] (-) TimerEvent: {}
[443.872646] (-) TimerEvent: {}
[443.988731] (-) TimerEvent: {}
[444.092677] (-) TimerEvent: {}
[444.193704] (-) TimerEvent: {}
[444.296651] (-) TimerEvent: {}
[444.397651] (-) TimerEvent: {}
[444.499616] (-) TimerEvent: {}
[444.601741] (-) TimerEvent: {}
[444.712690] (-) TimerEvent: {}
[444.820669] (-) TimerEvent: {}
[444.922332] (-) TimerEvent: {}
[445.023437] (-) TimerEvent: {}
[445.125451] (-) TimerEvent: {}
[445.226513] (-) TimerEvent: {}
[445.327585] (-) TimerEvent: {}
[445.428694] (-) TimerEvent: {}
[445.529743] (-) TimerEvent: {}
[445.630757] (-) TimerEvent: {}
[445.731785] (-) TimerEvent: {}
[445.833014] (-) TimerEvent: {}
[445.934075] (-) TimerEvent: {}
[446.037308] (-) TimerEvent: {}
[446.140302] (-) TimerEvent: {}
[446.241923] (-) TimerEvent: {}
[446.343006] (-) TimerEvent: {}
[446.444261] (-) TimerEvent: {}
[446.545412] (-) TimerEvent: {}
[446.646528] (-) TimerEvent: {}
[446.747591] (-) TimerEvent: {}
[446.848642] (-) TimerEvent: {}
[446.959380] (-) TimerEvent: {}
[447.060424] (-) TimerEvent: {}
[447.161794] (-) TimerEvent: {}
[447.262887] (-) TimerEvent: {}
[447.365024] (-) TimerEvent: {}
[447.467208] (-) TimerEvent: {}
[447.569718] (-) TimerEvent: {}
[447.671518] (-) TimerEvent: {}
[447.773372] (-) TimerEvent: {}
[447.875305] (-) TimerEvent: {}
[447.976210] (-) TimerEvent: {}
[448.078189] (-) TimerEvent: {}
[448.179934] (-) TimerEvent: {}
[448.282007] (-) TimerEvent: {}
[448.383909] (-) TimerEvent: {}
[448.485899] (-) TimerEvent: {}
[448.587798] (-) TimerEvent: {}
[448.690221] (-) TimerEvent: {}
[448.792670] (-) TimerEvent: {}
[448.894678] (-) TimerEvent: {}
[448.996685] (-) TimerEvent: {}
[449.098634] (-) TimerEvent: {}
[449.200577] (-) TimerEvent: {}
[449.302578] (-) TimerEvent: {}
[449.404638] (-) TimerEvent: {}
[449.506686] (-) TimerEvent: {}
[449.608575] (-) TimerEvent: {}
[449.712768] (-) TimerEvent: {}
[449.814619] (-) TimerEvent: {}
[449.915777] (-) TimerEvent: {}
[450.017653] (-) TimerEvent: {}
[450.119341] (-) TimerEvent: {}
[450.223913] (-) TimerEvent: {}
[450.325765] (-) TimerEvent: {}
[450.427862] (-) TimerEvent: {}
[450.529895] (-) TimerEvent: {}
[450.631639] (-) TimerEvent: {}
[450.733571] (-) TimerEvent: {}
[450.835361] (-) TimerEvent: {}
[450.940781] (-) TimerEvent: {}
[451.045169] (-) TimerEvent: {}
[451.148669] (-) TimerEvent: {}
[451.249922] (-) TimerEvent: {}
[451.351774] (-) TimerEvent: {}
[451.453546] (-) TimerEvent: {}
[451.555320] (-) TimerEvent: {}
[451.657443] (-) TimerEvent: {}
[451.759379] (-) TimerEvent: {}
[451.861315] (-) TimerEvent: {}
[451.974581] (-) TimerEvent: {}
[452.076389] (-) TimerEvent: {}
[452.178370] (-) TimerEvent: {}
[452.280502] (-) TimerEvent: {}
[452.382472] (-) TimerEvent: {}
[452.484312] (-) TimerEvent: {}
[452.586217] (-) TimerEvent: {}
[452.688107] (-) TimerEvent: {}
[452.790629] (-) TimerEvent: {}
[452.892244] (-) TimerEvent: {}
[452.993137] (-) TimerEvent: {}
[453.094776] (-) TimerEvent: {}
[453.196267] (-) TimerEvent: {}
[453.300653] (-) TimerEvent: {}
[453.401631] (-) TimerEvent: {}
[453.502609] (-) TimerEvent: {}
[453.603556] (-) TimerEvent: {}
[453.704483] (-) TimerEvent: {}
[453.805409] (-) TimerEvent: {}
[453.906324] (-) TimerEvent: {}
[454.007196] (-) TimerEvent: {}
[454.108089] (-) TimerEvent: {}
[454.209053] (-) TimerEvent: {}
[454.309946] (-) TimerEvent: {}
[454.410810] (-) TimerEvent: {}
[454.511692] (-) TimerEvent: {}
[454.612589] (-) TimerEvent: {}
[454.713599] (-) TimerEvent: {}
[454.814544] (-) TimerEvent: {}
[454.915529] (-) TimerEvent: {}
[455.016379] (-) TimerEvent: {}
[455.048216] (ei_whistle_cpp) StdoutLine: {'line': b'[ 96%] \x1b[32mBuilding CXX object CMakeFiles/whistle_node.dir/edge-impulse-sdk/tensorflow/lite/micro/schema_utils.cc.o\x1b[0m\n'}
[455.116622] (-) TimerEvent: {}
[455.218061] (-) TimerEvent: {}
[455.319491] (-) TimerEvent: {}
[455.420379] (-) TimerEvent: {}
[455.521318] (-) TimerEvent: {}
[455.622203] (-) TimerEvent: {}
[455.723109] (-) TimerEvent: {}
[455.823924] (-) TimerEvent: {}
[455.924811] (-) TimerEvent: {}
[456.025695] (-) TimerEvent: {}
[456.126619] (-) TimerEvent: {}
[456.228675] (-) TimerEvent: {}
[456.329603] (-) TimerEvent: {}
[456.436669] (-) TimerEvent: {}
[456.544677] (-) TimerEvent: {}
[456.645714] (-) TimerEvent: {}
[456.748710] (-) TimerEvent: {}
[456.849714] (-) TimerEvent: {}
[456.950744] (-) TimerEvent: {}
[457.051932] (-) TimerEvent: {}
[457.112422] (ei_whistle_cpp) StdoutLine: {'line': b'[ 96%] \x1b[32mBuilding CXX object CMakeFiles/whistle_node.dir/edge-impulse-sdk/tensorflow/lite/micro/single_arena_buffer_allocator.cc.o\x1b[0m\n'}
[457.152191] (-) TimerEvent: {}
[457.254553] (-) TimerEvent: {}
[457.356637] (-) TimerEvent: {}
[457.458694] (-) TimerEvent: {}
[457.561847] (-) TimerEvent: {}
[457.664035] (-) TimerEvent: {}
[457.766613] (-) TimerEvent: {}
[457.867948] (-) TimerEvent: {}
[457.969108] (-) TimerEvent: {}
[458.070298] (-) TimerEvent: {}
[458.171504] (-) TimerEvent: {}
[458.272782] (-) TimerEvent: {}
[458.377157] (-) TimerEvent: {}
[458.478385] (-) TimerEvent: {}
[458.579497] (-) TimerEvent: {}
[458.681331] (-) TimerEvent: {}
[458.782710] (-) TimerEvent: {}
[458.884029] (-) TimerEvent: {}
[458.967599] (ei_whistle_cpp) StdoutLine: {'line': b'[ 96%] \x1b[32mBuilding CXX object CMakeFiles/whistle_node.dir/edge-impulse-sdk/tensorflow/lite/micro/recording_single_arena_buffer_allocator.cc.o\x1b[0m\n'}
[458.984222] (-) TimerEvent: {}
[459.086115] (-) TimerEvent: {}
[459.188021] (-) TimerEvent: {}
[459.229375] (ei_whistle_cpp) StdoutLine: {'line': b'[ 97%] \x1b[32mBuilding CXX object CMakeFiles/whistle_node.dir/edge-impulse-sdk/tensorflow/lite/micro/system_setup.cc.o\x1b[0m\n'}
[459.288267] (-) TimerEvent: {}
[459.389962] (-) TimerEvent: {}
[459.403534] (ei_whistle_cpp) StdoutLine: {'line': b'[ 98%] \x1b[32mBuilding CXX object CMakeFiles/whistle_node.dir/edge-impulse-sdk/tensorflow/lite/micro/test_helper_custom_ops.cc.o\x1b[0m\n'}
[459.445510] (ei_whistle_cpp) StdoutLine: {'line': b'[ 98%] \x1b[32mBuilding CXX object CMakeFiles/whistle_node.dir/edge-impulse-sdk/tensorflow/lite/micro/test_helpers.cc.o\x1b[0m\n'}
[459.490287] (-) TimerEvent: {}
[459.591784] (-) TimerEvent: {}
[459.693462] (-) TimerEvent: {}
[459.810354] (-) TimerEvent: {}
[459.911515] (-) TimerEvent: {}
[460.012345] (-) TimerEvent: {}
[460.113358] (-) TimerEvent: {}
[460.215144] (-) TimerEvent: {}
[460.317237] (-) TimerEvent: {}
[460.418798] (-) TimerEvent: {}
[460.519680] (-) TimerEvent: {}
[460.620659] (-) TimerEvent: {}
[460.721517] (-) TimerEvent: {}
[460.822381] (-) TimerEvent: {}
[460.923384] (-) TimerEvent: {}
[461.025404] (-) TimerEvent: {}
[461.127632] (-) TimerEvent: {}
[461.228717] (-) TimerEvent: {}
[461.330477] (-) TimerEvent: {}
[461.432392] (-) TimerEvent: {}
[461.534310] (-) TimerEvent: {}
[461.636283] (-) TimerEvent: {}
[461.738668] (-) TimerEvent: {}
[461.840655] (-) TimerEvent: {}
[461.942799] (-) TimerEvent: {}
[462.044034] (-) TimerEvent: {}
[462.148710] (-) TimerEvent: {}
[462.251592] (-) TimerEvent: {}
[462.356711] (-) TimerEvent: {}
[462.460707] (-) TimerEvent: {}
[462.564705] (-) TimerEvent: {}
[462.672716] (-) TimerEvent: {}
[462.776708] (-) TimerEvent: {}
[462.880730] (-) TimerEvent: {}
[462.984678] (-) TimerEvent: {}
[463.088680] (-) TimerEvent: {}
[463.192716] (-) TimerEvent: {}
[463.296706] (-) TimerEvent: {}
[463.400667] (-) TimerEvent: {}
[463.504678] (-) TimerEvent: {}
[463.608677] (-) TimerEvent: {}
[463.712671] (-) TimerEvent: {}
[463.813675] (-) TimerEvent: {}
[463.914599] (-) TimerEvent: {}
[464.015550] (-) TimerEvent: {}
[464.116615] (-) TimerEvent: {}
[464.217537] (-) TimerEvent: {}
[464.318418] (-) TimerEvent: {}
[464.419323] (-) TimerEvent: {}
[464.520230] (-) TimerEvent: {}
[464.621259] (-) TimerEvent: {}
[464.722263] (-) TimerEvent: {}
[464.824107] (-) TimerEvent: {}
[464.926097] (-) TimerEvent: {}
[465.027762] (-) TimerEvent: {}
[465.129484] (-) TimerEvent: {}
[465.231226] (-) TimerEvent: {}
[465.332886] (-) TimerEvent: {}
[465.434589] (-) TimerEvent: {}
[465.536691] (-) TimerEvent: {}
[465.638673] (-) TimerEvent: {}
[465.740564] (-) TimerEvent: {}
[465.842488] (-) TimerEvent: {}
[465.946590] (-) TimerEvent: {}
[466.047548] (-) TimerEvent: {}
[466.148678] (-) TimerEvent: {}
[466.249937] (-) TimerEvent: {}
[466.351068] (-) TimerEvent: {}
[466.452224] (-) TimerEvent: {}
[466.553489] (-) TimerEvent: {}
[466.654739] (-) TimerEvent: {}
[466.756282] (-) TimerEvent: {}
[466.857902] (-) TimerEvent: {}
[466.958987] (-) TimerEvent: {}
[467.060098] (-) TimerEvent: {}
[467.161302] (ei_whistle_cpp) StdoutLine: {'line': b'[ 99%] \x1b[32mBuilding CXX object CMakeFiles/whistle_node.dir/tflite-model/tflite_learn_812412_4.cpp.o\x1b[0m\n'}
[467.162390] (-) TimerEvent: {}
[467.264639] (-) TimerEvent: {}
[467.368969] (-) TimerEvent: {}
[467.469850] (-) TimerEvent: {}
[467.570788] (-) TimerEvent: {}
[467.671667] (-) TimerEvent: {}
[467.772588] (-) TimerEvent: {}
[467.873457] (-) TimerEvent: {}
[467.974299] (-) TimerEvent: {}
[468.075229] (-) TimerEvent: {}
[468.176078] (-) TimerEvent: {}
[468.277121] (-) TimerEvent: {}
[468.377978] (-) TimerEvent: {}
[468.480740] (-) TimerEvent: {}
[468.584649] (-) TimerEvent: {}
[468.685833] (-) TimerEvent: {}
[468.786978] (-) TimerEvent: {}
[468.888041] (-) TimerEvent: {}
[468.991263] (-) TimerEvent: {}
[469.092193] (-) TimerEvent: {}
[469.193223] (-) TimerEvent: {}
[469.294298] (-) TimerEvent: {}
[469.395299] (-) TimerEvent: {}
[469.496383] (-) TimerEvent: {}
[469.597459] (-) TimerEvent: {}
[469.700698] (-) TimerEvent: {}
[469.802686] (-) TimerEvent: {}
[469.907256] (-) TimerEvent: {}
[470.008342] (-) TimerEvent: {}
[470.109421] (-) TimerEvent: {}
[470.210451] (-) TimerEvent: {}
[470.311423] (-) TimerEvent: {}
[470.412294] (-) TimerEvent: {}
[470.513224] (-) TimerEvent: {}
[470.614181] (-) TimerEvent: {}
[470.715068] (-) TimerEvent: {}
[470.816036] (-) TimerEvent: {}
[470.916942] (-) TimerEvent: {}
[471.017926] (-) TimerEvent: {}
[471.118843] (-) TimerEvent: {}
[471.219702] (-) TimerEvent: {}
[471.320647] (-) TimerEvent: {}
[471.421573] (-) TimerEvent: {}
[471.522493] (-) TimerEvent: {}
[471.623382] (-) TimerEvent: {}
[471.724311] (-) TimerEvent: {}
[471.825315] (-) TimerEvent: {}
[471.926222] (-) TimerEvent: {}
[472.027089] (-) TimerEvent: {}
[472.127952] (-) TimerEvent: {}
[472.229073] (-) TimerEvent: {}
[472.330089] (-) TimerEvent: {}
[472.431269] (-) TimerEvent: {}
[472.532280] (-) TimerEvent: {}
[472.633399] (-) TimerEvent: {}
[472.734751] (-) TimerEvent: {}
[472.835771] (-) TimerEvent: {}
[472.936910] (-) TimerEvent: {}
[473.038386] (-) TimerEvent: {}
[473.139178] (-) TimerEvent: {}
[473.239962] (-) TimerEvent: {}
[473.340818] (-) TimerEvent: {}
[473.441589] (-) TimerEvent: {}
[473.542351] (-) TimerEvent: {}
[473.643126] (-) TimerEvent: {}
[473.743916] (-) TimerEvent: {}
[473.844740] (-) TimerEvent: {}
[473.945562] (-) TimerEvent: {}
[474.046420] (-) TimerEvent: {}
[474.147214] (-) TimerEvent: {}
[474.247980] (-) TimerEvent: {}
[474.348807] (-) TimerEvent: {}
[474.449584] (-) TimerEvent: {}
[474.550365] (-) TimerEvent: {}
[474.651133] (-) TimerEvent: {}
[474.751946] (-) TimerEvent: {}
[474.852800] (-) TimerEvent: {}
[474.953579] (-) TimerEvent: {}
[475.054374] (-) TimerEvent: {}
[475.155168] (-) TimerEvent: {}
[475.256015] (-) TimerEvent: {}
[475.356853] (-) TimerEvent: {}
[475.457648] (-) TimerEvent: {}
[475.558439] (-) TimerEvent: {}
[475.659204] (-) TimerEvent: {}
[475.760021] (-) TimerEvent: {}
[475.860914] (-) TimerEvent: {}
[475.961772] (-) TimerEvent: {}
[476.062573] (-) TimerEvent: {}
[476.163406] (-) TimerEvent: {}
[476.264212] (-) TimerEvent: {}
[476.365048] (-) TimerEvent: {}
[476.465846] (-) TimerEvent: {}
[476.566643] (-) TimerEvent: {}
[476.667488] (-) TimerEvent: {}
[476.768270] (-) TimerEvent: {}
[476.869097] (-) TimerEvent: {}
[476.969898] (-) TimerEvent: {}
[477.070742] (-) TimerEvent: {}
[477.171581] (-) TimerEvent: {}
[477.272315] (-) TimerEvent: {}
[477.373124] (-) TimerEvent: {}
[477.473922] (-) TimerEvent: {}
[477.574681] (-) TimerEvent: {}
[477.675487] (-) TimerEvent: {}
[477.776266] (-) TimerEvent: {}
[477.877107] (-) TimerEvent: {}
[477.977875] (-) TimerEvent: {}
[478.078651] (-) TimerEvent: {}
[478.179394] (-) TimerEvent: {}
[478.280199] (-) TimerEvent: {}
[478.381123] (-) TimerEvent: {}
[478.481856] (-) TimerEvent: {}
[478.582703] (-) TimerEvent: {}
[478.657265] (ei_whistle_cpp) StdoutLine: {'line': b'[100%] \x1b[32m\x1b[1mLinking CXX executable whistle_node\x1b[0m\n'}
[478.682891] (-) TimerEvent: {}
[478.783704] (-) TimerEvent: {}
[478.884806] (-) TimerEvent: {}
[478.985887] (-) TimerEvent: {}
[479.086918] (-) TimerEvent: {}
[479.187879] (-) TimerEvent: {}
[479.289056] (-) TimerEvent: {}
[479.390068] (-) TimerEvent: {}
[479.490888] (-) TimerEvent: {}
[479.591857] (-) TimerEvent: {}
[479.692679] (-) TimerEvent: {}
[479.794421] (-) TimerEvent: {}
[479.895560] (-) TimerEvent: {}
[479.997073] (-) TimerEvent: {}
[480.098498] (-) TimerEvent: {}
[480.199685] (-) TimerEvent: {}
[480.300706] (-) TimerEvent: {}
[480.401704] (-) TimerEvent: {}
[480.502651] (-) TimerEvent: {}
[480.603685] (-) TimerEvent: {}
[480.704994] (-) TimerEvent: {}
[480.806120] (-) TimerEvent: {}
[480.906971] (-) TimerEvent: {}
[481.007939] (-) TimerEvent: {}
[481.109083] (-) TimerEvent: {}
[481.210061] (-) TimerEvent: {}
[481.311054] (-) TimerEvent: {}
[481.412006] (-) TimerEvent: {}
[481.512888] (-) TimerEvent: {}
[481.537037] (ei_whistle_cpp) StderrLine: {'line': b'gmake[2]: warning:  Clock skew detected.  Your build may be incomplete.\n'}
[481.613229] (-) TimerEvent: {}
[481.624287] (ei_whistle_cpp) StdoutLine: {'line': b'[100%] Built target whistle_node\n'}
[481.713420] (-) TimerEvent: {}
[481.736172] (ei_whistle_cpp) CommandEnded: {'returncode': 0}
[481.763731] (ei_whistle_cpp) JobProgress: {'identifier': 'ei_whistle_cpp', 'progress': 'install'}
[481.813596] (-) TimerEvent: {}
[481.822403] (ei_whistle_cpp) Command: {'cmd': ['/usr/bin/cmake', '--install', '/home/dev/respeaker_deep_audio/build/ei_whistle_cpp'], 'cwd': '/home/dev/respeaker_deep_audio/build/ei_whistle_cpp', 'env': OrderedDict([('LESSOPEN', '| /usr/bin/lesspipe %s'), ('USER', 'dev'), ('SSH_CLIENT', '10.33.154.77 62536 22'), ('ROS_PACKAGE_PATH', '/home/dev/respeaker_deep_audio/install/ei_whistle_cpp/share'), ('XDG_SESSION_TYPE', 'tty'), ('GIT_ASKPASS', '/home/dev/.vscode-server/cli/servers/Stable-7d842fb85a0275a4a8e4d7e040d2625abbf7f084/server/extensions/git/dist/askpass.sh'), ('SHLVL', '1'), ('LD_LIBRARY_PATH', '/opt/ros/humble/opt/rviz_ogre_vendor/lib:/opt/ros/humble/lib/aarch64-linux-gnu:/opt/ros/humble/lib'), ('BROWSER', '/home/dev/.vscode-server/cli/servers/Stable-7d842fb85a0275a4a8e4d7e040d2625abbf7f084/server/bin/helpers/browser.sh'), ('MOTD_SHOWN', 'pam'), ('HOME', '/home/dev'), ('OLDPWD', '/home/dev/respeaker_deep_audio'), ('TERM_PROGRAM_VERSION', '1.105.1'), ('VSCODE_IPC_HOOK_CLI', '/run/user/1000/vscode-ipc-f7bea960-783f-4fa7-9b9a-9e5a1a128e49.sock'), ('ROS_PYTHON_VERSION', '3'), ('VSCODE_GIT_ASKPASS_MAIN', '/home/dev/.vscode-server/cli/servers/Stable-7d842fb85a0275a4a8e4d7e040d2625abbf7f084/server/extensions/git/dist/askpass-main.js'), ('VSCODE_GIT_ASKPASS_NODE', '/home/dev/.vscode-server/cli/servers/Stable-7d842fb85a0275a4a8e4d7e040d2625abbf7f084/server/node'), ('SSL_CERT_FILE', '/usr/lib/ssl/certs/ca-certificates.crt'), ('VSCODE_PYTHON_AUTOACTIVATE_GUARD', '1'), ('DBUS_SESSION_BUS_ADDRESS', 'unix:path=/run/user/1000/bus'), ('COLORTERM', 'truecolor'), ('COLCON_PREFIX_PATH', '/home/dev/respeaker_deep_audio/install'), ('ROS_DISTRO', 'humble'), ('LOGNAME', 'dev'), ('_', '/usr/bin/colcon'), ('ROS_VERSION', '2'), ('PKG_CONFIG_PATH', '/home/dev/respeaker_deep_audio/install/ei_whistle_cpp/lib/aarch64-linux-gnu/pkgconfig:/home/dev/respeaker_deep_audio/install/ei_whistle_cpp/lib/pkgconfig'), ('XDG_SESSION_CLASS', 'user'), ('TERM', 'xterm-256color'), ('XDG_SESSION_ID', '3'), ('ROS_LOCALHOST_ONLY', '0'), ('PATH', '/opt/ros/humble/bin:/home/dev/.vscode-server/cli/servers/Stable-7d842fb85a0275a4a8e4d7e040d2625abbf7f084/server/bin/remote-cli:/home/dev/.local/bin:/usr/local/sbin:/usr/local/bin:/usr/sbin:/usr/bin:/sbin:/bin:/usr/games:/usr/local/games:/snap/bin:/home/dev/.vscode-server/data/User/globalStorage/github.copilot-chat/debugCommand'), ('XDG_RUNTIME_DIR', '/run/user/1000'), ('SSL_CERT_DIR', '/usr/lib/ssl/certs'), ('LANG', 'en_US.UTF-8'), ('LS_COLORS', 'rs=0:di=01;34:ln=01;36:mh=00:pi=40;33:so=01;35:do=01;35:bd=40;33;01:cd=40;33;01:or=40;31;01:mi=00:su=37;41:sg=30;43:ca=30;41:tw=30;42:ow=34;42:st=37;44:ex=01;32:*.tar=01;31:*.tgz=01;31:*.arc=01;31:*.arj=01;31:*.taz=01;31:*.lha=01;31:*.lz4=01;31:*.lzh=01;31:*.lzma=01;31:*.tlz=01;31:*.txz=01;31:*.tzo=01;31:*.t7z=01;31:*.zip=01;31:*.z=01;31:*.dz=01;31:*.gz=01;31:*.lrz=01;31:*.lz=01;31:*.lzo=01;31:*.xz=01;31:*.zst=01;31:*.tzst=01;31:*.bz2=01;31:*.bz=01;31:*.tbz=01;31:*.tbz2=01;31:*.tz=01;31:*.deb=01;31:*.rpm=01;31:*.jar=01;31:*.war=01;31:*.ear=01;31:*.sar=01;31:*.rar=01;31:*.alz=01;31:*.ace=01;31:*.zoo=01;31:*.cpio=01;31:*.7z=01;31:*.rz=01;31:*.cab=01;31:*.wim=01;31:*.swm=01;31:*.dwm=01;31:*.esd=01;31:*.jpg=01;35:*.jpeg=01;35:*.mjpg=01;35:*.mjpeg=01;35:*.gif=01;35:*.bmp=01;35:*.pbm=01;35:*.pgm=01;35:*.ppm=01;35:*.tga=01;35:*.xbm=01;35:*.xpm=01;35:*.tif=01;35:*.tiff=01;35:*.png=01;35:*.svg=01;35:*.svgz=01;35:*.mng=01;35:*.pcx=01;35:*.mov=01;35:*.mpg=01;35:*.mpeg=01;35:*.m2v=01;35:*.mkv=01;35:*.webm=01;35:*.webp=01;35:*.ogm=01;35:*.mp4=01;35:*.m4v=01;35:*.mp4v=01;35:*.vob=01;35:*.qt=01;35:*.nuv=01;35:*.wmv=01;35:*.asf=01;35:*.rm=01;35:*.rmvb=01;35:*.flc=01;35:*.avi=01;35:*.fli=01;35:*.flv=01;35:*.gl=01;35:*.dl=01;35:*.xcf=01;35:*.xwd=01;35:*.yuv=01;35:*.cgm=01;35:*.emf=01;35:*.ogv=01;35:*.ogx=01;35:*.aac=00;36:*.au=00;36:*.flac=00;36:*.m4a=00;36:*.mid=00;36:*.midi=00;36:*.mka=00;36:*.mp3=00;36:*.mpc=00;36:*.ogg=00;36:*.ra=00;36:*.wav=00;36:*.oga=00;36:*.opus=00;36:*.spx=00;36:*.xspf=00;36:'), ('VSCODE_GIT_IPC_HANDLE', '/run/user/1000/vscode-git-5db78a076d.sock'), ('TERM_PROGRAM', 'vscode'), ('AMENT_PREFIX_PATH', '/home/dev/respeaker_deep_audio/install/ei_whistle_cpp:/opt/ros/humble'), ('SHELL', '/bin/bash'), ('LESSCLOSE', '/usr/bin/lesspipe %s %s'), ('VSCODE_GIT_ASKPASS_EXTRA_ARGS', ''), ('PWD', '/home/dev/respeaker_deep_audio/build/ei_whistle_cpp'), ('LC_ALL', 'en_US.UTF-8'), ('SSH_CONNECTION', '10.33.154.77 62536 10.33.220.113 22'), ('XDG_DATA_DIRS', '/usr/share/gnome:/usr/local/share:/usr/share:/var/lib/snapd/desktop'), ('PYTHONPATH', '/opt/ros/humble/lib/python3.10/site-packages:/opt/ros/humble/local/lib/python3.10/dist-packages'), ('COLCON', '1'), ('CMAKE_PREFIX_PATH', '/home/dev/respeaker_deep_audio/install/ei_whistle_cpp')]), 'shell': False}
[481.872316] (ei_whistle_cpp) StdoutLine: {'line': b'-- Install configuration: ""\n'}
[481.880998] (ei_whistle_cpp) StdoutLine: {'line': b'-- Installing: /home/dev/respeaker_deep_audio/install/ei_whistle_cpp/lib/ei_whistle_cpp/whistle_node\n'}
[481.913804] (-) TimerEvent: {}
[481.923185] (ei_whistle_cpp) StdoutLine: {'line': b'-- Set runtime path of "/home/dev/respeaker_deep_audio/install/ei_whistle_cpp/lib/ei_whistle_cpp/whistle_node" to ""\n'}
[481.929692] (ei_whistle_cpp) StdoutLine: {'line': b'-- Installing: /home/dev/respeaker_deep_audio/install/ei_whistle_cpp/share/ament_index/resource_index/package_run_dependencies/ei_whistle_cpp\n'}
[481.932560] (ei_whistle_cpp) StdoutLine: {'line': b'-- Installing: /home/dev/respeaker_deep_audio/install/ei_whistle_cpp/share/ament_index/resource_index/parent_prefix_path/ei_whistle_cpp\n'}
[481.938042] (ei_whistle_cpp) StdoutLine: {'line': b'-- Installing: /home/dev/respeaker_deep_audio/install/ei_whistle_cpp/share/ei_whistle_cpp/environment/ament_prefix_path.sh\n'}
[481.940357] (ei_whistle_cpp) StdoutLine: {'line': b'-- Installing: /home/dev/respeaker_deep_audio/install/ei_whistle_cpp/share/ei_whistle_cpp/environment/ament_prefix_path.dsv\n'}
[481.942760] (ei_whistle_cpp) StdoutLine: {'line': b'-- Installing: /home/dev/respeaker_deep_audio/install/ei_whistle_cpp/share/ei_whistle_cpp/environment/path.sh\n'}
[481.945070] (ei_whistle_cpp) StdoutLine: {'line': b'-- Installing: /home/dev/respeaker_deep_audio/install/ei_whistle_cpp/share/ei_whistle_cpp/environment/path.dsv\n'}
[481.947344] (ei_whistle_cpp) StdoutLine: {'line': b'-- Installing: /home/dev/respeaker_deep_audio/install/ei_whistle_cpp/share/ei_whistle_cpp/local_setup.bash\n'}
[481.949702] (ei_whistle_cpp) StdoutLine: {'line': b'-- Installing: /home/dev/respeaker_deep_audio/install/ei_whistle_cpp/share/ei_whistle_cpp/local_setup.sh\n'}
[481.952139] (ei_whistle_cpp) StdoutLine: {'line': b'-- Installing: /home/dev/respeaker_deep_audio/install/ei_whistle_cpp/share/ei_whistle_cpp/local_setup.zsh\n'}
[481.954327] (ei_whistle_cpp) StdoutLine: {'line': b'-- Installing: /home/dev/respeaker_deep_audio/install/ei_whistle_cpp/share/ei_whistle_cpp/local_setup.dsv\n'}
[481.956640] (ei_whistle_cpp) StdoutLine: {'line': b'-- Installing: /home/dev/respeaker_deep_audio/install/ei_whistle_cpp/share/ei_whistle_cpp/package.dsv\n'}
[481.959134] (ei_whistle_cpp) StdoutLine: {'line': b'-- Installing: /home/dev/respeaker_deep_audio/install/ei_whistle_cpp/share/ament_index/resource_index/packages/ei_whistle_cpp\n'}
[481.961177] (ei_whistle_cpp) StdoutLine: {'line': b'-- Installing: /home/dev/respeaker_deep_audio/install/ei_whistle_cpp/share/ei_whistle_cpp/cmake/ei_whistle_cppConfig.cmake\n'}
[481.963131] (ei_whistle_cpp) StdoutLine: {'line': b'-- Installing: /home/dev/respeaker_deep_audio/install/ei_whistle_cpp/share/ei_whistle_cpp/cmake/ei_whistle_cppConfig-version.cmake\n'}
[481.965313] (ei_whistle_cpp) StdoutLine: {'line': b'-- Installing: /home/dev/respeaker_deep_audio/install/ei_whistle_cpp/share/ei_whistle_cpp/package.xml\n'}
[481.974226] (ei_whistle_cpp) CommandEnded: {'returncode': 0}
[482.013980] (-) TimerEvent: {}
[482.114872] (-) TimerEvent: {}
[482.218652] (-) TimerEvent: {}
[482.223033] (ei_whistle_cpp) JobEnded: {'identifier': 'ei_whistle_cpp', 'rc': 0}
[482.230622] (-) EventReactorShutdown: {}
