[0.000000] (-) TimerEvent: {}
[0.001024] (-) JobUnselected: {'identifier': 'doa_publisher_py'}
[0.001587] (ei_whistle_cpp) JobQueued: {'identifier': 'ei_whistle_cpp', 'dependencies': OrderedDict()}
[0.001757] (ei_whistle_cpp) JobStarted: {'identifier': 'ei_whistle_cpp'}
[0.059201] (ei_whistle_cpp) JobProgress: {'identifier': 'ei_whistle_cpp', 'progress': 'cmake'}
[0.065638] (ei_whistle_cpp) Command: {'cmd': ['/usr/bin/cmake', '/home/dev/respeaker_deep_audio/src/ei_whistle_cpp', '-DCATKIN_INSTALL_INTO_PREFIX_ROOT=0', '-DCMAKE_INSTALL_PREFIX=/home/dev/respeaker_deep_audio/install/ei_whistle_cpp'], 'cwd': '/home/dev/respeaker_deep_audio/build/ei_whistle_cpp', 'env': OrderedDict([('LESSOPEN', '| /usr/bin/lesspipe %s'), ('USER', 'dev'), ('SSH_CLIENT', '10.33.154.77 62536 22'), ('ROS_PACKAGE_PATH', '/home/dev/respeaker_deep_audio/install/ei_whistle_cpp/share'), ('XDG_SESSION_TYPE', 'tty'), ('GIT_ASKPASS', '/home/dev/.vscode-server/cli/servers/Stable-7d842fb85a0275a4a8e4d7e040d2625abbf7f084/server/extensions/git/dist/askpass.sh'), ('SHLVL', '1'), ('LD_LIBRARY_PATH', '/opt/ros/humble/opt/rviz_ogre_vendor/lib:/opt/ros/humble/lib/aarch64-linux-gnu:/opt/ros/humble/lib'), ('BROWSER', '/home/dev/.vscode-server/cli/servers/Stable-7d842fb85a0275a4a8e4d7e040d2625abbf7f084/server/bin/helpers/browser.sh'), ('MOTD_SHOWN', 'pam'), ('HOME', '/home/dev'), ('OLDPWD', '/home/dev/respeaker_deep_audio'), ('TERM_PROGRAM_VERSION', '1.105.1'), ('VSCODE_IPC_HOOK_CLI', '/run/user/1000/vscode-ipc-f7bea960-783f-4fa7-9b9a-9e5a1a128e49.sock'), ('ROS_PYTHON_VERSION', '3'), ('VSCODE_GIT_ASKPASS_MAIN', '/home/dev/.vscode-server/cli/servers/Stable-7d842fb85a0275a4a8e4d7e040d2625abbf7f084/server/extensions/git/dist/askpass-main.js'), ('VSCODE_GIT_ASKPASS_NODE', '/home/dev/.vscode-server/cli/servers/Stable-7d842fb85a0275a4a8e4d7e040d2625abbf7f084/server/node'), ('SSL_CERT_FILE', '/usr/lib/ssl/certs/ca-certificates.crt'), ('VSCODE_PYTHON_AUTOACTIVATE_GUARD', '1'), ('DBUS_SESSION_BUS_ADDRESS', 'unix:path=/run/user/1000/bus'), ('COLORTERM', 'truecolor'), ('COLCON_PREFIX_PATH', '/home/dev/respeaker_deep_audio/install'), ('ROS_DISTRO', 'humble'), ('LOGNAME', 'dev'), ('_', '/usr/bin/colcon'), ('ROS_VERSION', '2'), ('PKG_CONFIG_PATH', '/home/dev/respeaker_deep_audio/install/ei_whistle_cpp/lib/aarch64-linux-gnu/pkgconfig:/home/dev/respeaker_deep_audio/install/ei_whistle_cpp/lib/pkgconfig'), ('XDG_SESSION_CLASS', 'user'), ('TERM', 'xterm-256color'), ('XDG_SESSION_ID', '3'), ('ROS_LOCALHOST_ONLY', '0'), ('PATH', '/opt/ros/humble/bin:/home/dev/.vscode-server/cli/servers/Stable-7d842fb85a0275a4a8e4d7e040d2625abbf7f084/server/bin/remote-cli:/home/dev/.local/bin:/usr/local/sbin:/usr/local/bin:/usr/sbin:/usr/bin:/sbin:/bin:/usr/games:/usr/local/games:/snap/bin:/home/dev/.vscode-server/data/User/globalStorage/github.copilot-chat/debugCommand'), ('XDG_RUNTIME_DIR', '/run/user/1000'), ('SSL_CERT_DIR', '/usr/lib/ssl/certs'), ('LANG', 'en_US.UTF-8'), ('LS_COLORS', 'rs=0:di=01;34:ln=01;36:mh=00:pi=40;33:so=01;35:do=01;35:bd=40;33;01:cd=40;33;01:or=40;31;01:mi=00:su=37;41:sg=30;43:ca=30;41:tw=30;42:ow=34;42:st=37;44:ex=01;32:*.tar=01;31:*.tgz=01;31:*.arc=01;31:*.arj=01;31:*.taz=01;31:*.lha=01;31:*.lz4=01;31:*.lzh=01;31:*.lzma=01;31:*.tlz=01;31:*.txz=01;31:*.tzo=01;31:*.t7z=01;31:*.zip=01;31:*.z=01;31:*.dz=01;31:*.gz=01;31:*.lrz=01;31:*.lz=01;31:*.lzo=01;31:*.xz=01;31:*.zst=01;31:*.tzst=01;31:*.bz2=01;31:*.bz=01;31:*.tbz=01;31:*.tbz2=01;31:*.tz=01;31:*.deb=01;31:*.rpm=01;31:*.jar=01;31:*.war=01;31:*.ear=01;31:*.sar=01;31:*.rar=01;31:*.alz=01;31:*.ace=01;31:*.zoo=01;31:*.cpio=01;31:*.7z=01;31:*.rz=01;31:*.cab=01;31:*.wim=01;31:*.swm=01;31:*.dwm=01;31:*.esd=01;31:*.jpg=01;35:*.jpeg=01;35:*.mjpg=01;35:*.mjpeg=01;35:*.gif=01;35:*.bmp=01;35:*.pbm=01;35:*.pgm=01;35:*.ppm=01;35:*.tga=01;35:*.xbm=01;35:*.xpm=01;35:*.tif=01;35:*.tiff=01;35:*.png=01;35:*.svg=01;35:*.svgz=01;35:*.mng=01;35:*.pcx=01;35:*.mov=01;35:*.mpg=01;35:*.mpeg=01;35:*.m2v=01;35:*.mkv=01;35:*.webm=01;35:*.webp=01;35:*.ogm=01;35:*.mp4=01;35:*.m4v=01;35:*.mp4v=01;35:*.vob=01;35:*.qt=01;35:*.nuv=01;35:*.wmv=01;35:*.asf=01;35:*.rm=01;35:*.rmvb=01;35:*.flc=01;35:*.avi=01;35:*.fli=01;35:*.flv=01;35:*.gl=01;35:*.dl=01;35:*.xcf=01;35:*.xwd=01;35:*.yuv=01;35:*.cgm=01;35:*.emf=01;35:*.ogv=01;35:*.ogx=01;35:*.aac=00;36:*.au=00;36:*.flac=00;36:*.m4a=00;36:*.mid=00;36:*.midi=00;36:*.mka=00;36:*.mp3=00;36:*.mpc=00;36:*.ogg=00;36:*.ra=00;36:*.wav=00;36:*.oga=00;36:*.opus=00;36:*.spx=00;36:*.xspf=00;36:'), ('VSCODE_GIT_IPC_HANDLE', '/run/user/1000/vscode-git-5db78a076d.sock'), ('TERM_PROGRAM', 'vscode'), ('AMENT_PREFIX_PATH', '/home/dev/respeaker_deep_audio/install/ei_whistle_cpp:/opt/ros/humble'), ('SHELL', '/bin/bash'), ('LESSCLOSE', '/usr/bin/lesspipe %s %s'), ('VSCODE_GIT_ASKPASS_EXTRA_ARGS', ''), ('PWD', '/home/dev/respeaker_deep_audio/build/ei_whistle_cpp'), ('LC_ALL', 'en_US.UTF-8'), ('SSH_CONNECTION', '10.33.154.77 62536 10.33.220.113 22'), ('XDG_DATA_DIRS', '/usr/share/gnome:/usr/local/share:/usr/share:/var/lib/snapd/desktop'), ('PYTHONPATH', '/opt/ros/humble/lib/python3.10/site-packages:/opt/ros/humble/local/lib/python3.10/dist-packages'), ('COLCON', '1'), ('CMAKE_PREFIX_PATH', '/home/dev/respeaker_deep_audio/install/ei_whistle_cpp')]), 'shell': False}
[0.097268] (-) TimerEvent: {}
[0.185349] (ei_whistle_cpp) StdoutLine: {'line': b'-- Found ament_cmake: 1.3.12 (/opt/ros/humble/share/ament_cmake/cmake)\n'}
[0.197626] (-) TimerEvent: {}
[0.298901] (-) TimerEvent: {}
[0.399815] (-) TimerEvent: {}
[0.500967] (-) TimerEvent: {}
[0.601921] (-) TimerEvent: {}
[0.702844] (-) TimerEvent: {}
[0.803654] (-) TimerEvent: {}
[0.904922] (-) TimerEvent: {}
[0.983767] (ei_whistle_cpp) StdoutLine: {'line': b'-- Found rclcpp: 16.0.15 (/opt/ros/humble/share/rclcpp/cmake)\n'}
[1.005111] (-) TimerEvent: {}
[1.105923] (-) TimerEvent: {}
[1.206686] (-) TimerEvent: {}
[1.264979] (ei_whistle_cpp) StdoutLine: {'line': b'-- Found rosidl_generator_c: 3.1.7 (/opt/ros/humble/share/rosidl_generator_c/cmake)\n'}
[1.285395] (ei_whistle_cpp) StdoutLine: {'line': b'-- Found rosidl_adapter: 3.1.7 (/opt/ros/humble/share/rosidl_adapter/cmake)\n'}
[1.306905] (-) TimerEvent: {}
[1.332383] (ei_whistle_cpp) StdoutLine: {'line': b'-- Found rosidl_generator_cpp: 3.1.7 (/opt/ros/humble/share/rosidl_generator_cpp/cmake)\n'}
[1.399711] (ei_whistle_cpp) StdoutLine: {'line': b'-- Using all available rosidl_typesupport_c: rosidl_typesupport_fastrtps_c;rosidl_typesupport_introspection_c\n'}
[1.407107] (-) TimerEvent: {}
[1.483582] (ei_whistle_cpp) StdoutLine: {'line': b'-- Using all available rosidl_typesupport_cpp: rosidl_typesupport_fastrtps_cpp;rosidl_typesupport_introspection_cpp\n'}
[1.507296] (-) TimerEvent: {}
[1.608153] (-) TimerEvent: {}
[1.707786] (ei_whistle_cpp) StdoutLine: {'line': b'-- Found rmw_implementation_cmake: 6.1.2 (/opt/ros/humble/share/rmw_implementation_cmake/cmake)\n'}
[1.708715] (-) TimerEvent: {}
[1.722286] (ei_whistle_cpp) StdoutLine: {'line': b'-- Found rmw_fastrtps_cpp: 6.2.9 (/opt/ros/humble/share/rmw_fastrtps_cpp/cmake)\n'}
[1.808939] (-) TimerEvent: {}
[1.909821] (-) TimerEvent: {}
[2.010577] (-) TimerEvent: {}
[2.111532] (-) TimerEvent: {}
[2.212623] (-) TimerEvent: {}
[2.313685] (-) TimerEvent: {}
[2.414513] (-) TimerEvent: {}
[2.515360] (-) TimerEvent: {}
[2.616208] (-) TimerEvent: {}
[2.717015] (-) TimerEvent: {}
[2.817868] (-) TimerEvent: {}
[2.918682] (-) TimerEvent: {}
[2.958455] (ei_whistle_cpp) StdoutLine: {'line': b"-- Using RMW implementation 'rmw_fastrtps_cpp' as default\n"}
[3.018969] (-) TimerEvent: {}
[3.120154] (-) TimerEvent: {}
[3.221096] (-) TimerEvent: {}
[3.321939] (-) TimerEvent: {}
[3.422691] (-) TimerEvent: {}
[3.523570] (-) TimerEvent: {}
[3.624535] (-) TimerEvent: {}
[3.704508] (ei_whistle_cpp) StdoutLine: {'line': b'-- Configuring done\n'}
[3.724708] (-) TimerEvent: {}
[3.825558] (-) TimerEvent: {}
[3.920965] (ei_whistle_cpp) StdoutLine: {'line': b'-- Generating done\n'}
[3.925809] (-) TimerEvent: {}
[3.956600] (ei_whistle_cpp) StdoutLine: {'line': b'-- Build files have been written to: /home/dev/respeaker_deep_audio/build/ei_whistle_cpp\n'}
[3.990538] (ei_whistle_cpp) CommandEnded: {'returncode': 0}
[3.992901] (ei_whistle_cpp) JobProgress: {'identifier': 'ei_whistle_cpp', 'progress': 'build'}
[3.996199] (ei_whistle_cpp) Command: {'cmd': ['/usr/bin/cmake', '--build', '/home/dev/respeaker_deep_audio/build/ei_whistle_cpp', '--', '-j4', '-l4'], 'cwd': '/home/dev/respeaker_deep_audio/build/ei_whistle_cpp', 'env': OrderedDict([('LESSOPEN', '| /usr/bin/lesspipe %s'), ('USER', 'dev'), ('SSH_CLIENT', '10.33.154.77 62536 22'), ('ROS_PACKAGE_PATH', '/home/dev/respeaker_deep_audio/install/ei_whistle_cpp/share'), ('XDG_SESSION_TYPE', 'tty'), ('GIT_ASKPASS', '/home/dev/.vscode-server/cli/servers/Stable-7d842fb85a0275a4a8e4d7e040d2625abbf7f084/server/extensions/git/dist/askpass.sh'), ('SHLVL', '1'), ('LD_LIBRARY_PATH', '/opt/ros/humble/opt/rviz_ogre_vendor/lib:/opt/ros/humble/lib/aarch64-linux-gnu:/opt/ros/humble/lib'), ('BROWSER', '/home/dev/.vscode-server/cli/servers/Stable-7d842fb85a0275a4a8e4d7e040d2625abbf7f084/server/bin/helpers/browser.sh'), ('MOTD_SHOWN', 'pam'), ('HOME', '/home/dev'), ('OLDPWD', '/home/dev/respeaker_deep_audio'), ('TERM_PROGRAM_VERSION', '1.105.1'), ('VSCODE_IPC_HOOK_CLI', '/run/user/1000/vscode-ipc-f7bea960-783f-4fa7-9b9a-9e5a1a128e49.sock'), ('ROS_PYTHON_VERSION', '3'), ('VSCODE_GIT_ASKPASS_MAIN', '/home/dev/.vscode-server/cli/servers/Stable-7d842fb85a0275a4a8e4d7e040d2625abbf7f084/server/extensions/git/dist/askpass-main.js'), ('VSCODE_GIT_ASKPASS_NODE', '/home/dev/.vscode-server/cli/servers/Stable-7d842fb85a0275a4a8e4d7e040d2625abbf7f084/server/node'), ('SSL_CERT_FILE', '/usr/lib/ssl/certs/ca-certificates.crt'), ('VSCODE_PYTHON_AUTOACTIVATE_GUARD', '1'), ('DBUS_SESSION_BUS_ADDRESS', 'unix:path=/run/user/1000/bus'), ('COLORTERM', 'truecolor'), ('COLCON_PREFIX_PATH', '/home/dev/respeaker_deep_audio/install'), ('ROS_DISTRO', 'humble'), ('LOGNAME', 'dev'), ('_', '/usr/bin/colcon'), ('ROS_VERSION', '2'), ('PKG_CONFIG_PATH', '/home/dev/respeaker_deep_audio/install/ei_whistle_cpp/lib/aarch64-linux-gnu/pkgconfig:/home/dev/respeaker_deep_audio/install/ei_whistle_cpp/lib/pkgconfig'), ('XDG_SESSION_CLASS', 'user'), ('TERM', 'xterm-256color'), ('XDG_SESSION_ID', '3'), ('ROS_LOCALHOST_ONLY', '0'), ('PATH', '/opt/ros/humble/bin:/home/dev/.vscode-server/cli/servers/Stable-7d842fb85a0275a4a8e4d7e040d2625abbf7f084/server/bin/remote-cli:/home/dev/.local/bin:/usr/local/sbin:/usr/local/bin:/usr/sbin:/usr/bin:/sbin:/bin:/usr/games:/usr/local/games:/snap/bin:/home/dev/.vscode-server/data/User/globalStorage/github.copilot-chat/debugCommand'), ('XDG_RUNTIME_DIR', '/run/user/1000'), ('SSL_CERT_DIR', '/usr/lib/ssl/certs'), ('LANG', 'en_US.UTF-8'), ('LS_COLORS', 'rs=0:di=01;34:ln=01;36:mh=00:pi=40;33:so=01;35:do=01;35:bd=40;33;01:cd=40;33;01:or=40;31;01:mi=00:su=37;41:sg=30;43:ca=30;41:tw=30;42:ow=34;42:st=37;44:ex=01;32:*.tar=01;31:*.tgz=01;31:*.arc=01;31:*.arj=01;31:*.taz=01;31:*.lha=01;31:*.lz4=01;31:*.lzh=01;31:*.lzma=01;31:*.tlz=01;31:*.txz=01;31:*.tzo=01;31:*.t7z=01;31:*.zip=01;31:*.z=01;31:*.dz=01;31:*.gz=01;31:*.lrz=01;31:*.lz=01;31:*.lzo=01;31:*.xz=01;31:*.zst=01;31:*.tzst=01;31:*.bz2=01;31:*.bz=01;31:*.tbz=01;31:*.tbz2=01;31:*.tz=01;31:*.deb=01;31:*.rpm=01;31:*.jar=01;31:*.war=01;31:*.ear=01;31:*.sar=01;31:*.rar=01;31:*.alz=01;31:*.ace=01;31:*.zoo=01;31:*.cpio=01;31:*.7z=01;31:*.rz=01;31:*.cab=01;31:*.wim=01;31:*.swm=01;31:*.dwm=01;31:*.esd=01;31:*.jpg=01;35:*.jpeg=01;35:*.mjpg=01;35:*.mjpeg=01;35:*.gif=01;35:*.bmp=01;35:*.pbm=01;35:*.pgm=01;35:*.ppm=01;35:*.tga=01;35:*.xbm=01;35:*.xpm=01;35:*.tif=01;35:*.tiff=01;35:*.png=01;35:*.svg=01;35:*.svgz=01;35:*.mng=01;35:*.pcx=01;35:*.mov=01;35:*.mpg=01;35:*.mpeg=01;35:*.m2v=01;35:*.mkv=01;35:*.webm=01;35:*.webp=01;35:*.ogm=01;35:*.mp4=01;35:*.m4v=01;35:*.mp4v=01;35:*.vob=01;35:*.qt=01;35:*.nuv=01;35:*.wmv=01;35:*.asf=01;35:*.rm=01;35:*.rmvb=01;35:*.flc=01;35:*.avi=01;35:*.fli=01;35:*.flv=01;35:*.gl=01;35:*.dl=01;35:*.xcf=01;35:*.xwd=01;35:*.yuv=01;35:*.cgm=01;35:*.emf=01;35:*.ogv=01;35:*.ogx=01;35:*.aac=00;36:*.au=00;36:*.flac=00;36:*.m4a=00;36:*.mid=00;36:*.midi=00;36:*.mka=00;36:*.mp3=00;36:*.mpc=00;36:*.ogg=00;36:*.ra=00;36:*.wav=00;36:*.oga=00;36:*.opus=00;36:*.spx=00;36:*.xspf=00;36:'), ('VSCODE_GIT_IPC_HANDLE', '/run/user/1000/vscode-git-5db78a076d.sock'), ('TERM_PROGRAM', 'vscode'), ('AMENT_PREFIX_PATH', '/home/dev/respeaker_deep_audio/install/ei_whistle_cpp:/opt/ros/humble'), ('SHELL', '/bin/bash'), ('LESSCLOSE', '/usr/bin/lesspipe %s %s'), ('VSCODE_GIT_ASKPASS_EXTRA_ARGS', ''), ('PWD', '/home/dev/respeaker_deep_audio/build/ei_whistle_cpp'), ('LC_ALL', 'en_US.UTF-8'), ('SSH_CONNECTION', '10.33.154.77 62536 10.33.220.113 22'), ('XDG_DATA_DIRS', '/usr/share/gnome:/usr/local/share:/usr/share:/var/lib/snapd/desktop'), ('PYTHONPATH', '/opt/ros/humble/lib/python3.10/site-packages:/opt/ros/humble/local/lib/python3.10/dist-packages'), ('COLCON', '1'), ('CMAKE_PREFIX_PATH', '/home/dev/respeaker_deep_audio/install/ei_whistle_cpp')]), 'shell': False}
[4.026027] (-) TimerEvent: {}
[4.127072] (-) TimerEvent: {}
[4.227904] (-) TimerEvent: {}
[4.328799] (-) TimerEvent: {}
[4.405269] (ei_whistle_cpp) StdoutLine: {'line': b'\x1b[35m\x1b[1mConsolidate compiler generated dependencies of target whistle_node\x1b[0m\n'}
[4.429026] (-) TimerEvent: {}
[4.529933] (-) TimerEvent: {}
[4.630722] (-) TimerEvent: {}
[4.731791] (-) TimerEvent: {}
[4.832561] (-) TimerEvent: {}
[4.933334] (-) TimerEvent: {}
[5.034239] (-) TimerEvent: {}
[5.135002] (-) TimerEvent: {}
[5.235765] (-) TimerEvent: {}
[5.336524] (-) TimerEvent: {}
[5.437443] (-) TimerEvent: {}
[5.515676] (ei_whistle_cpp) StderrLine: {'line': b"gmake[2]: Warning: File '/home/dev/respeaker_deep_audio/src/ei_whistle_cpp/edge-impulse-sdk/classifier/ei_run_classifier.h' has modification time 15022 s in the future\n"}
[5.537678] (-) TimerEvent: {}
[5.571249] (ei_whistle_cpp) StdoutLine: {'line': b'[  1%] \x1b[32mBuilding CXX object CMakeFiles/whistle_node.dir/edge-impulse-sdk/classifier/ei_run_classifier_c.cpp.o\x1b[0m\n'}
[5.575454] (ei_whistle_cpp) StdoutLine: {'line': b'[  1%] \x1b[32mBuilding CXX object CMakeFiles/whistle_node.dir/whistle_node.cpp.o\x1b[0m\n'}
[5.582060] (ei_whistle_cpp) StdoutLine: {'line': b'[  2%] \x1b[32mBuilding CXX object CMakeFiles/whistle_node.dir/edge-impulse-sdk/dsp/image/processing.cpp.o\x1b[0m\n'}
[5.584668] (ei_whistle_cpp) StdoutLine: {'line': b'[  2%] \x1b[32mBuilding CXX object CMakeFiles/whistle_node.dir/edge-impulse-sdk/dsp/dct/fast-dct-fft.cpp.o\x1b[0m\n'}
[5.637927] (-) TimerEvent: {}
[5.730573] (ei_whistle_cpp) StdoutLine: {'line': b'[  3%] \x1b[32mBuilding CXX object CMakeFiles/whistle_node.dir/edge-impulse-sdk/dsp/kissfft/kiss_fft.cpp.o\x1b[0m\n'}
[5.738134] (-) TimerEvent: {}
[5.741784] (ei_whistle_cpp) StdoutLine: {'line': b'[  3%] \x1b[32mBuilding CXX object CMakeFiles/whistle_node.dir/edge-impulse-sdk/dsp/kissfft/kiss_fftr.cpp.o\x1b[0m\n'}
[5.839601] (-) TimerEvent: {}
[5.940448] (-) TimerEvent: {}
[6.041361] (-) TimerEvent: {}
[6.093386] (ei_whistle_cpp) StdoutLine: {'line': b'[  4%] \x1b[32mBuilding CXX object CMakeFiles/whistle_node.dir/edge-impulse-sdk/dsp/memory.cpp.o\x1b[0m\n'}
[6.141613] (-) TimerEvent: {}
[6.243214] (-) TimerEvent: {}
[6.344611] (-) TimerEvent: {}
[6.446055] (-) TimerEvent: {}
[6.548635] (-) TimerEvent: {}
[6.650452] (-) TimerEvent: {}
[6.752199] (-) TimerEvent: {}
[6.854405] (-) TimerEvent: {}
[6.956424] (-) TimerEvent: {}
[7.058319] (-) TimerEvent: {}
[7.160287] (-) TimerEvent: {}
[7.186946] (ei_whistle_cpp) StdoutLine: {'line': b'[  4%] \x1b[32mBuilding CXX object CMakeFiles/whistle_node.dir/edge-impulse-sdk/porting/posix/debug_log.cpp.o\x1b[0m\n'}
[7.205128] (ei_whistle_cpp) StdoutLine: {'line': b'[  5%] \x1b[32mBuilding CXX object CMakeFiles/whistle_node.dir/edge-impulse-sdk/porting/posix/ei_classifier_porting.cpp.o\x1b[0m\n'}
[7.260570] (-) TimerEvent: {}
[7.363318] (-) TimerEvent: {}
[7.465326] (-) TimerEvent: {}
[7.567880] (-) TimerEvent: {}
[7.630450] (ei_whistle_cpp) StdoutLine: {'line': b'[  6%] \x1b[32mBuilding C object CMakeFiles/whistle_node.dir/edge-impulse-sdk/tensorflow/lite/c/common.c.o\x1b[0m\n'}
[7.668116] (-) TimerEvent: {}
[7.770463] (-) TimerEvent: {}
[7.871846] (-) TimerEvent: {}
[7.973716] (-) TimerEvent: {}
[8.022405] (ei_whistle_cpp) StdoutLine: {'line': b'[  6%] \x1b[32mBuilding CXX object CMakeFiles/whistle_node.dir/edge-impulse-sdk/tensorflow/lite/core/api/common.cc.o\x1b[0m\n'}
[8.074039] (-) TimerEvent: {}
[8.175226] (-) TimerEvent: {}
[8.276232] (-) TimerEvent: {}
[8.377115] (-) TimerEvent: {}
[8.428687] (ei_whistle_cpp) StdoutLine: {'line': b'[  7%] \x1b[32mBuilding CXX object CMakeFiles/whistle_node.dir/edge-impulse-sdk/tensorflow/lite/core/api/error_reporter.cc.o\x1b[0m\n'}
[8.477380] (-) TimerEvent: {}
[8.578451] (-) TimerEvent: {}
[8.611206] (ei_whistle_cpp) StdoutLine: {'line': b'[  7%] \x1b[32mBuilding CXX object CMakeFiles/whistle_node.dir/edge-impulse-sdk/tensorflow/lite/core/api/flatbuffer_conversions.cc.o\x1b[0m\n'}
[8.678919] (-) TimerEvent: {}
[8.681253] (ei_whistle_cpp) StdoutLine: {'line': b'[  8%] \x1b[32mBuilding CXX object CMakeFiles/whistle_node.dir/edge-impulse-sdk/tensorflow/lite/core/api/op_resolver.cc.o\x1b[0m\n'}
[8.714211] (ei_whistle_cpp) StdoutLine: {'line': b'[  9%] \x1b[32mBuilding CXX object CMakeFiles/whistle_node.dir/edge-impulse-sdk/tensorflow/lite/core/api/tensor_utils.cc.o\x1b[0m\n'}
[8.779115] (-) TimerEvent: {}
[8.880753] (-) TimerEvent: {}
[8.982092] (-) TimerEvent: {}
[8.986014] (ei_whistle_cpp) StdoutLine: {'line': b'[  9%] \x1b[32mBuilding CXX object CMakeFiles/whistle_node.dir/edge-impulse-sdk/tensorflow/lite/kernels/custom/tree_ensemble_classifier.cc.o\x1b[0m\n'}
[9.082326] (-) TimerEvent: {}
[9.184089] (-) TimerEvent: {}
[9.285690] (-) TimerEvent: {}
[9.387657] (-) TimerEvent: {}
[9.489076] (-) TimerEvent: {}
[9.591035] (-) TimerEvent: {}
[9.692681] (-) TimerEvent: {}
[9.794394] (-) TimerEvent: {}
[9.896214] (-) TimerEvent: {}
[9.997939] (-) TimerEvent: {}
[10.100154] (-) TimerEvent: {}
[10.201885] (-) TimerEvent: {}
[10.303589] (-) TimerEvent: {}
[10.405327] (-) TimerEvent: {}
[10.507599] (-) TimerEvent: {}
[10.609721] (-) TimerEvent: {}
[10.711832] (-) TimerEvent: {}
[10.814112] (-) TimerEvent: {}
[10.916048] (-) TimerEvent: {}
[11.018333] (-) TimerEvent: {}
[11.120460] (-) TimerEvent: {}
[11.222162] (-) TimerEvent: {}
[11.324189] (-) TimerEvent: {}
[11.426096] (-) TimerEvent: {}
[11.528231] (-) TimerEvent: {}
[11.630111] (-) TimerEvent: {}
[11.732079] (-) TimerEvent: {}
[11.833802] (-) TimerEvent: {}
[11.935495] (-) TimerEvent: {}
[12.037265] (-) TimerEvent: {}
[12.139528] (-) TimerEvent: {}
[12.241188] (-) TimerEvent: {}
[12.343019] (-) TimerEvent: {}
[12.444672] (-) TimerEvent: {}
[12.546538] (-) TimerEvent: {}
[12.648250] (-) TimerEvent: {}
[12.750080] (-) TimerEvent: {}
[12.851928] (-) TimerEvent: {}
[12.953857] (-) TimerEvent: {}
[13.059087] (-) TimerEvent: {}
[13.161219] (-) TimerEvent: {}
[13.264381] (-) TimerEvent: {}
[13.366842] (-) TimerEvent: {}
[13.469492] (-) TimerEvent: {}
[13.572384] (-) TimerEvent: {}
[13.674606] (-) TimerEvent: {}
[13.677608] (ei_whistle_cpp) StdoutLine: {'line': b'[ 10%] \x1b[32mBuilding CXX object CMakeFiles/whistle_node.dir/edge-impulse-sdk/tensorflow/lite/kernels/internal/portable_tensor_utils.cc.o\x1b[0m\n'}
[13.774960] (-) TimerEvent: {}
[13.877476] (-) TimerEvent: {}
[13.980301] (-) TimerEvent: {}
[14.083089] (-) TimerEvent: {}
[14.185834] (-) TimerEvent: {}
[14.288230] (-) TimerEvent: {}
[14.391033] (-) TimerEvent: {}
[14.493562] (-) TimerEvent: {}
[14.595465] (-) TimerEvent: {}
[14.697556] (-) TimerEvent: {}
[14.799327] (-) TimerEvent: {}
[14.901045] (-) TimerEvent: {}
[15.002911] (-) TimerEvent: {}
[15.104801] (-) TimerEvent: {}
[15.206748] (-) TimerEvent: {}
[15.308531] (-) TimerEvent: {}
[15.411450] (-) TimerEvent: {}
[15.444135] (ei_whistle_cpp) StdoutLine: {'line': b'[ 10%] \x1b[32mBuilding CXX object CMakeFiles/whistle_node.dir/edge-impulse-sdk/tensorflow/lite/kernels/internal/quantization_util.cc.o\x1b[0m\n'}
[15.511732] (-) TimerEvent: {}
[15.613319] (-) TimerEvent: {}
[15.714799] (-) TimerEvent: {}
[15.816311] (-) TimerEvent: {}
[15.917842] (-) TimerEvent: {}
[16.020117] (-) TimerEvent: {}
[16.122225] (-) TimerEvent: {}
[16.224454] (-) TimerEvent: {}
[16.326751] (-) TimerEvent: {}
[16.429320] (-) TimerEvent: {}
[16.531794] (-) TimerEvent: {}
[16.634283] (-) TimerEvent: {}
[16.737177] (-) TimerEvent: {}
[16.760297] (ei_whistle_cpp) StdoutLine: {'line': b'[ 11%] \x1b[32mBuilding CXX object CMakeFiles/whistle_node.dir/edge-impulse-sdk/tensorflow/lite/kernels/internal/reference_portable_tensor_utils.cc.o\x1b[0m\n'}
[16.837436] (-) TimerEvent: {}
[16.939880] (-) TimerEvent: {}
[17.042538] (-) TimerEvent: {}
[17.145098] (-) TimerEvent: {}
[17.247693] (-) TimerEvent: {}
[17.349851] (-) TimerEvent: {}
[17.452248] (-) TimerEvent: {}
[17.553811] (-) TimerEvent: {}
[17.655276] (-) TimerEvent: {}
[17.757382] (-) TimerEvent: {}
[17.859035] (-) TimerEvent: {}
[17.960779] (-) TimerEvent: {}
[18.062596] (-) TimerEvent: {}
[18.164965] (-) TimerEvent: {}
[18.267536] (-) TimerEvent: {}
[18.335760] (ei_whistle_cpp) StdoutLine: {'line': b'[ 12%] \x1b[32mBuilding CXX object CMakeFiles/whistle_node.dir/edge-impulse-sdk/tensorflow/lite/kernels/internal/tensor_utils.cc.o\x1b[0m\n'}
[18.367857] (-) TimerEvent: {}
[18.470387] (-) TimerEvent: {}
[18.572783] (-) TimerEvent: {}
[18.675082] (-) TimerEvent: {}
[18.777560] (-) TimerEvent: {}
[18.879085] (-) TimerEvent: {}
[18.980644] (-) TimerEvent: {}
[19.083452] (-) TimerEvent: {}
[19.186134] (-) TimerEvent: {}
[19.288963] (-) TimerEvent: {}
[19.391626] (-) TimerEvent: {}
[19.493321] (-) TimerEvent: {}
[19.595002] (-) TimerEvent: {}
[19.696733] (-) TimerEvent: {}
[19.798777] (-) TimerEvent: {}
[19.900663] (-) TimerEvent: {}
[20.002446] (-) TimerEvent: {}
[20.104276] (-) TimerEvent: {}
[20.206075] (-) TimerEvent: {}
[20.307823] (-) TimerEvent: {}
[20.409753] (-) TimerEvent: {}
[20.511512] (-) TimerEvent: {}
[20.613234] (-) TimerEvent: {}
[20.715064] (-) TimerEvent: {}
[20.816771] (-) TimerEvent: {}
[20.918884] (-) TimerEvent: {}
[21.025762] (-) TimerEvent: {}
[21.127384] (-) TimerEvent: {}
[21.173172] (ei_whistle_cpp) StdoutLine: {'line': b'[ 12%] \x1b[32mBuilding CXX object CMakeFiles/whistle_node.dir/edge-impulse-sdk/tensorflow/lite/kernels/kernel_util_lite.cc.o\x1b[0m\n'}
[21.227658] (-) TimerEvent: {}
[21.329411] (-) TimerEvent: {}
[21.431780] (-) TimerEvent: {}
[21.533962] (-) TimerEvent: {}
[21.636208] (-) TimerEvent: {}
[21.738351] (-) TimerEvent: {}
[21.840600] (-) TimerEvent: {}
[21.942026] (-) TimerEvent: {}
[22.043725] (-) TimerEvent: {}
[22.145278] (-) TimerEvent: {}
[22.247276] (-) TimerEvent: {}
[22.348936] (-) TimerEvent: {}
[22.450508] (-) TimerEvent: {}
[22.552326] (-) TimerEvent: {}
[22.653936] (-) TimerEvent: {}
[22.755510] (-) TimerEvent: {}
[22.857211] (-) TimerEvent: {}
[22.958918] (-) TimerEvent: {}
[23.060519] (-) TimerEvent: {}
[23.162199] (-) TimerEvent: {}
[23.264887] (-) TimerEvent: {}
[23.367502] (-) TimerEvent: {}
[23.470087] (-) TimerEvent: {}
[23.572700] (-) TimerEvent: {}
[23.625715] (ei_whistle_cpp) StdoutLine: {'line': b'[ 13%] \x1b[32mBuilding CXX object CMakeFiles/whistle_node.dir/edge-impulse-sdk/tensorflow/lite/micro/all_ops_resolver.cc.o\x1b[0m\n'}
[23.673020] (-) TimerEvent: {}
[23.775760] (-) TimerEvent: {}
[23.877923] (-) TimerEvent: {}
[23.980292] (-) TimerEvent: {}
[24.082988] (-) TimerEvent: {}
[24.185252] (-) TimerEvent: {}
[24.287498] (-) TimerEvent: {}
[24.389699] (-) TimerEvent: {}
[24.491277] (-) TimerEvent: {}
[24.592852] (-) TimerEvent: {}
[24.694512] (-) TimerEvent: {}
[24.796201] (-) TimerEvent: {}
[24.897904] (-) TimerEvent: {}
[24.999692] (-) TimerEvent: {}
[25.101799] (-) TimerEvent: {}
[25.203502] (-) TimerEvent: {}
[25.305380] (-) TimerEvent: {}
[25.407264] (-) TimerEvent: {}
[25.508981] (-) TimerEvent: {}
[25.610683] (-) TimerEvent: {}
[25.712350] (-) TimerEvent: {}
[25.814087] (-) TimerEvent: {}
[25.915834] (-) TimerEvent: {}
[26.017780] (-) TimerEvent: {}
[26.128847] (-) TimerEvent: {}
[26.230669] (-) TimerEvent: {}
[26.332476] (-) TimerEvent: {}
[26.434238] (-) TimerEvent: {}
[26.533161] (ei_whistle_cpp) StdoutLine: {'line': b'[ 13%] \x1b[32mBuilding CXX object CMakeFiles/whistle_node.dir/edge-impulse-sdk/tensorflow/lite/micro/fake_micro_context.cc.o\x1b[0m\n'}
[26.537110] (-) TimerEvent: {}
[26.639358] (-) TimerEvent: {}
[26.741717] (-) TimerEvent: {}
[26.844200] (-) TimerEvent: {}
[26.946877] (-) TimerEvent: {}
[27.048438] (-) TimerEvent: {}
[27.149946] (-) TimerEvent: {}
[27.251463] (-) TimerEvent: {}
[27.352948] (-) TimerEvent: {}
[27.454519] (-) TimerEvent: {}
[27.555936] (-) TimerEvent: {}
[27.657451] (-) TimerEvent: {}
[27.759031] (-) TimerEvent: {}
[27.860616] (-) TimerEvent: {}
[27.962315] (-) TimerEvent: {}
[28.063924] (-) TimerEvent: {}
[28.166340] (-) TimerEvent: {}
[28.268042] (-) TimerEvent: {}
[28.369785] (-) TimerEvent: {}
[28.471522] (-) TimerEvent: {}
[28.573283] (-) TimerEvent: {}
[28.675116] (-) TimerEvent: {}
[28.777307] (-) TimerEvent: {}
[28.879075] (-) TimerEvent: {}
[28.981728] (-) TimerEvent: {}
[29.084383] (-) TimerEvent: {}
[29.188402] (-) TimerEvent: {}
[29.292689] (-) TimerEvent: {}
[29.395349] (-) TimerEvent: {}
[29.499300] (-) TimerEvent: {}
[29.601713] (-) TimerEvent: {}
[29.703454] (-) TimerEvent: {}
[29.805971] (-) TimerEvent: {}
[29.908868] (-) TimerEvent: {}
[30.011527] (-) TimerEvent: {}
[30.114315] (-) TimerEvent: {}
[30.215876] (-) TimerEvent: {}
[30.317487] (-) TimerEvent: {}
[30.419039] (-) TimerEvent: {}
[30.520903] (-) TimerEvent: {}
[30.622653] (-) TimerEvent: {}
[30.724292] (-) TimerEvent: {}
[30.826894] (-) TimerEvent: {}
[30.929839] (-) TimerEvent: {}
[31.032510] (-) TimerEvent: {}
[31.141331] (-) TimerEvent: {}
[31.244110] (-) TimerEvent: {}
[31.345788] (-) TimerEvent: {}
[31.447754] (-) TimerEvent: {}
[31.549636] (-) TimerEvent: {}
[31.651501] (-) TimerEvent: {}
[31.753208] (-) TimerEvent: {}
[31.854941] (-) TimerEvent: {}
[31.956571] (-) TimerEvent: {}
[32.058194] (-) TimerEvent: {}
[32.159988] (-) TimerEvent: {}
[32.262292] (-) TimerEvent: {}
[32.365144] (-) TimerEvent: {}
[32.433754] (ei_whistle_cpp) StdoutLine: {'line': b'[ 14%] \x1b[32mBuilding CXX object CMakeFiles/whistle_node.dir/edge-impulse-sdk/tensorflow/lite/micro/flatbuffer_conversions_bridge.cc.o\x1b[0m\n'}
[32.465455] (-) TimerEvent: {}
[32.567462] (-) TimerEvent: {}
[32.669094] (-) TimerEvent: {}
[32.770789] (-) TimerEvent: {}
[32.872858] (-) TimerEvent: {}
[32.978199] (-) TimerEvent: {}
[33.085970] (-) TimerEvent: {}
[33.188471] (-) TimerEvent: {}
[33.288752] (ei_whistle_cpp) StdoutLine: {'line': b'[ 15%] \x1b[32mBuilding CXX object CMakeFiles/whistle_node.dir/edge-impulse-sdk/tensorflow/lite/micro/flatbuffer_utils.cc.o\x1b[0m\n'}
[33.294010] (-) TimerEvent: {}
[33.396752] (-) TimerEvent: {}
[33.499525] (-) TimerEvent: {}
[33.601858] (-) TimerEvent: {}
[33.704430] (-) TimerEvent: {}
[33.807129] (-) TimerEvent: {}
[33.909473] (-) TimerEvent: {}
[34.011951] (-) TimerEvent: {}
[34.114659] (-) TimerEvent: {}
[34.217484] (-) TimerEvent: {}
[34.320141] (-) TimerEvent: {}
[34.422757] (-) TimerEvent: {}
[34.524524] (-) TimerEvent: {}
[34.626493] (-) TimerEvent: {}
[34.728269] (-) TimerEvent: {}
[34.830104] (-) TimerEvent: {}
[34.931879] (-) TimerEvent: {}
[35.033461] (-) TimerEvent: {}
[35.135136] (-) TimerEvent: {}
[35.237785] (-) TimerEvent: {}
[35.339520] (-) TimerEvent: {}
[35.441292] (-) TimerEvent: {}
[35.542930] (-) TimerEvent: {}
[35.644717] (-) TimerEvent: {}
[35.746426] (-) TimerEvent: {}
[35.848134] (-) TimerEvent: {}
[35.950047] (-) TimerEvent: {}
[36.051994] (-) TimerEvent: {}
[36.153921] (-) TimerEvent: {}
[36.255768] (-) TimerEvent: {}
[36.357388] (-) TimerEvent: {}
[36.459096] (-) TimerEvent: {}
[36.561011] (-) TimerEvent: {}
[36.662716] (-) TimerEvent: {}
[36.764540] (-) TimerEvent: {}
[36.866359] (-) TimerEvent: {}
[36.968165] (-) TimerEvent: {}
[37.069839] (-) TimerEvent: {}
[37.171723] (-) TimerEvent: {}
[37.273509] (-) TimerEvent: {}
[37.375291] (-) TimerEvent: {}
[37.477027] (-) TimerEvent: {}
[37.524409] (ei_whistle_cpp) StdoutLine: {'line': b'[ 15%] \x1b[32mBuilding CXX object CMakeFiles/whistle_node.dir/edge-impulse-sdk/tensorflow/lite/micro/kernels/activations.cc.o\x1b[0m\n'}
[37.577367] (-) TimerEvent: {}
[37.680415] (-) TimerEvent: {}
[37.783624] (-) TimerEvent: {}
[37.886034] (-) TimerEvent: {}
[37.988343] (-) TimerEvent: {}
[38.090679] (-) TimerEvent: {}
[38.193615] (-) TimerEvent: {}
[38.295943] (-) TimerEvent: {}
[38.398280] (-) TimerEvent: {}
[38.501357] (ei_whistle_cpp) StdoutLine: {'line': b'[ 16%] \x1b[32mBuilding CXX object CMakeFiles/whistle_node.dir/edge-impulse-sdk/tensorflow/lite/micro/kernels/activations_common.cc.o\x1b[0m\n'}
[38.504627] (-) TimerEvent: {}
[38.607037] (-) TimerEvent: {}
[38.709713] (-) TimerEvent: {}
[38.812507] (-) TimerEvent: {}
[38.916802] (-) TimerEvent: {}
[39.019276] (-) TimerEvent: {}
[39.122017] (-) TimerEvent: {}
[39.225184] (-) TimerEvent: {}
[39.327519] (-) TimerEvent: {}
[39.430175] (-) TimerEvent: {}
[39.532777] (-) TimerEvent: {}
[39.634559] (-) TimerEvent: {}
[39.736271] (-) TimerEvent: {}
[39.837997] (-) TimerEvent: {}
[39.940211] (-) TimerEvent: {}
[40.041858] (-) TimerEvent: {}
[40.143698] (-) TimerEvent: {}
[40.245334] (-) TimerEvent: {}
[40.347067] (-) TimerEvent: {}
[40.448718] (-) TimerEvent: {}
[40.550624] (-) TimerEvent: {}
[40.652574] (-) TimerEvent: {}
[40.754256] (-) TimerEvent: {}
[40.855899] (-) TimerEvent: {}
[40.957549] (-) TimerEvent: {}
[41.059173] (-) TimerEvent: {}
[41.168789] (-) TimerEvent: {}
[41.271238] (-) TimerEvent: {}
[41.373836] (-) TimerEvent: {}
[41.475685] (-) TimerEvent: {}
[41.577233] (-) TimerEvent: {}
[41.678989] (-) TimerEvent: {}
[41.780881] (-) TimerEvent: {}
[41.882537] (-) TimerEvent: {}
[41.984286] (-) TimerEvent: {}
[42.085947] (-) TimerEvent: {}
[42.187654] (-) TimerEvent: {}
[42.289279] (-) TimerEvent: {}
[42.390980] (-) TimerEvent: {}
[42.492689] (-) TimerEvent: {}
[42.594532] (-) TimerEvent: {}
[42.696330] (-) TimerEvent: {}
[42.799058] (-) TimerEvent: {}
[42.901509] (-) TimerEvent: {}
[43.004023] (-) TimerEvent: {}
[43.105583] (-) TimerEvent: {}
[43.208629] (-) TimerEvent: {}
[43.311316] (-) TimerEvent: {}
[43.413731] (-) TimerEvent: {}
[43.515373] (-) TimerEvent: {}
[43.616960] (-) TimerEvent: {}
[43.718538] (-) TimerEvent: {}
[43.820254] (-) TimerEvent: {}
[43.921871] (-) TimerEvent: {}
[44.023727] (-) TimerEvent: {}
[44.125586] (-) TimerEvent: {}
[44.227617] (-) TimerEvent: {}
[44.329407] (-) TimerEvent: {}
[44.432111] (-) TimerEvent: {}
[44.535012] (-) TimerEvent: {}
[44.637139] (-) TimerEvent: {}
[44.739046] (-) TimerEvent: {}
[44.840724] (-) TimerEvent: {}
[44.942834] (-) TimerEvent: {}
[45.044793] (-) TimerEvent: {}
[45.146550] (-) TimerEvent: {}
[45.248352] (-) TimerEvent: {}
[45.350084] (-) TimerEvent: {}
[45.451865] (-) TimerEvent: {}
[45.553550] (-) TimerEvent: {}
[45.655228] (-) TimerEvent: {}
[45.684383] (ei_whistle_cpp) StdoutLine: {'line': b'[ 16%] \x1b[32mBuilding CXX object CMakeFiles/whistle_node.dir/edge-impulse-sdk/tensorflow/lite/micro/kernels/add.cc.o\x1b[0m\n'}
[45.755501] (-) TimerEvent: {}
[45.857397] (-) TimerEvent: {}
[45.959056] (-) TimerEvent: {}
[46.060709] (-) TimerEvent: {}
[46.168556] (-) TimerEvent: {}
[46.270269] (-) TimerEvent: {}
[46.371994] (-) TimerEvent: {}
[46.473768] (-) TimerEvent: {}
[46.576531] (-) TimerEvent: {}
[46.679180] (-) TimerEvent: {}
[46.781735] (-) TimerEvent: {}
[46.884652] (-) TimerEvent: {}
[46.987458] (-) TimerEvent: {}
[47.090040] (-) TimerEvent: {}
[47.157938] (ei_whistle_cpp) StdoutLine: {'line': b'[ 17%] \x1b[32mBuilding CXX object CMakeFiles/whistle_node.dir/edge-impulse-sdk/tensorflow/lite/micro/kernels/add_common.cc.o\x1b[0m\n'}
[47.190351] (-) TimerEvent: {}
[47.292185] (-) TimerEvent: {}
[47.393803] (-) TimerEvent: {}
[47.496004] (-) TimerEvent: {}
[47.607033] (-) TimerEvent: {}
[47.708879] (-) TimerEvent: {}
[47.810501] (-) TimerEvent: {}
[47.912202] (-) TimerEvent: {}
[48.013808] (-) TimerEvent: {}
[48.115832] (-) TimerEvent: {}
[48.217671] (-) TimerEvent: {}
[48.319762] (-) TimerEvent: {}
[48.422197] (-) TimerEvent: {}
[48.524524] (-) TimerEvent: {}
[48.626725] (-) TimerEvent: {}
[48.728918] (-) TimerEvent: {}
[48.831507] (-) TimerEvent: {}
[48.934060] (-) TimerEvent: {}
[49.037401] (-) TimerEvent: {}
[49.139907] (-) TimerEvent: {}
[49.242889] (-) TimerEvent: {}
[49.346210] (-) TimerEvent: {}
[49.448698] (-) TimerEvent: {}
[49.551169] (-) TimerEvent: {}
[49.653672] (-) TimerEvent: {}
[49.755413] (-) TimerEvent: {}
[49.857177] (-) TimerEvent: {}
[49.958838] (-) TimerEvent: {}
[50.061350] (-) TimerEvent: {}
[50.164511] (-) TimerEvent: {}
[50.267290] (-) TimerEvent: {}
[50.369834] (-) TimerEvent: {}
[50.472436] (-) TimerEvent: {}
[50.574941] (-) TimerEvent: {}
[50.676696] (-) TimerEvent: {}
[50.778265] (-) TimerEvent: {}
[50.880042] (-) TimerEvent: {}
[50.981658] (-) TimerEvent: {}
[51.083264] (-) TimerEvent: {}
[51.192916] (-) TimerEvent: {}
[51.297285] (-) TimerEvent: {}
[51.399815] (-) TimerEvent: {}
[51.502368] (-) TimerEvent: {}
[51.604137] (-) TimerEvent: {}
[51.705702] (-) TimerEvent: {}
[51.807344] (-) TimerEvent: {}
[51.908931] (-) TimerEvent: {}
[52.010513] (-) TimerEvent: {}
[52.112882] (-) TimerEvent: {}
[52.214601] (-) TimerEvent: {}
[52.316183] (-) TimerEvent: {}
[52.417743] (-) TimerEvent: {}
[52.519440] (-) TimerEvent: {}
[52.621136] (-) TimerEvent: {}
[52.723023] (-) TimerEvent: {}
[52.824738] (-) TimerEvent: {}
[52.926408] (-) TimerEvent: {}
[53.043034] (-) TimerEvent: {}
[53.144280] (-) TimerEvent: {}
[53.247071] (-) TimerEvent: {}
[53.349514] (-) TimerEvent: {}
[53.452160] (-) TimerEvent: {}
[53.554559] (-) TimerEvent: {}
[53.657485] (-) TimerEvent: {}
[53.759234] (-) TimerEvent: {}
[53.860886] (-) TimerEvent: {}
[53.962599] (-) TimerEvent: {}
[54.064293] (-) TimerEvent: {}
[54.165868] (-) TimerEvent: {}
[54.176933] (ei_whistle_cpp) StdoutLine: {'line': b'[ 18%] \x1b[32mBuilding CXX object CMakeFiles/whistle_node.dir/edge-impulse-sdk/tensorflow/lite/micro/kernels/add_n.cc.o\x1b[0m\n'}
[54.266193] (-) TimerEvent: {}
[54.368475] (-) TimerEvent: {}
[54.470745] (-) TimerEvent: {}
[54.573645] (-) TimerEvent: {}
[54.678010] (-) TimerEvent: {}
[54.781628] (-) TimerEvent: {}
[54.885242] (-) TimerEvent: {}
[54.988264] (-) TimerEvent: {}
[55.090916] (-) TimerEvent: {}
[55.193480] (-) TimerEvent: {}
[55.296565] (-) TimerEvent: {}
[55.399370] (-) TimerEvent: {}
[55.502048] (-) TimerEvent: {}
[55.603734] (-) TimerEvent: {}
[55.705546] (-) TimerEvent: {}
[55.807556] (-) TimerEvent: {}
[55.909179] (-) TimerEvent: {}
[56.010938] (-) TimerEvent: {}
[56.112696] (-) TimerEvent: {}
[56.215379] (-) TimerEvent: {}
[56.318124] (-) TimerEvent: {}
[56.421352] (-) TimerEvent: {}
[56.524356] (-) TimerEvent: {}
[56.626995] (-) TimerEvent: {}
[56.729492] (-) TimerEvent: {}
[56.832547] (-) TimerEvent: {}
[56.936227] (-) TimerEvent: {}
[57.039488] (-) TimerEvent: {}
[57.142965] (-) TimerEvent: {}
[57.245474] (-) TimerEvent: {}
[57.348067] (-) TimerEvent: {}
[57.450590] (-) TimerEvent: {}
[57.553055] (-) TimerEvent: {}
[57.655922] (-) TimerEvent: {}
[57.758585] (-) TimerEvent: {}
[57.861144] (-) TimerEvent: {}
[57.962860] (-) TimerEvent: {}
[58.064595] (-) TimerEvent: {}
[58.167136] (-) TimerEvent: {}
[58.269887] (-) TimerEvent: {}
[58.377773] (-) TimerEvent: {}
[58.480621] (-) TimerEvent: {}
[58.583198] (-) TimerEvent: {}
[58.685620] (-) TimerEvent: {}
[58.788099] (-) TimerEvent: {}
[58.890752] (-) TimerEvent: {}
[58.993271] (-) TimerEvent: {}
[59.095914] (-) TimerEvent: {}
[59.198909] (-) TimerEvent: {}
[59.301778] (-) TimerEvent: {}
[59.404352] (-) TimerEvent: {}
[59.506058] (-) TimerEvent: {}
[59.608252] (-) TimerEvent: {}
[59.710011] (-) TimerEvent: {}
[59.811728] (-) TimerEvent: {}
[59.913452] (-) TimerEvent: {}
[60.015220] (-) TimerEvent: {}
[60.116995] (-) TimerEvent: {}
[60.218554] (-) TimerEvent: {}
[60.320441] (-) TimerEvent: {}
[60.422093] (-) TimerEvent: {}
[60.523986] (-) TimerEvent: {}
[60.625615] (-) TimerEvent: {}
[60.727293] (-) TimerEvent: {}
[60.830024] (-) TimerEvent: {}
[60.933235] (-) TimerEvent: {}
[61.036022] (-) TimerEvent: {}
[61.138615] (-) TimerEvent: {}
[61.241712] (-) TimerEvent: {}
[61.344381] (-) TimerEvent: {}
[61.451985] (-) TimerEvent: {}
[61.554408] (-) TimerEvent: {}
[61.656902] (-) TimerEvent: {}
[61.759626] (-) TimerEvent: {}
[61.863112] (-) TimerEvent: {}
[61.968513] (-) TimerEvent: {}
[62.072861] (-) TimerEvent: {}
[62.175565] (-) TimerEvent: {}
[62.278135] (-) TimerEvent: {}
[62.380824] (-) TimerEvent: {}
[62.484283] (-) TimerEvent: {}
[62.586952] (-) TimerEvent: {}
[62.689292] (-) TimerEvent: {}
[62.792109] (-) TimerEvent: {}
[62.894739] (-) TimerEvent: {}
[62.997312] (-) TimerEvent: {}
[63.099993] (-) TimerEvent: {}
[63.202398] (-) TimerEvent: {}
[63.307880] (-) TimerEvent: {}
[63.410309] (-) TimerEvent: {}
[63.512872] (-) TimerEvent: {}
[63.615842] (-) TimerEvent: {}
[63.719242] (-) TimerEvent: {}
[63.821994] (-) TimerEvent: {}
[63.924645] (-) TimerEvent: {}
[64.027221] (-) TimerEvent: {}
[64.130105] (-) TimerEvent: {}
[64.232435] (-) TimerEvent: {}
[64.249455] (ei_whistle_cpp) StdoutLine: {'line': b'[ 18%] \x1b[32mBuilding CXX object CMakeFiles/whistle_node.dir/edge-impulse-sdk/tensorflow/lite/micro/kernels/arg_min_max.cc.o\x1b[0m\n'}
[64.332755] (-) TimerEvent: {}
[64.435260] (-) TimerEvent: {}
[64.537194] (-) TimerEvent: {}
[64.639452] (-) TimerEvent: {}
[64.741042] (-) TimerEvent: {}
[64.842749] (-) TimerEvent: {}
[64.944750] (-) TimerEvent: {}
[65.046607] (-) TimerEvent: {}
[65.148349] (-) TimerEvent: {}
[65.251802] (-) TimerEvent: {}
[65.356106] (-) TimerEvent: {}
[65.457921] (-) TimerEvent: {}
[65.559626] (-) TimerEvent: {}
[65.661382] (-) TimerEvent: {}
[65.763033] (-) TimerEvent: {}
[65.864647] (-) TimerEvent: {}
[65.966251] (-) TimerEvent: {}
[66.067919] (-) TimerEvent: {}
[66.169949] (-) TimerEvent: {}
[66.271649] (-) TimerEvent: {}
[66.373242] (-) TimerEvent: {}
[66.475012] (-) TimerEvent: {}
[66.576719] (-) TimerEvent: {}
[66.678469] (-) TimerEvent: {}
[66.780182] (-) TimerEvent: {}
[66.882018] (-) TimerEvent: {}
[66.983763] (-) TimerEvent: {}
[67.085338] (-) TimerEvent: {}
[67.186964] (-) TimerEvent: {}
[67.288520] (-) TimerEvent: {}
[67.391180] (-) TimerEvent: {}
[67.493857] (-) TimerEvent: {}
[67.596692] (-) TimerEvent: {}
[67.700221] (-) TimerEvent: {}
[67.802832] (-) TimerEvent: {}
[67.905434] (-) TimerEvent: {}
[68.011060] (-) TimerEvent: {}
[68.123093] (-) TimerEvent: {}
[68.224602] (-) TimerEvent: {}
[68.326701] (-) TimerEvent: {}
[68.428399] (-) TimerEvent: {}
[68.530241] (-) TimerEvent: {}
[68.632011] (-) TimerEvent: {}
[68.733892] (-) TimerEvent: {}
[68.836542] (-) TimerEvent: {}
[68.939040] (-) TimerEvent: {}
[69.040962] (-) TimerEvent: {}
[69.142837] (-) TimerEvent: {}
[69.244528] (-) TimerEvent: {}
[69.346156] (-) TimerEvent: {}
[69.447912] (-) TimerEvent: {}
[69.554771] (-) TimerEvent: {}
[69.656117] (-) TimerEvent: {}
[69.758513] (-) TimerEvent: {}
[69.861157] (-) TimerEvent: {}
[69.963679] (-) TimerEvent: {}
[70.066435] (-) TimerEvent: {}
[70.168924] (-) TimerEvent: {}
[70.271304] (-) TimerEvent: {}
[70.373895] (-) TimerEvent: {}
[70.477695] (-) TimerEvent: {}
[70.580337] (-) TimerEvent: {}
[70.683411] (-) TimerEvent: {}
[70.785860] (-) TimerEvent: {}
[70.888917] (-) TimerEvent: {}
[70.992028] (-) TimerEvent: {}
[71.096254] (-) TimerEvent: {}
[71.198840] (-) TimerEvent: {}
[71.304832] (-) TimerEvent: {}
[71.408687] (-) TimerEvent: {}
[71.503047] (ei_whistle_cpp) StdoutLine: {'line': b'[ 19%] \x1b[32mBuilding CXX object CMakeFiles/whistle_node.dir/edge-impulse-sdk/tensorflow/lite/micro/kernels/assign_variable.cc.o\x1b[0m\n'}
[71.508890] (-) TimerEvent: {}
[71.610398] (-) TimerEvent: {}
[71.712050] (-) TimerEvent: {}
[71.759198] (ei_whistle_cpp) StdoutLine: {'line': b'[ 19%] \x1b[32mBuilding CXX object CMakeFiles/whistle_node.dir/edge-impulse-sdk/tensorflow/lite/micro/kernels/batch_matmul.cc.o\x1b[0m\n'}
[71.812359] (-) TimerEvent: {}
[71.913894] (-) TimerEvent: {}
[72.015312] (-) TimerEvent: {}
[72.116978] (-) TimerEvent: {}
[72.135278] (ei_whistle_cpp) StdoutLine: {'line': b'[ 20%] \x1b[32mBuilding CXX object CMakeFiles/whistle_node.dir/edge-impulse-sdk/tensorflow/lite/micro/kernels/batch_to_space_nd.cc.o\x1b[0m\n'}
[72.217239] (-) TimerEvent: {}
[72.318688] (-) TimerEvent: {}
[72.420591] (-) TimerEvent: {}
[72.522012] (-) TimerEvent: {}
[72.623549] (-) TimerEvent: {}
[72.725023] (-) TimerEvent: {}
[72.827655] (-) TimerEvent: {}
[72.930061] (-) TimerEvent: {}
[73.033060] (-) TimerEvent: {}
[73.135377] (-) TimerEvent: {}
[73.237298] (-) TimerEvent: {}
[73.339273] (-) TimerEvent: {}
[73.441580] (-) TimerEvent: {}
[73.547148] (-) TimerEvent: {}
[73.650958] (-) TimerEvent: {}
[73.755051] (-) TimerEvent: {}
[73.857785] (-) TimerEvent: {}
[73.960371] (-) TimerEvent: {}
[74.066940] (-) TimerEvent: {}
[74.169594] (-) TimerEvent: {}
[74.272327] (-) TimerEvent: {}
[74.375258] (-) TimerEvent: {}
[74.478221] (-) TimerEvent: {}
[74.580568] (-) TimerEvent: {}
[74.596104] (ei_whistle_cpp) StdoutLine: {'line': b'[ 21%] \x1b[32mBuilding CXX object CMakeFiles/whistle_node.dir/edge-impulse-sdk/tensorflow/lite/micro/kernels/broadcast_args.cc.o\x1b[0m\n'}
[74.680834] (-) TimerEvent: {}
[74.782553] (-) TimerEvent: {}
[74.884011] (-) TimerEvent: {}
[74.985589] (-) TimerEvent: {}
[75.087248] (-) TimerEvent: {}
[75.188744] (-) TimerEvent: {}
[75.290509] (-) TimerEvent: {}
[75.392203] (-) TimerEvent: {}
[75.493814] (-) TimerEvent: {}
[75.595458] (-) TimerEvent: {}
[75.697098] (-) TimerEvent: {}
[75.798610] (-) TimerEvent: {}
[75.900277] (-) TimerEvent: {}
[76.002317] (-) TimerEvent: {}
[76.104013] (-) TimerEvent: {}
[76.205607] (-) TimerEvent: {}
[76.307282] (-) TimerEvent: {}
[76.417732] (-) TimerEvent: {}
[76.520215] (-) TimerEvent: {}
[76.623071] (-) TimerEvent: {}
[76.726567] (-) TimerEvent: {}
[76.829151] (-) TimerEvent: {}
[76.931757] (-) TimerEvent: {}
[77.034368] (-) TimerEvent: {}
[77.136865] (-) TimerEvent: {}
[77.238607] (-) TimerEvent: {}
[77.340373] (-) TimerEvent: {}
[77.441971] (-) TimerEvent: {}
[77.543849] (-) TimerEvent: {}
[77.645657] (-) TimerEvent: {}
[77.747238] (-) TimerEvent: {}
[77.849006] (-) TimerEvent: {}
[77.924255] (ei_whistle_cpp) StdoutLine: {'line': b'[ 21%] \x1b[32mBuilding CXX object CMakeFiles/whistle_node.dir/edge-impulse-sdk/tensorflow/lite/micro/kernels/broadcast_to.cc.o\x1b[0m\n'}
[77.949276] (-) TimerEvent: {}
[78.052064] (-) TimerEvent: {}
[78.154686] (-) TimerEvent: {}
[78.271121] (-) TimerEvent: {}
[78.373905] (-) TimerEvent: {}
[78.476351] (-) TimerEvent: {}
[78.578997] (-) TimerEvent: {}
[78.681642] (-) TimerEvent: {}
[78.784524] (-) TimerEvent: {}
[78.886693] (-) TimerEvent: {}
[78.988975] (-) TimerEvent: {}
[79.091111] (-) TimerEvent: {}
[79.193540] (-) TimerEvent: {}
[79.295132] (-) TimerEvent: {}
[79.396615] (-) TimerEvent: {}
[79.498970] (-) TimerEvent: {}
[79.603699] (-) TimerEvent: {}
[79.705368] (-) TimerEvent: {}
[79.807072] (-) TimerEvent: {}
[79.908998] (-) TimerEvent: {}
[80.010797] (-) TimerEvent: {}
[80.112700] (-) TimerEvent: {}
[80.214496] (-) TimerEvent: {}
[80.316146] (-) TimerEvent: {}
[80.417701] (-) TimerEvent: {}
[80.519881] (-) TimerEvent: {}
[80.621924] (-) TimerEvent: {}
[80.648865] (ei_whistle_cpp) StdoutLine: {'line': b'[ 22%] \x1b[32mBuilding CXX object CMakeFiles/whistle_node.dir/edge-impulse-sdk/tensorflow/lite/micro/kernels/call_once.cc.o\x1b[0m\n'}
[80.722243] (-) TimerEvent: {}
[80.792047] (ei_whistle_cpp) StdoutLine: {'line': b'[ 22%] \x1b[32mBuilding CXX object CMakeFiles/whistle_node.dir/edge-impulse-sdk/tensorflow/lite/micro/kernels/cast.cc.o\x1b[0m\n'}
[80.822527] (-) TimerEvent: {}
[80.924839] (-) TimerEvent: {}
[81.026763] (-) TimerEvent: {}
[81.128898] (-) TimerEvent: {}
[81.230917] (-) TimerEvent: {}
[81.332210] (-) TimerEvent: {}
[81.433646] (-) TimerEvent: {}
[81.535966] (-) TimerEvent: {}
[81.638019] (-) TimerEvent: {}
[81.740187] (-) TimerEvent: {}
[81.842607] (-) TimerEvent: {}
[81.945280] (-) TimerEvent: {}
[82.047860] (-) TimerEvent: {}
[82.151431] (-) TimerEvent: {}
[82.254305] (-) TimerEvent: {}
[82.356272] (-) TimerEvent: {}
[82.458388] (-) TimerEvent: {}
[82.560289] (-) TimerEvent: {}
[82.662223] (-) TimerEvent: {}
[82.764361] (-) TimerEvent: {}
[82.866231] (-) TimerEvent: {}
[82.968103] (-) TimerEvent: {}
[83.069825] (-) TimerEvent: {}
[83.171616] (-) TimerEvent: {}
[83.274299] (-) TimerEvent: {}
[83.376987] (-) TimerEvent: {}
[83.479792] (-) TimerEvent: {}
[83.582549] (-) TimerEvent: {}
[83.685167] (-) TimerEvent: {}
[83.787688] (-) TimerEvent: {}
[83.890313] (-) TimerEvent: {}
[83.992849] (-) TimerEvent: {}
[84.095616] (-) TimerEvent: {}
[84.198231] (-) TimerEvent: {}
[84.302242] (-) TimerEvent: {}
[84.406509] (-) TimerEvent: {}
[84.508304] (-) TimerEvent: {}
[84.610130] (-) TimerEvent: {}
[84.712349] (-) TimerEvent: {}
[84.814487] (-) TimerEvent: {}
[84.916489] (-) TimerEvent: {}
[85.018242] (-) TimerEvent: {}
[85.120172] (-) TimerEvent: {}
[85.222079] (-) TimerEvent: {}
[85.323899] (-) TimerEvent: {}
[85.425647] (-) TimerEvent: {}
[85.527511] (-) TimerEvent: {}
[85.629258] (-) TimerEvent: {}
[85.731044] (-) TimerEvent: {}
[85.833090] (-) TimerEvent: {}
[85.934792] (-) TimerEvent: {}
[86.036559] (-) TimerEvent: {}
[86.138194] (-) TimerEvent: {}
[86.240475] (-) TimerEvent: {}
[86.343327] (-) TimerEvent: {}
[86.393175] (ei_whistle_cpp) StdoutLine: {'line': b'[ 23%] \x1b[32mBuilding CXX object CMakeFiles/whistle_node.dir/edge-impulse-sdk/tensorflow/lite/micro/kernels/ceil.cc.o\x1b[0m\n'}
[86.443606] (-) TimerEvent: {}
[86.544745] (-) TimerEvent: {}
[86.645934] (-) TimerEvent: {}
[86.747074] (-) TimerEvent: {}
[86.848203] (-) TimerEvent: {}
[86.949449] (-) TimerEvent: {}
[87.050732] (-) TimerEvent: {}
[87.151880] (-) TimerEvent: {}
[87.252975] (-) TimerEvent: {}
[87.258335] (ei_whistle_cpp) StdoutLine: {'line': b'[ 24%] \x1b[32mBuilding CXX object CMakeFiles/whistle_node.dir/edge-impulse-sdk/tensorflow/lite/micro/kernels/circular_buffer.cc.o\x1b[0m\n'}
[87.353272] (-) TimerEvent: {}
[87.454341] (-) TimerEvent: {}
[87.555436] (-) TimerEvent: {}
[87.656503] (-) TimerEvent: {}
[87.757624] (-) TimerEvent: {}
[87.858877] (-) TimerEvent: {}
[87.959953] (-) TimerEvent: {}
[88.061039] (-) TimerEvent: {}
[88.162133] (-) TimerEvent: {}
[88.264319] (-) TimerEvent: {}
[88.366913] (-) TimerEvent: {}
[88.469109] (-) TimerEvent: {}
[88.570595] (-) TimerEvent: {}
[88.673008] (-) TimerEvent: {}
[88.774562] (-) TimerEvent: {}
[88.876292] (-) TimerEvent: {}
[88.977909] (-) TimerEvent: {}
[89.079741] (-) TimerEvent: {}
[89.181979] (-) TimerEvent: {}
[89.284312] (-) TimerEvent: {}
[89.386016] (-) TimerEvent: {}
[89.487676] (-) TimerEvent: {}
[89.589415] (-) TimerEvent: {}
[89.691286] (-) TimerEvent: {}
[89.793182] (-) TimerEvent: {}
[89.896181] (-) TimerEvent: {}
[89.997981] (-) TimerEvent: {}
[90.099946] (-) TimerEvent: {}
[90.201646] (-) TimerEvent: {}
[90.303587] (-) TimerEvent: {}
[90.405665] (-) TimerEvent: {}
[90.527050] (-) TimerEvent: {}
[90.635092] (-) TimerEvent: {}
[90.736667] (-) TimerEvent: {}
[90.839071] (-) TimerEvent: {}
[90.940974] (-) TimerEvent: {}
[91.042991] (-) TimerEvent: {}
[91.056187] (ei_whistle_cpp) StdoutLine: {'line': b'[ 24%] \x1b[32mBuilding CXX object CMakeFiles/whistle_node.dir/edge-impulse-sdk/tensorflow/lite/micro/kernels/circular_buffer_common.cc.o\x1b[0m\n'}
[91.143305] (-) TimerEvent: {}
[91.244948] (-) TimerEvent: {}
[91.346748] (-) TimerEvent: {}
[91.448628] (-) TimerEvent: {}
[91.550157] (-) TimerEvent: {}
[91.651717] (-) TimerEvent: {}
[91.753211] (-) TimerEvent: {}
[91.854867] (-) TimerEvent: {}
[91.956361] (-) TimerEvent: {}
[92.057805] (-) TimerEvent: {}
[92.159488] (-) TimerEvent: {}
[92.260997] (-) TimerEvent: {}
[92.362444] (-) TimerEvent: {}
[92.464042] (-) TimerEvent: {}
[92.567530] (-) TimerEvent: {}
[92.669145] (-) TimerEvent: {}
[92.770801] (-) TimerEvent: {}
[92.778916] (ei_whistle_cpp) StdoutLine: {'line': b'[ 25%] \x1b[32mBuilding CXX object CMakeFiles/whistle_node.dir/edge-impulse-sdk/tensorflow/lite/micro/kernels/comparisons.cc.o\x1b[0m\n'}
[92.871031] (-) TimerEvent: {}
[92.973715] (-) TimerEvent: {}
[93.075592] (-) TimerEvent: {}
[93.177769] (-) TimerEvent: {}
[93.280506] (-) TimerEvent: {}
[93.382605] (-) TimerEvent: {}
[93.485365] (-) TimerEvent: {}
[93.587384] (-) TimerEvent: {}
[93.688981] (-) TimerEvent: {}
[93.790610] (-) TimerEvent: {}
[93.888883] (ei_whistle_cpp) StdoutLine: {'line': b'[ 25%] \x1b[32mBuilding CXX object CMakeFiles/whistle_node.dir/edge-impulse-sdk/tensorflow/lite/micro/kernels/complex_abs.cc.o\x1b[0m\n'}
[93.892627] (-) TimerEvent: {}
[93.994212] (-) TimerEvent: {}
[94.095649] (-) TimerEvent: {}
[94.197268] (-) TimerEvent: {}
[94.298908] (-) TimerEvent: {}
[94.404148] (-) TimerEvent: {}
[94.505276] (-) TimerEvent: {}
[94.607152] (-) TimerEvent: {}
[94.708744] (-) TimerEvent: {}
[94.810298] (-) TimerEvent: {}
[94.912083] (-) TimerEvent: {}
[95.013677] (-) TimerEvent: {}
[95.115196] (-) TimerEvent: {}
[95.223715] (-) TimerEvent: {}
[95.326264] (-) TimerEvent: {}
[95.437457] (-) TimerEvent: {}
[95.540227] (-) TimerEvent: {}
[95.642892] (-) TimerEvent: {}
[95.746307] (-) TimerEvent: {}
[95.848837] (-) TimerEvent: {}
[95.952448] (-) TimerEvent: {}
[96.054791] (-) TimerEvent: {}
[96.157197] (-) TimerEvent: {}
[96.259712] (-) TimerEvent: {}
[96.362220] (-) TimerEvent: {}
[96.464807] (-) TimerEvent: {}
[96.567333] (-) TimerEvent: {}
[96.670313] (-) TimerEvent: {}
[96.772923] (-) TimerEvent: {}
[96.875410] (-) TimerEvent: {}
[96.977904] (-) TimerEvent: {}
[97.080418] (-) TimerEvent: {}
[97.183055] (-) TimerEvent: {}
[97.237808] (ei_whistle_cpp) StdoutLine: {'line': b'[ 26%] \x1b[32mBuilding CXX object CMakeFiles/whistle_node.dir/edge-impulse-sdk/tensorflow/lite/micro/kernels/concatenation.cc.o\x1b[0m\n'}
[97.283309] (-) TimerEvent: {}
[97.385920] (-) TimerEvent: {}
[97.488708] (-) TimerEvent: {}
[97.590910] (-) TimerEvent: {}
[97.693624] (-) TimerEvent: {}
[97.796022] (-) TimerEvent: {}
[97.898627] (-) TimerEvent: {}
[98.001163] (-) TimerEvent: {}
[98.103746] (-) TimerEvent: {}
[98.206044] (-) TimerEvent: {}
[98.308448] (-) TimerEvent: {}
[98.410662] (-) TimerEvent: {}
[98.512846] (-) TimerEvent: {}
[98.615393] (-) TimerEvent: {}
[98.719878] (-) TimerEvent: {}
[98.822454] (-) TimerEvent: {}
[98.924986] (-) TimerEvent: {}
[99.027643] (-) TimerEvent: {}
[99.130259] (-) TimerEvent: {}
[99.232714] (-) TimerEvent: {}
[99.335204] (-) TimerEvent: {}
[99.438295] (-) TimerEvent: {}
[99.540173] (-) TimerEvent: {}
[99.642157] (-) TimerEvent: {}
[99.744139] (-) TimerEvent: {}
[99.845982] (-) TimerEvent: {}
[99.947767] (-) TimerEvent: {}
[100.049428] (-) TimerEvent: {}
[100.151178] (-) TimerEvent: {}
[100.253174] (-) TimerEvent: {}
[100.354784] (-) TimerEvent: {}
[100.456548] (-) TimerEvent: {}
[100.558179] (-) TimerEvent: {}
[100.660064] (-) TimerEvent: {}
[100.726707] (ei_whistle_cpp) StdoutLine: {'line': b'[ 27%] \x1b[32mBuilding CXX object CMakeFiles/whistle_node.dir/edge-impulse-sdk/tensorflow/lite/micro/kernels/conv.cc.o\x1b[0m\n'}
[100.760317] (-) TimerEvent: {}
[100.862900] (-) TimerEvent: {}
[100.965045] (-) TimerEvent: {}
[101.067423] (-) TimerEvent: {}
[101.169676] (-) TimerEvent: {}
[101.271853] (-) TimerEvent: {}
[101.374318] (-) TimerEvent: {}
[101.477816] (-) TimerEvent: {}
[101.581202] (-) TimerEvent: {}
[101.684057] (-) TimerEvent: {}
[101.689312] (ei_whistle_cpp) StdoutLine: {'line': b'[ 27%] \x1b[32mBuilding CXX object CMakeFiles/whistle_node.dir/edge-impulse-sdk/tensorflow/lite/micro/kernels/conv_common.cc.o\x1b[0m\n'}
[101.784298] (-) TimerEvent: {}
[101.885941] (-) TimerEvent: {}
[101.987447] (-) TimerEvent: {}
[102.089150] (-) TimerEvent: {}
[102.190798] (-) TimerEvent: {}
[102.292913] (-) TimerEvent: {}
[102.395804] (-) TimerEvent: {}
[102.498457] (-) TimerEvent: {}
[102.602295] (-) TimerEvent: {}
[102.704579] (-) TimerEvent: {}
[102.785019] (ei_whistle_cpp) StdoutLine: {'line': b'[ 28%] \x1b[32mBuilding CXX object CMakeFiles/whistle_node.dir/edge-impulse-sdk/tensorflow/lite/micro/kernels/cumsum.cc.o\x1b[0m\n'}
[102.804793] (-) TimerEvent: {}
[102.905920] (-) TimerEvent: {}
[103.007105] (-) TimerEvent: {}
[103.109551] (-) TimerEvent: {}
[103.212549] (-) TimerEvent: {}
[103.315572] (-) TimerEvent: {}
[103.418263] (-) TimerEvent: {}
[103.521044] (-) TimerEvent: {}
[103.623814] (-) TimerEvent: {}
[103.726690] (-) TimerEvent: {}
[103.829208] (-) TimerEvent: {}
[103.930972] (-) TimerEvent: {}
[104.033355] (-) TimerEvent: {}
[104.135087] (-) TimerEvent: {}
[104.236822] (-) TimerEvent: {}
[104.338267] (-) TimerEvent: {}
[104.439888] (-) TimerEvent: {}
[104.541960] (-) TimerEvent: {}
[104.643856] (-) TimerEvent: {}
[104.745640] (-) TimerEvent: {}
[104.847658] (-) TimerEvent: {}
[104.949211] (-) TimerEvent: {}
[105.050856] (-) TimerEvent: {}
[105.152569] (-) TimerEvent: {}
[105.254179] (-) TimerEvent: {}
[105.355817] (-) TimerEvent: {}
[105.457489] (-) TimerEvent: {}
[105.559135] (-) TimerEvent: {}
[105.660885] (-) TimerEvent: {}
[105.762602] (-) TimerEvent: {}
[105.864646] (-) TimerEvent: {}
[105.963176] (ei_whistle_cpp) StdoutLine: {'line': b'[ 28%] \x1b[32mBuilding CXX object CMakeFiles/whistle_node.dir/edge-impulse-sdk/tensorflow/lite/micro/kernels/depth_to_space.cc.o\x1b[0m\n'}
[105.967012] (-) TimerEvent: {}
[106.069231] (-) TimerEvent: {}
[106.171335] (-) TimerEvent: {}
[106.273593] (-) TimerEvent: {}
[106.375889] (-) TimerEvent: {}
[106.478377] (-) TimerEvent: {}
[106.589011] (-) TimerEvent: {}
[106.690571] (-) TimerEvent: {}
[106.792147] (-) TimerEvent: {}
[106.845873] (ei_whistle_cpp) StdoutLine: {'line': b'[ 29%] \x1b[32mBuilding CXX object CMakeFiles/whistle_node.dir/edge-impulse-sdk/tensorflow/lite/micro/kernels/depthwise_conv.cc.o\x1b[0m\n'}
[106.892395] (-) TimerEvent: {}
[106.993994] (-) TimerEvent: {}
[107.095681] (-) TimerEvent: {}
[107.197958] (-) TimerEvent: {}
[107.300456] (-) TimerEvent: {}
[107.403531] (-) TimerEvent: {}
[107.506129] (-) TimerEvent: {}
[107.608922] (-) TimerEvent: {}
[107.711545] (-) TimerEvent: {}
[107.814020] (-) TimerEvent: {}
[107.916466] (-) TimerEvent: {}
[108.018130] (-) TimerEvent: {}
[108.120505] (-) TimerEvent: {}
[108.223105] (-) TimerEvent: {}
[108.325777] (-) TimerEvent: {}
[108.429425] (-) TimerEvent: {}
[108.531823] (-) TimerEvent: {}
[108.634944] (-) TimerEvent: {}
[108.737454] (-) TimerEvent: {}
[108.840250] (-) TimerEvent: {}
[108.942761] (-) TimerEvent: {}
[109.045268] (-) TimerEvent: {}
[109.148189] (-) TimerEvent: {}
[109.253747] (-) TimerEvent: {}
[109.356561] (-) TimerEvent: {}
[109.458414] (-) TimerEvent: {}
[109.560896] (-) TimerEvent: {}
[109.663071] (-) TimerEvent: {}
[109.764794] (-) TimerEvent: {}
[109.866551] (-) TimerEvent: {}
[109.968354] (-) TimerEvent: {}
[110.070016] (-) TimerEvent: {}
[110.098783] (ei_whistle_cpp) StdoutLine: {'line': b'[ 30%] \x1b[32mBuilding CXX object CMakeFiles/whistle_node.dir/edge-impulse-sdk/tensorflow/lite/micro/kernels/depthwise_conv_common.cc.o\x1b[0m\n'}
[110.170300] (-) TimerEvent: {}
[110.271985] (-) TimerEvent: {}
[110.373815] (-) TimerEvent: {}
[110.476081] (-) TimerEvent: {}
[110.578347] (-) TimerEvent: {}
[110.680684] (-) TimerEvent: {}
[110.782969] (-) TimerEvent: {}
[110.885024] (-) TimerEvent: {}
[110.896222] (ei_whistle_cpp) StdoutLine: {'line': b'[ 30%] \x1b[32mBuilding CXX object CMakeFiles/whistle_node.dir/edge-impulse-sdk/tensorflow/lite/micro/kernels/dequantize.cc.o\x1b[0m\n'}
[110.985296] (-) TimerEvent: {}
[111.087453] (-) TimerEvent: {}
[111.189529] (-) TimerEvent: {}
[111.239196] (ei_whistle_cpp) StdoutLine: {'line': b'[ 31%] \x1b[32mBuilding CXX object CMakeFiles/whistle_node.dir/edge-impulse-sdk/tensorflow/lite/micro/kernels/dequantize_common.cc.o\x1b[0m\n'}
[111.289776] (-) TimerEvent: {}
[111.391809] (-) TimerEvent: {}
[111.493652] (-) TimerEvent: {}
[111.603967] (-) TimerEvent: {}
[111.705800] (-) TimerEvent: {}
[111.807955] (-) TimerEvent: {}
[111.910042] (-) TimerEvent: {}
[112.012101] (-) TimerEvent: {}
[112.113976] (-) TimerEvent: {}
[112.216249] (-) TimerEvent: {}
[112.318544] (-) TimerEvent: {}
[112.421180] (-) TimerEvent: {}
[112.524548] (-) TimerEvent: {}
[112.626985] (-) TimerEvent: {}
[112.729338] (-) TimerEvent: {}
[112.832035] (-) TimerEvent: {}
[112.934683] (-) TimerEvent: {}
[113.043082] (-) TimerEvent: {}
[113.145377] (-) TimerEvent: {}
[113.247041] (-) TimerEvent: {}
[113.349744] (-) TimerEvent: {}
[113.452386] (-) TimerEvent: {}
[113.555020] (-) TimerEvent: {}
[113.657702] (-) TimerEvent: {}
[113.759271] (-) TimerEvent: {}
[113.860820] (-) TimerEvent: {}
[113.962354] (-) TimerEvent: {}
[114.063916] (-) TimerEvent: {}
[114.165724] (-) TimerEvent: {}
[114.267417] (-) TimerEvent: {}
[114.369352] (-) TimerEvent: {}
[114.471794] (-) TimerEvent: {}
[114.574344] (-) TimerEvent: {}
[114.676478] (-) TimerEvent: {}
[114.777980] (-) TimerEvent: {}
[114.879829] (-) TimerEvent: {}
[114.981468] (-) TimerEvent: {}
[115.083249] (-) TimerEvent: {}
[115.162540] (ei_whistle_cpp) StdoutLine: {'line': b'[ 31%] \x1b[32mBuilding CXX object CMakeFiles/whistle_node.dir/edge-impulse-sdk/tensorflow/lite/micro/kernels/detection_postprocess.cc.o\x1b[0m\n'}
[115.183489] (-) TimerEvent: {}
[115.284917] (-) TimerEvent: {}
[115.386425] (-) TimerEvent: {}
[115.487866] (-) TimerEvent: {}
[115.589421] (-) TimerEvent: {}
[115.691049] (-) TimerEvent: {}
[115.792593] (-) TimerEvent: {}
[115.894124] (-) TimerEvent: {}
[115.995875] (-) TimerEvent: {}
[116.097995] (-) TimerEvent: {}
[116.199482] (-) TimerEvent: {}
[116.301501] (-) TimerEvent: {}
[116.403160] (-) TimerEvent: {}
[116.504698] (-) TimerEvent: {}
[116.606196] (-) TimerEvent: {}
[116.708038] (-) TimerEvent: {}
[116.810001] (-) TimerEvent: {}
[116.911916] (-) TimerEvent: {}
[117.013658] (-) TimerEvent: {}
[117.115717] (-) TimerEvent: {}
[117.217306] (-) TimerEvent: {}
[117.318935] (-) TimerEvent: {}
[117.420416] (-) TimerEvent: {}
[117.521997] (-) TimerEvent: {}
[117.623795] (-) TimerEvent: {}
[117.725378] (-) TimerEvent: {}
[117.826899] (-) TimerEvent: {}
[117.928517] (-) TimerEvent: {}
[118.031045] (-) TimerEvent: {}
[118.132271] (-) TimerEvent: {}
[118.234745] (-) TimerEvent: {}
[118.337228] (-) TimerEvent: {}
[118.403358] (ei_whistle_cpp) StdoutLine: {'line': b'[ 32%] \x1b[32mBuilding CXX object CMakeFiles/whistle_node.dir/edge-impulse-sdk/tensorflow/lite/micro/kernels/div.cc.o\x1b[0m\n'}
[118.437750] (-) TimerEvent: {}
[118.540811] (-) TimerEvent: {}
[118.643072] (-) TimerEvent: {}
[118.657251] (ei_whistle_cpp) StdoutLine: {'line': b'[ 33%] \x1b[32mBuilding CXX object CMakeFiles/whistle_node.dir/edge-impulse-sdk/tensorflow/lite/micro/kernels/elementwise.cc.o\x1b[0m\n'}
[118.743296] (-) TimerEvent: {}
[118.845220] (-) TimerEvent: {}
[118.946790] (-) TimerEvent: {}
[118.972209] (ei_whistle_cpp) StdoutLine: {'line': b'[ 33%] \x1b[32mBuilding CXX object CMakeFiles/whistle_node.dir/edge-impulse-sdk/tensorflow/lite/micro/kernels/elu.cc.o\x1b[0m\n'}
[119.047112] (-) TimerEvent: {}
[119.148854] (-) TimerEvent: {}
[119.250251] (-) TimerEvent: {}
[119.351674] (-) TimerEvent: {}
[119.454044] (-) TimerEvent: {}
[119.555561] (-) TimerEvent: {}
[119.656976] (-) TimerEvent: {}
[119.758426] (-) TimerEvent: {}
[119.859891] (-) TimerEvent: {}
[119.961427] (-) TimerEvent: {}
[120.063075] (-) TimerEvent: {}
[120.164783] (-) TimerEvent: {}
[120.266299] (-) TimerEvent: {}
[120.368030] (-) TimerEvent: {}
[120.469813] (-) TimerEvent: {}
[120.571646] (-) TimerEvent: {}
[120.673335] (-) TimerEvent: {}
[120.775055] (-) TimerEvent: {}
[120.876992] (-) TimerEvent: {}
[120.978890] (-) TimerEvent: {}
[121.080586] (-) TimerEvent: {}
[121.182205] (-) TimerEvent: {}
[121.283972] (-) TimerEvent: {}
[121.385537] (-) TimerEvent: {}
[121.487274] (-) TimerEvent: {}
[121.588900] (-) TimerEvent: {}
[121.699031] (-) TimerEvent: {}
[121.804144] (-) TimerEvent: {}
[121.906688] (-) TimerEvent: {}
[122.009245] (-) TimerEvent: {}
[122.111855] (-) TimerEvent: {}
[122.214739] (-) TimerEvent: {}
[122.316602] (-) TimerEvent: {}
[122.418485] (-) TimerEvent: {}
[122.520132] (-) TimerEvent: {}
[122.621870] (-) TimerEvent: {}
[122.723700] (-) TimerEvent: {}
[122.825394] (-) TimerEvent: {}
[122.927054] (-) TimerEvent: {}
[123.039078] (-) TimerEvent: {}
[123.140179] (-) TimerEvent: {}
[123.242644] (-) TimerEvent: {}
[123.344325] (-) TimerEvent: {}
[123.445846] (-) TimerEvent: {}
[123.547549] (-) TimerEvent: {}
[123.649406] (-) TimerEvent: {}
[123.751053] (-) TimerEvent: {}
[123.852662] (-) TimerEvent: {}
[123.954434] (-) TimerEvent: {}
[124.056118] (-) TimerEvent: {}
[124.157989] (-) TimerEvent: {}
[124.259644] (-) TimerEvent: {}
[124.361327] (-) TimerEvent: {}
[124.463128] (-) TimerEvent: {}
[124.565918] (-) TimerEvent: {}
[124.667879] (-) TimerEvent: {}
[124.743049] (ei_whistle_cpp) StdoutLine: {'line': b'[ 34%] \x1b[32mBuilding CXX object CMakeFiles/whistle_node.dir/edge-impulse-sdk/tensorflow/lite/micro/kernels/ethosu.cc.o\x1b[0m\n'}
[124.768107] (-) TimerEvent: {}
[124.870605] (-) TimerEvent: {}
[124.973114] (-) TimerEvent: {}
[125.075351] (-) TimerEvent: {}
[125.128972] (ei_whistle_cpp) StdoutLine: {'line': b'[ 34%] \x1b[32mBuilding CXX object CMakeFiles/whistle_node.dir/edge-impulse-sdk/tensorflow/lite/micro/kernels/exp.cc.o\x1b[0m\n'}
[125.175601] (-) TimerEvent: {}
[125.278038] (-) TimerEvent: {}
[125.381000] (-) TimerEvent: {}
[125.482465] (-) TimerEvent: {}
[125.583976] (-) TimerEvent: {}
[125.685392] (-) TimerEvent: {}
[125.787342] (-) TimerEvent: {}
[125.888788] (-) TimerEvent: {}
[125.990426] (-) TimerEvent: {}
[126.091923] (-) TimerEvent: {}
[126.193474] (-) TimerEvent: {}
[126.295073] (-) TimerEvent: {}
[126.396748] (-) TimerEvent: {}
[126.498469] (-) TimerEvent: {}
[126.600130] (-) TimerEvent: {}
[126.712347] (-) TimerEvent: {}
[126.755976] (ei_whistle_cpp) StdoutLine: {'line': b'[ 35%] \x1b[32mBuilding CXX object CMakeFiles/whistle_node.dir/edge-impulse-sdk/tensorflow/lite/micro/kernels/expand_dims.cc.o\x1b[0m\n'}
[126.812650] (-) TimerEvent: {}
[126.915655] (-) TimerEvent: {}
[127.017821] (-) TimerEvent: {}
[127.120148] (-) TimerEvent: {}
[127.222669] (-) TimerEvent: {}
[127.324816] (-) TimerEvent: {}
[127.389789] (ei_whistle_cpp) StdoutLine: {'line': b'[ 36%] \x1b[32mBuilding CXX object CMakeFiles/whistle_node.dir/edge-impulse-sdk/tensorflow/lite/micro/kernels/fill.cc.o\x1b[0m\n'}
[127.425064] (-) TimerEvent: {}
[127.526558] (-) TimerEvent: {}
[127.628039] (-) TimerEvent: {}
[127.729670] (-) TimerEvent: {}
[127.831391] (-) TimerEvent: {}
[127.933124] (-) TimerEvent: {}
[128.034620] (-) TimerEvent: {}
[128.136908] (-) TimerEvent: {}
[128.239574] (-) TimerEvent: {}
[128.342005] (-) TimerEvent: {}
[128.444319] (-) TimerEvent: {}
[128.546958] (-) TimerEvent: {}
[128.649341] (-) TimerEvent: {}
[128.751774] (-) TimerEvent: {}
[128.853274] (-) TimerEvent: {}
[128.954989] (-) TimerEvent: {}
[129.056792] (-) TimerEvent: {}
[129.158457] (-) TimerEvent: {}
[129.260281] (-) TimerEvent: {}
[129.362498] (-) TimerEvent: {}
[129.465700] (-) TimerEvent: {}
[129.573134] (-) TimerEvent: {}
[129.674898] (-) TimerEvent: {}
[129.776701] (-) TimerEvent: {}
[129.834930] (ei_whistle_cpp) StdoutLine: {'line': b'[ 36%] \x1b[32mBuilding CXX object CMakeFiles/whistle_node.dir/edge-impulse-sdk/tensorflow/lite/micro/kernels/floor.cc.o\x1b[0m\n'}
[129.877088] (-) TimerEvent: {}
[129.979129] (-) TimerEvent: {}
[130.080706] (-) TimerEvent: {}
[130.182279] (-) TimerEvent: {}
[130.283930] (-) TimerEvent: {}
[130.386129] (-) TimerEvent: {}
[130.487605] (-) TimerEvent: {}
[130.589265] (-) TimerEvent: {}
[130.690847] (-) TimerEvent: {}
[130.792356] (-) TimerEvent: {}
[130.894182] (-) TimerEvent: {}
[130.995843] (-) TimerEvent: {}
[131.097435] (-) TimerEvent: {}
[131.199040] (-) TimerEvent: {}
[131.300638] (-) TimerEvent: {}
[131.356900] (ei_whistle_cpp) StdoutLine: {'line': b'[ 37%] \x1b[32mBuilding CXX object CMakeFiles/whistle_node.dir/edge-impulse-sdk/tensorflow/lite/micro/kernels/floor_div.cc.o\x1b[0m\n'}
[131.400919] (-) TimerEvent: {}
[131.502699] (-) TimerEvent: {}
[131.604466] (-) TimerEvent: {}
[131.713795] (-) TimerEvent: {}
[131.816398] (-) TimerEvent: {}
[131.918972] (-) TimerEvent: {}
[132.021784] (-) TimerEvent: {}
[132.124550] (-) TimerEvent: {}
[132.227284] (-) TimerEvent: {}
[132.330019] (-) TimerEvent: {}
[132.432780] (-) TimerEvent: {}
[132.534314] (-) TimerEvent: {}
[132.635815] (-) TimerEvent: {}
[132.737570] (-) TimerEvent: {}
[132.840297] (-) TimerEvent: {}
[132.942065] (-) TimerEvent: {}
[133.047038] (-) TimerEvent: {}
[133.148746] (-) TimerEvent: {}
[133.250064] (-) TimerEvent: {}
[133.352863] (ei_whistle_cpp) StdoutLine: {'line': b'[ 37%] \x1b[32mBuilding CXX object CMakeFiles/whistle_node.dir/edge-impulse-sdk/tensorflow/lite/micro/kernels/floor_mod.cc.o\x1b[0m\n'}
[133.357026] (-) TimerEvent: {}
[133.459918] (-) TimerEvent: {}
[133.513703] (ei_whistle_cpp) StdoutLine: {'line': b'[ 38%] \x1b[32mBuilding CXX object CMakeFiles/whistle_node.dir/edge-impulse-sdk/tensorflow/lite/micro/kernels/fully_connected.cc.o\x1b[0m\n'}
[133.560248] (-) TimerEvent: {}
[133.661439] (-) TimerEvent: {}
[133.762533] (-) TimerEvent: {}
[133.863769] (-) TimerEvent: {}
[133.964929] (-) TimerEvent: {}
[134.066075] (-) TimerEvent: {}
[134.168290] (-) TimerEvent: {}
[134.269476] (-) TimerEvent: {}
[134.370569] (-) TimerEvent: {}
[134.473185] (-) TimerEvent: {}
[134.575007] (-) TimerEvent: {}
[134.676847] (-) TimerEvent: {}
[134.779634] (-) TimerEvent: {}
[134.881018] (-) TimerEvent: {}
[134.982444] (-) TimerEvent: {}
[135.084064] (-) TimerEvent: {}
[135.185772] (-) TimerEvent: {}
[135.287567] (-) TimerEvent: {}
[135.390423] (-) TimerEvent: {}
[135.442352] (ei_whistle_cpp) StdoutLine: {'line': b'[ 39%] \x1b[32mBuilding CXX object CMakeFiles/whistle_node.dir/edge-impulse-sdk/tensorflow/lite/micro/kernels/fully_connected_common.cc.o\x1b[0m\n'}
[135.490691] (-) TimerEvent: {}
[135.593353] (-) TimerEvent: {}
[135.695535] (-) TimerEvent: {}
[135.797764] (-) TimerEvent: {}
[135.899948] (-) TimerEvent: {}
[136.002356] (-) TimerEvent: {}
[136.104677] (-) TimerEvent: {}
[136.207061] (-) TimerEvent: {}
[136.309175] (-) TimerEvent: {}
[136.411533] (-) TimerEvent: {}
[136.513004] (-) TimerEvent: {}
[136.614536] (-) TimerEvent: {}
[136.716844] (-) TimerEvent: {}
[136.819088] (-) TimerEvent: {}
[136.921584] (-) TimerEvent: {}
[137.025041] (-) TimerEvent: {}
[137.127424] (-) TimerEvent: {}
[137.229868] (-) TimerEvent: {}
[137.332650] (-) TimerEvent: {}
[137.435682] (-) TimerEvent: {}
[137.538364] (-) TimerEvent: {}
[137.640222] (-) TimerEvent: {}
[137.741895] (-) TimerEvent: {}
[137.843856] (-) TimerEvent: {}
[137.945787] (-) TimerEvent: {}
[138.047622] (-) TimerEvent: {}
[138.151663] (-) TimerEvent: {}
[138.253097] (-) TimerEvent: {}
[138.354960] (-) TimerEvent: {}
[138.456951] (-) TimerEvent: {}
[138.559011] (-) TimerEvent: {}
[138.661255] (-) TimerEvent: {}
[138.763122] (-) TimerEvent: {}
[138.864845] (-) TimerEvent: {}
[138.966751] (-) TimerEvent: {}
[139.068799] (-) TimerEvent: {}
[139.170952] (-) TimerEvent: {}
[139.272612] (-) TimerEvent: {}
[139.374231] (-) TimerEvent: {}
[139.476423] (-) TimerEvent: {}
[139.578235] (-) TimerEvent: {}
[139.680203] (-) TimerEvent: {}
[139.781992] (-) TimerEvent: {}
[139.887631] (-) TimerEvent: {}
[139.989244] (-) TimerEvent: {}
[140.090887] (-) TimerEvent: {}
[140.192335] (-) TimerEvent: {}
[140.219148] (ei_whistle_cpp) StdoutLine: {'line': b'[ 39%] \x1b[32mBuilding CXX object CMakeFiles/whistle_node.dir/edge-impulse-sdk/tensorflow/lite/micro/kernels/gather.cc.o\x1b[0m\n'}
[140.292616] (-) TimerEvent: {}
[140.394245] (-) TimerEvent: {}
[140.496118] (-) TimerEvent: {}
[140.597628] (-) TimerEvent: {}
[140.699749] (-) TimerEvent: {}
[140.801250] (-) TimerEvent: {}
[140.903053] (-) TimerEvent: {}
[141.005251] (-) TimerEvent: {}
[141.107473] (-) TimerEvent: {}
[141.209684] (-) TimerEvent: {}
[141.304398] (ei_whistle_cpp) StdoutLine: {'line': b'[ 40%] \x1b[32mBuilding CXX object CMakeFiles/whistle_node.dir/edge-impulse-sdk/tensorflow/lite/micro/kernels/gather_nd.cc.o\x1b[0m\n'}
[141.309951] (-) TimerEvent: {}
[141.412386] (-) TimerEvent: {}
[141.514192] (-) TimerEvent: {}
[141.559788] (ei_whistle_cpp) StdoutLine: {'line': b'[ 40%] \x1b[32mBuilding CXX object CMakeFiles/whistle_node.dir/edge-impulse-sdk/tensorflow/lite/micro/kernels/hard_swish.cc.o\x1b[0m\n'}
[141.614841] (-) TimerEvent: {}
[141.724487] (-) TimerEvent: {}
[141.826025] (-) TimerEvent: {}
[141.928417] (-) TimerEvent: {}
[142.030388] (-) TimerEvent: {}
[142.132124] (-) TimerEvent: {}
[142.233875] (-) TimerEvent: {}
[142.335787] (-) TimerEvent: {}
[142.437615] (-) TimerEvent: {}
[142.539576] (-) TimerEvent: {}
[142.641430] (-) TimerEvent: {}
[142.743295] (-) TimerEvent: {}
[142.845312] (-) TimerEvent: {}
[142.947685] (-) TimerEvent: {}
[143.050490] (-) TimerEvent: {}
[143.155051] (-) TimerEvent: {}
[143.256845] (-) TimerEvent: {}
[143.358564] (-) TimerEvent: {}
[143.427557] (ei_whistle_cpp) StdoutLine: {'line': b'[ 41%] \x1b[32mBuilding CXX object CMakeFiles/whistle_node.dir/edge-impulse-sdk/tensorflow/lite/micro/kernels/hard_swish_common.cc.o\x1b[0m\n'}
[143.458892] (-) TimerEvent: {}
[143.561348] (-) TimerEvent: {}
[143.663627] (-) TimerEvent: {}
[143.765969] (-) TimerEvent: {}
[143.867501] (-) TimerEvent: {}
[143.969072] (-) TimerEvent: {}
[144.070687] (-) TimerEvent: {}
[144.172336] (-) TimerEvent: {}
[144.273925] (-) TimerEvent: {}
[144.375467] (-) TimerEvent: {}
[144.478105] (-) TimerEvent: {}
[144.580550] (-) TimerEvent: {}
[144.682316] (-) TimerEvent: {}
[144.783802] (-) TimerEvent: {}
[144.885592] (-) TimerEvent: {}
[144.987203] (-) TimerEvent: {}
[145.088847] (-) TimerEvent: {}
[145.190513] (-) TimerEvent: {}
[145.292243] (-) TimerEvent: {}
[145.393935] (-) TimerEvent: {}
[145.495727] (-) TimerEvent: {}
[145.597405] (-) TimerEvent: {}
[145.699520] (-) TimerEvent: {}
[145.801517] (-) TimerEvent: {}
[145.903183] (-) TimerEvent: {}
[146.004831] (-) TimerEvent: {}
[146.107315] (-) TimerEvent: {}
[146.146674] (ei_whistle_cpp) StdoutLine: {'line': b'[ 42%] \x1b[32mBuilding CXX object CMakeFiles/whistle_node.dir/edge-impulse-sdk/tensorflow/lite/micro/kernels/if.cc.o\x1b[0m\n'}
[146.207610] (-) TimerEvent: {}
[146.309261] (-) TimerEvent: {}
[146.411336] (-) TimerEvent: {}
[146.512926] (-) TimerEvent: {}
[146.614634] (-) TimerEvent: {}
[146.716533] (-) TimerEvent: {}
[146.824960] (-) TimerEvent: {}
[146.907170] (ei_whistle_cpp) StdoutLine: {'line': b'[ 42%] \x1b[32mBuilding CXX object CMakeFiles/whistle_node.dir/edge-impulse-sdk/tensorflow/lite/micro/kernels/kernel_runner.cc.o\x1b[0m\n'}
[146.925179] (-) TimerEvent: {}
[147.026857] (-) TimerEvent: {}
[147.128430] (-) TimerEvent: {}
[147.230150] (-) TimerEvent: {}
[147.331695] (-) TimerEvent: {}
[147.433348] (-) TimerEvent: {}
[147.535126] (-) TimerEvent: {}
[147.637010] (-) TimerEvent: {}
[147.738848] (-) TimerEvent: {}
[147.840514] (-) TimerEvent: {}
[147.942258] (-) TimerEvent: {}
[148.044371] (-) TimerEvent: {}
[148.145861] (-) TimerEvent: {}
[148.248730] (-) TimerEvent: {}
[148.353004] (-) TimerEvent: {}
[148.456293] (-) TimerEvent: {}
[148.558655] (-) TimerEvent: {}
[148.661210] (-) TimerEvent: {}
[148.763628] (-) TimerEvent: {}
[148.866401] (-) TimerEvent: {}
[148.967998] (-) TimerEvent: {}
[149.069690] (-) TimerEvent: {}
[149.171623] (-) TimerEvent: {}
[149.273622] (-) TimerEvent: {}
[149.376959] (-) TimerEvent: {}
[149.479770] (-) TimerEvent: {}
[149.582646] (-) TimerEvent: {}
[149.684688] (-) TimerEvent: {}
[149.786895] (-) TimerEvent: {}
[149.888678] (-) TimerEvent: {}
[149.990758] (-) TimerEvent: {}
[150.092721] (-) TimerEvent: {}
[150.198077] (-) TimerEvent: {}
[150.304551] (-) TimerEvent: {}
[150.409215] (-) TimerEvent: {}
[150.510675] (-) TimerEvent: {}
[150.560683] (ei_whistle_cpp) StdoutLine: {'line': b'[ 43%] \x1b[32mBuilding CXX object CMakeFiles/whistle_node.dir/edge-impulse-sdk/tensorflow/lite/micro/kernels/kernel_util_micro.cc.o\x1b[0m\n'}
[150.611044] (-) TimerEvent: {}
[150.712389] (-) TimerEvent: {}
[150.814007] (-) TimerEvent: {}
[150.915251] (-) TimerEvent: {}
[151.016617] (-) TimerEvent: {}
[151.117766] (-) TimerEvent: {}
[151.219285] (-) TimerEvent: {}
[151.320727] (-) TimerEvent: {}
[151.423069] (-) TimerEvent: {}
[151.525006] (-) TimerEvent: {}
[151.627119] (-) TimerEvent: {}
[151.728251] (-) TimerEvent: {}
[151.784162] (ei_whistle_cpp) StdoutLine: {'line': b'[ 43%] \x1b[32mBuilding CXX object CMakeFiles/whistle_node.dir/edge-impulse-sdk/tensorflow/lite/micro/kernels/l2_pool_2d.cc.o\x1b[0m\n'}
[151.828529] (-) TimerEvent: {}
[151.929702] (-) TimerEvent: {}
[152.031372] (-) TimerEvent: {}
[152.132586] (-) TimerEvent: {}
[152.233800] (-) TimerEvent: {}
[152.335009] (-) TimerEvent: {}
[152.436516] (-) TimerEvent: {}
[152.537678] (-) TimerEvent: {}
[152.638920] (-) TimerEvent: {}
[152.740090] (-) TimerEvent: {}
[152.841290] (-) TimerEvent: {}
[152.942441] (-) TimerEvent: {}
[153.043574] (-) TimerEvent: {}
[153.145525] (-) TimerEvent: {}
[153.249880] (-) TimerEvent: {}
[153.352753] (-) TimerEvent: {}
[153.455905] (-) TimerEvent: {}
[153.558669] (-) TimerEvent: {}
[153.661581] (-) TimerEvent: {}
[153.764826] (-) TimerEvent: {}
[153.867829] (-) TimerEvent: {}
[153.971078] (-) TimerEvent: {}
[154.073622] (-) TimerEvent: {}
[154.176287] (-) TimerEvent: {}
[154.279081] (-) TimerEvent: {}
[154.381936] (-) TimerEvent: {}
[154.484558] (-) TimerEvent: {}
[154.587155] (-) TimerEvent: {}
[154.688972] (-) TimerEvent: {}
[154.790872] (-) TimerEvent: {}
[154.892865] (-) TimerEvent: {}
[154.994926] (-) TimerEvent: {}
[155.096593] (-) TimerEvent: {}
[155.198585] (-) TimerEvent: {}
[155.300289] (-) TimerEvent: {}
[155.402074] (-) TimerEvent: {}
[155.503801] (-) TimerEvent: {}
[155.605430] (-) TimerEvent: {}
[155.708634] (-) TimerEvent: {}
[155.811736] (-) TimerEvent: {}
[155.915069] (-) TimerEvent: {}
[156.016736] (-) TimerEvent: {}
[156.040664] (ei_whistle_cpp) StdoutLine: {'line': b'[ 44%] \x1b[32mBuilding CXX object CMakeFiles/whistle_node.dir/edge-impulse-sdk/tensorflow/lite/micro/kernels/l2norm.cc.o\x1b[0m\n'}
[156.117208] (-) TimerEvent: {}
[156.219644] (-) TimerEvent: {}
[156.321383] (-) TimerEvent: {}
[156.423046] (-) TimerEvent: {}
[156.524792] (-) TimerEvent: {}
[156.626952] (-) TimerEvent: {}
[156.728914] (-) TimerEvent: {}
[156.830729] (-) TimerEvent: {}
[156.932611] (-) TimerEvent: {}
[157.034392] (-) TimerEvent: {}
[157.136186] (-) TimerEvent: {}
[157.237885] (-) TimerEvent: {}
[157.339933] (-) TimerEvent: {}
[157.442095] (-) TimerEvent: {}
[157.543881] (-) TimerEvent: {}
[157.645707] (-) TimerEvent: {}
[157.747787] (-) TimerEvent: {}
[157.849787] (-) TimerEvent: {}
[157.951770] (-) TimerEvent: {}
[158.053610] (-) TimerEvent: {}
[158.155202] (-) TimerEvent: {}
[158.256869] (-) TimerEvent: {}
[158.358737] (-) TimerEvent: {}
[158.461568] (-) TimerEvent: {}
[158.564816] (-) TimerEvent: {}
[158.667336] (-) TimerEvent: {}
[158.769884] (-) TimerEvent: {}
[158.872519] (-) TimerEvent: {}
[158.975635] (-) TimerEvent: {}
[159.078263] (-) TimerEvent: {}
[159.181041] (-) TimerEvent: {}
[159.283872] (-) TimerEvent: {}
[159.386575] (-) TimerEvent: {}
[159.491041] (-) TimerEvent: {}
[159.594158] (-) TimerEvent: {}
[159.697936] (-) TimerEvent: {}
[159.799814] (-) TimerEvent: {}
[159.901556] (-) TimerEvent: {}
[160.003335] (-) TimerEvent: {}
[160.105102] (-) TimerEvent: {}
[160.206911] (-) TimerEvent: {}
[160.308679] (-) TimerEvent: {}
[160.410377] (-) TimerEvent: {}
[160.513568] (-) TimerEvent: {}
[160.616373] (-) TimerEvent: {}
[160.718096] (-) TimerEvent: {}
[160.819800] (-) TimerEvent: {}
[160.826513] (ei_whistle_cpp) StdoutLine: {'line': b'[ 45%] \x1b[32mBuilding CXX object CMakeFiles/whistle_node.dir/edge-impulse-sdk/tensorflow/lite/micro/kernels/leaky_relu.cc.o\x1b[0m\n'}
[160.920060] (-) TimerEvent: {}
[161.021771] (-) TimerEvent: {}
[161.123463] (-) TimerEvent: {}
[161.225219] (-) TimerEvent: {}
[161.327050] (-) TimerEvent: {}
[161.428797] (-) TimerEvent: {}
[161.530522] (-) TimerEvent: {}
[161.632276] (-) TimerEvent: {}
[161.734117] (-) TimerEvent: {}
[161.835993] (-) TimerEvent: {}
[161.944502] (-) TimerEvent: {}
[162.046222] (-) TimerEvent: {}
[162.147893] (-) TimerEvent: {}
[162.249554] (-) TimerEvent: {}
[162.351512] (-) TimerEvent: {}
[162.453454] (-) TimerEvent: {}
[162.555779] (-) TimerEvent: {}
[162.658140] (-) TimerEvent: {}
[162.760010] (-) TimerEvent: {}
[162.862152] (-) TimerEvent: {}
[162.964216] (-) TimerEvent: {}
[163.066186] (-) TimerEvent: {}
[163.169001] (-) TimerEvent: {}
[163.272398] (-) TimerEvent: {}
[163.374283] (-) TimerEvent: {}
[163.476086] (-) TimerEvent: {}
[163.578258] (-) TimerEvent: {}
[163.680147] (-) TimerEvent: {}
[163.781904] (-) TimerEvent: {}
[163.884589] (-) TimerEvent: {}
[163.986384] (-) TimerEvent: {}
[164.088522] (-) TimerEvent: {}
[164.190450] (-) TimerEvent: {}
[164.292450] (-) TimerEvent: {}
[164.394174] (-) TimerEvent: {}
[164.495853] (-) TimerEvent: {}
[164.599085] (-) TimerEvent: {}
[164.701008] (-) TimerEvent: {}
[164.803915] (-) TimerEvent: {}
[164.906558] (-) TimerEvent: {}
[165.009673] (-) TimerEvent: {}
[165.111874] (-) TimerEvent: {}
[165.214067] (-) TimerEvent: {}
[165.317688] (-) TimerEvent: {}
[165.419651] (-) TimerEvent: {}
[165.483635] (ei_whistle_cpp) StdoutLine: {'line': b'[ 45%] \x1b[32mBuilding CXX object CMakeFiles/whistle_node.dir/edge-impulse-sdk/tensorflow/lite/micro/kernels/leaky_relu_common.cc.o\x1b[0m\n'}
[165.519895] (-) TimerEvent: {}
[165.622398] (-) TimerEvent: {}
[165.725566] (-) TimerEvent: {}
[165.827996] (-) TimerEvent: {}
[165.930553] (-) TimerEvent: {}
[166.034124] (-) TimerEvent: {}
[166.080667] (ei_whistle_cpp) StdoutLine: {'line': b'[ 46%] \x1b[32mBuilding CXX object CMakeFiles/whistle_node.dir/edge-impulse-sdk/tensorflow/lite/micro/kernels/log_softmax.cc.o\x1b[0m\n'}
[166.134630] (-) TimerEvent: {}
[166.236919] (-) TimerEvent: {}
[166.338464] (-) TimerEvent: {}
[166.439985] (-) TimerEvent: {}
[166.541587] (-) TimerEvent: {}
[166.643108] (-) TimerEvent: {}
[166.744758] (-) TimerEvent: {}
[166.846389] (-) TimerEvent: {}
[166.956328] (-) TimerEvent: {}
[167.058619] (-) TimerEvent: {}
[167.161393] (-) TimerEvent: {}
[167.263923] (-) TimerEvent: {}
[167.366238] (-) TimerEvent: {}
[167.469388] (-) TimerEvent: {}
[167.571589] (-) TimerEvent: {}
[167.674584] (-) TimerEvent: {}
[167.777379] (-) TimerEvent: {}
[167.880062] (-) TimerEvent: {}
[167.985155] (-) TimerEvent: {}
[168.088061] (-) TimerEvent: {}
[168.193945] (-) TimerEvent: {}
[168.298099] (-) TimerEvent: {}
[168.399311] (-) TimerEvent: {}
[168.500400] (-) TimerEvent: {}
[168.601646] (-) TimerEvent: {}
[168.702709] (-) TimerEvent: {}
[168.803777] (-) TimerEvent: {}
[168.904842] (-) TimerEvent: {}
[169.005957] (-) TimerEvent: {}
[169.107026] (-) TimerEvent: {}
[169.208201] (-) TimerEvent: {}
[169.311346] (-) TimerEvent: {}
[169.341825] (ei_whistle_cpp) StdoutLine: {'line': b'[ 46%] \x1b[32mBuilding CXX object CMakeFiles/whistle_node.dir/edge-impulse-sdk/tensorflow/lite/micro/kernels/logical.cc.o\x1b[0m\n'}
[169.411604] (-) TimerEvent: {}
[169.514203] (-) TimerEvent: {}
[169.617319] (-) TimerEvent: {}
[169.720047] (-) TimerEvent: {}
[169.821618] (-) TimerEvent: {}
[169.923341] (-) TimerEvent: {}
[170.025424] (-) TimerEvent: {}
[170.127045] (-) TimerEvent: {}
[170.228547] (-) TimerEvent: {}
[170.330212] (-) TimerEvent: {}
[170.431698] (-) TimerEvent: {}
[170.533205] (-) TimerEvent: {}
[170.634787] (-) TimerEvent: {}
[170.736260] (-) TimerEvent: {}
[170.837698] (-) TimerEvent: {}
[170.939477] (-) TimerEvent: {}
[171.041118] (-) TimerEvent: {}
[171.142839] (-) TimerEvent: {}
[171.244656] (-) TimerEvent: {}
[171.346405] (-) TimerEvent: {}
[171.448406] (-) TimerEvent: {}
[171.550297] (-) TimerEvent: {}
[171.652301] (-) TimerEvent: {}
[171.754020] (-) TimerEvent: {}
[171.856112] (-) TimerEvent: {}
[171.997529] (-) TimerEvent: {}
[172.100464] (-) TimerEvent: {}
[172.203130] (-) TimerEvent: {}
[172.305860] (-) TimerEvent: {}
[172.408837] (-) TimerEvent: {}
[172.456138] (ei_whistle_cpp) StdoutLine: {'line': b'[ 47%] \x1b[32mBuilding CXX object CMakeFiles/whistle_node.dir/edge-impulse-sdk/tensorflow/lite/micro/kernels/logical_common.cc.o\x1b[0m\n'}
[172.509112] (-) TimerEvent: {}
[172.610882] (-) TimerEvent: {}
[172.712364] (-) TimerEvent: {}
[172.813932] (-) TimerEvent: {}
[172.915528] (-) TimerEvent: {}
[173.019010] (-) TimerEvent: {}
[173.120466] (-) TimerEvent: {}
[173.221423] (-) TimerEvent: {}
[173.322952] (-) TimerEvent: {}
[173.424441] (-) TimerEvent: {}
[173.525983] (-) TimerEvent: {}
[173.627659] (-) TimerEvent: {}
[173.644630] (ei_whistle_cpp) StdoutLine: {'line': b'[ 48%] \x1b[32mBuilding CXX object CMakeFiles/whistle_node.dir/edge-impulse-sdk/tensorflow/lite/micro/kernels/logistic.cc.o\x1b[0m\n'}
[173.727896] (-) TimerEvent: {}
[173.829852] (-) TimerEvent: {}
[173.931973] (-) TimerEvent: {}
[174.034127] (-) TimerEvent: {}
[174.136700] (-) TimerEvent: {}
[174.239053] (-) TimerEvent: {}
[174.341253] (-) TimerEvent: {}
[174.444069] (-) TimerEvent: {}
[174.546281] (-) TimerEvent: {}
[174.648379] (-) TimerEvent: {}
[174.750083] (-) TimerEvent: {}
[174.852465] (-) TimerEvent: {}
[174.954048] (-) TimerEvent: {}
[175.057055] (-) TimerEvent: {}
[175.159332] (-) TimerEvent: {}
[175.261552] (-) TimerEvent: {}
[175.364624] (-) TimerEvent: {}
[175.465912] (-) TimerEvent: {}
[175.567359] (-) TimerEvent: {}
[175.668681] (-) TimerEvent: {}
[175.769932] (-) TimerEvent: {}
[175.871138] (-) TimerEvent: {}
[175.972276] (-) TimerEvent: {}
[176.073471] (-) TimerEvent: {}
[176.174631] (-) TimerEvent: {}
[176.275908] (-) TimerEvent: {}
[176.377267] (-) TimerEvent: {}
[176.478556] (-) TimerEvent: {}
[176.580206] (-) TimerEvent: {}
[176.681390] (-) TimerEvent: {}
[176.785125] (-) TimerEvent: {}
[176.886216] (-) TimerEvent: {}
[176.987336] (-) TimerEvent: {}
[177.088351] (-) TimerEvent: {}
[177.189295] (-) TimerEvent: {}
[177.290257] (-) TimerEvent: {}
[177.391376] (-) TimerEvent: {}
[177.492370] (-) TimerEvent: {}
[177.593626] (-) TimerEvent: {}
[177.694546] (-) TimerEvent: {}
[177.795559] (-) TimerEvent: {}
[177.896591] (-) TimerEvent: {}
[177.998024] (-) TimerEvent: {}
[178.099213] (-) TimerEvent: {}
[178.200292] (-) TimerEvent: {}
[178.301281] (-) TimerEvent: {}
[178.402255] (-) TimerEvent: {}
[178.503282] (-) TimerEvent: {}
[178.604305] (-) TimerEvent: {}
[178.705258] (-) TimerEvent: {}
[178.806273] (-) TimerEvent: {}
[178.907272] (-) TimerEvent: {}
[179.008261] (-) TimerEvent: {}
[179.109268] (-) TimerEvent: {}
[179.210238] (-) TimerEvent: {}
[179.311617] (-) TimerEvent: {}
[179.412602] (-) TimerEvent: {}
[179.513568] (-) TimerEvent: {}
[179.614523] (-) TimerEvent: {}
[179.715480] (-) TimerEvent: {}
[179.816494] (-) TimerEvent: {}
[179.864559] (ei_whistle_cpp) StdoutLine: {'line': b'[ 49%] \x1b[32mBuilding CXX object CMakeFiles/whistle_node.dir/edge-impulse-sdk/tensorflow/lite/micro/kernels/lstm_eval.cc.o\x1b[0m\n'}
[179.898648] (ei_whistle_cpp) StdoutLine: {'line': b'[ 49%] \x1b[32mBuilding CXX object CMakeFiles/whistle_node.dir/edge-impulse-sdk/tensorflow/lite/micro/kernels/logistic_common.cc.o\x1b[0m\n'}
[179.916738] (-) TimerEvent: {}
[180.018106] (-) TimerEvent: {}
[180.120219] (-) TimerEvent: {}
[180.222073] (-) TimerEvent: {}
[180.268670] (ei_whistle_cpp) StdoutLine: {'line': b'[ 50%] \x1b[32mBuilding CXX object CMakeFiles/whistle_node.dir/edge-impulse-sdk/tensorflow/lite/micro/kernels/maximum_minimum.cc.o\x1b[0m\n'}
[180.322310] (-) TimerEvent: {}
[180.424473] (-) TimerEvent: {}
[180.526607] (-) TimerEvent: {}
[180.628359] (-) TimerEvent: {}
[180.730294] (-) TimerEvent: {}
[180.832150] (-) TimerEvent: {}
[180.933936] (-) TimerEvent: {}
[181.035815] (-) TimerEvent: {}
[181.136996] (-) TimerEvent: {}
[181.237843] (-) TimerEvent: {}
[181.336243] (ei_whistle_cpp) StdoutLine: {'line': b'[ 50%] \x1b[32mBuilding CXX object CMakeFiles/whistle_node.dir/edge-impulse-sdk/tensorflow/lite/micro/kernels/micro_tensor_utils.cc.o\x1b[0m\n'}
[181.339976] (-) TimerEvent: {}
[181.442366] (-) TimerEvent: {}
[181.545026] (-) TimerEvent: {}
[181.648390] (-) TimerEvent: {}
[181.750713] (-) TimerEvent: {}
[181.852958] (-) TimerEvent: {}
[181.955293] (-) TimerEvent: {}
[182.057370] (-) TimerEvent: {}
[182.166449] (-) TimerEvent: {}
[182.268425] (-) TimerEvent: {}
[182.370624] (-) TimerEvent: {}
[182.472526] (-) TimerEvent: {}
[182.574329] (-) TimerEvent: {}
[182.676583] (-) TimerEvent: {}
[182.778363] (-) TimerEvent: {}
[182.881159] (-) TimerEvent: {}
[182.983018] (-) TimerEvent: {}
[183.087084] (-) TimerEvent: {}
[183.191366] (-) TimerEvent: {}
[183.292674] (-) TimerEvent: {}
[183.394586] (-) TimerEvent: {}
[183.496649] (-) TimerEvent: {}
[183.598733] (-) TimerEvent: {}
[183.700600] (-) TimerEvent: {}
[183.802389] (-) TimerEvent: {}
[183.904028] (-) TimerEvent: {}
[184.006127] (-) TimerEvent: {}
[184.108268] (-) TimerEvent: {}
[184.211553] (-) TimerEvent: {}
[184.313239] (-) TimerEvent: {}
[184.414999] (-) TimerEvent: {}
[184.517006] (-) TimerEvent: {}
[184.619773] (-) TimerEvent: {}
[184.722838] (-) TimerEvent: {}
[184.824762] (-) TimerEvent: {}
[184.926728] (-) TimerEvent: {}
[185.028436] (-) TimerEvent: {}
[185.130406] (-) TimerEvent: {}
[185.232629] (-) TimerEvent: {}
[185.334663] (-) TimerEvent: {}
[185.436843] (-) TimerEvent: {}
[185.538579] (-) TimerEvent: {}
[185.640517] (-) TimerEvent: {}
[185.742197] (-) TimerEvent: {}
[185.843878] (-) TimerEvent: {}
[185.945758] (-) TimerEvent: {}
[186.047674] (-) TimerEvent: {}
[186.149706] (-) TimerEvent: {}
[186.251301] (-) TimerEvent: {}
[186.254396] (ei_whistle_cpp) StdoutLine: {'line': b'[ 51%] \x1b[32mBuilding CXX object CMakeFiles/whistle_node.dir/edge-impulse-sdk/tensorflow/lite/micro/kernels/mirror_pad.cc.o\x1b[0m\n'}
[186.351442] (-) TimerEvent: {}
[186.453575] (-) TimerEvent: {}
[186.555858] (-) TimerEvent: {}
[186.658083] (-) TimerEvent: {}
[186.760327] (-) TimerEvent: {}
[186.862647] (-) TimerEvent: {}
[186.964914] (-) TimerEvent: {}
[187.067337] (-) TimerEvent: {}
[187.169605] (-) TimerEvent: {}
[187.271833] (-) TimerEvent: {}
[187.374144] (-) TimerEvent: {}
[187.445869] (ei_whistle_cpp) StdoutLine: {'line': b'[ 51%] \x1b[32mBuilding CXX object CMakeFiles/whistle_node.dir/edge-impulse-sdk/tensorflow/lite/micro/kernels/mli_interface.cc.o\x1b[0m\n'}
[187.474526] (-) TimerEvent: {}
[187.576423] (-) TimerEvent: {}
[187.623695] (ei_whistle_cpp) StdoutLine: {'line': b'[ 52%] \x1b[32mBuilding CXX object CMakeFiles/whistle_node.dir/edge-impulse-sdk/tensorflow/lite/micro/kernels/mli_slicers.cc.o\x1b[0m\n'}
[187.676717] (-) TimerEvent: {}
[187.778907] (-) TimerEvent: {}
[187.795880] (ei_whistle_cpp) StdoutLine: {'line': b'[ 53%] \x1b[32mBuilding CXX object CMakeFiles/whistle_node.dir/edge-impulse-sdk/tensorflow/lite/micro/kernels/mul.cc.o\x1b[0m\n'}
[187.879024] (-) TimerEvent: {}
[187.985352] (-) TimerEvent: {}
[188.089460] (-) TimerEvent: {}
[188.190730] (-) TimerEvent: {}
[188.292781] (-) TimerEvent: {}
[188.372992] (ei_whistle_cpp) StdoutLine: {'line': b'[ 53%] \x1b[32mBuilding CXX object CMakeFiles/whistle_node.dir/edge-impulse-sdk/tensorflow/lite/micro/kernels/mul_common.cc.o\x1b[0m\n'}
[188.393033] (-) TimerEvent: {}
[188.494888] (-) TimerEvent: {}
[188.595834] (-) TimerEvent: {}
[188.647156] (ei_whistle_cpp) StdoutLine: {'line': b'[ 54%] \x1b[32mBuilding CXX object CMakeFiles/whistle_node.dir/edge-impulse-sdk/tensorflow/lite/micro/kernels/neg.cc.o\x1b[0m\n'}
[188.696123] (-) TimerEvent: {}
[188.797137] (-) TimerEvent: {}
[188.898228] (-) TimerEvent: {}
[188.999768] (-) TimerEvent: {}
[189.100800] (-) TimerEvent: {}
[189.201873] (-) TimerEvent: {}
[189.303494] (-) TimerEvent: {}
[189.405092] (-) TimerEvent: {}
[189.508332] (-) TimerEvent: {}
[189.609679] (-) TimerEvent: {}
[189.711277] (-) TimerEvent: {}
[189.812877] (-) TimerEvent: {}
[189.914499] (-) TimerEvent: {}
[190.016016] (-) TimerEvent: {}
[190.117675] (-) TimerEvent: {}
[190.219265] (-) TimerEvent: {}
[190.320871] (-) TimerEvent: {}
[190.422740] (-) TimerEvent: {}
[190.524415] (-) TimerEvent: {}
[190.626295] (-) TimerEvent: {}
[190.735093] (-) TimerEvent: {}
[190.845117] (-) TimerEvent: {}
[190.947079] (-) TimerEvent: {}
[191.048775] (-) TimerEvent: {}
[191.150557] (-) TimerEvent: {}
[191.252250] (-) TimerEvent: {}
[191.353913] (-) TimerEvent: {}
[191.455596] (-) TimerEvent: {}
[191.557245] (-) TimerEvent: {}
[191.659015] (-) TimerEvent: {}
[191.760656] (-) TimerEvent: {}
[191.862405] (-) TimerEvent: {}
[191.964037] (-) TimerEvent: {}
[191.999404] (ei_whistle_cpp) StdoutLine: {'line': b'[ 54%] \x1b[32mBuilding CXX object CMakeFiles/whistle_node.dir/edge-impulse-sdk/tensorflow/lite/micro/kernels/pack.cc.o\x1b[0m\n'}
[192.064370] (-) TimerEvent: {}
[192.165954] (-) TimerEvent: {}
[192.269496] (-) TimerEvent: {}
[192.372691] (-) TimerEvent: {}
[192.474844] (-) TimerEvent: {}
[192.576986] (-) TimerEvent: {}
[192.679376] (-) TimerEvent: {}
[192.781697] (-) TimerEvent: {}
[192.884380] (-) TimerEvent: {}
[192.985935] (-) TimerEvent: {}
[193.087295] (-) TimerEvent: {}
[193.188690] (-) TimerEvent: {}
[193.290211] (-) TimerEvent: {}
[193.393018] (-) TimerEvent: {}
[193.495535] (-) TimerEvent: {}
[193.598937] (-) TimerEvent: {}
[193.701661] (-) TimerEvent: {}
[193.804442] (-) TimerEvent: {}
[193.907481] (-) TimerEvent: {}
[194.009344] (-) TimerEvent: {}
[194.111230] (-) TimerEvent: {}
[194.213103] (-) TimerEvent: {}
[194.260973] (ei_whistle_cpp) StdoutLine: {'line': b'[ 55%] \x1b[32mBuilding CXX object CMakeFiles/whistle_node.dir/edge-impulse-sdk/tensorflow/lite/micro/kernels/pad.cc.o\x1b[0m\n'}
[194.313409] (-) TimerEvent: {}
[194.415021] (-) TimerEvent: {}
[194.517701] (-) TimerEvent: {}
[194.619403] (-) TimerEvent: {}
[194.723162] (-) TimerEvent: {}
[194.824732] (-) TimerEvent: {}
[194.926405] (-) TimerEvent: {}
[195.028292] (-) TimerEvent: {}
[195.130261] (-) TimerEvent: {}
[195.233164] (-) TimerEvent: {}
[195.335530] (-) TimerEvent: {}
[195.437353] (-) TimerEvent: {}
[195.538948] (-) TimerEvent: {}
[195.640653] (-) TimerEvent: {}
[195.742365] (-) TimerEvent: {}
[195.844118] (-) TimerEvent: {}
[195.945867] (-) TimerEvent: {}
[196.047587] (-) TimerEvent: {}
[196.149155] (-) TimerEvent: {}
[196.250752] (-) TimerEvent: {}
[196.352359] (-) TimerEvent: {}
[196.454073] (-) TimerEvent: {}
[196.555989] (-) TimerEvent: {}
[196.657791] (-) TimerEvent: {}
[196.759536] (-) TimerEvent: {}
[196.862336] (-) TimerEvent: {}
[196.963927] (-) TimerEvent: {}
[197.065642] (-) TimerEvent: {}
[197.167268] (-) TimerEvent: {}
[197.269143] (-) TimerEvent: {}
[197.370703] (-) TimerEvent: {}
[197.472496] (-) TimerEvent: {}
[197.574210] (-) TimerEvent: {}
[197.675900] (-) TimerEvent: {}
[197.777637] (-) TimerEvent: {}
[197.879368] (-) TimerEvent: {}
[197.981123] (-) TimerEvent: {}
[198.095064] (-) TimerEvent: {}
[198.197199] (-) TimerEvent: {}
[198.266601] (ei_whistle_cpp) StdoutLine: {'line': b'[ 56%] \x1b[32mBuilding CXX object CMakeFiles/whistle_node.dir/edge-impulse-sdk/tensorflow/lite/micro/kernels/pooling.cc.o\x1b[0m\n'}
[198.297510] (-) TimerEvent: {}
[198.399703] (-) TimerEvent: {}
[198.501791] (-) TimerEvent: {}
[198.603903] (-) TimerEvent: {}
[198.706203] (-) TimerEvent: {}
[198.808127] (-) TimerEvent: {}
[198.910194] (-) TimerEvent: {}
[199.012494] (-) TimerEvent: {}
[199.114359] (-) TimerEvent: {}
[199.216254] (-) TimerEvent: {}
[199.319172] (-) TimerEvent: {}
[199.422549] (-) TimerEvent: {}
[199.524380] (-) TimerEvent: {}
[199.625867] (-) TimerEvent: {}
[199.729203] (-) TimerEvent: {}
[199.832161] (-) TimerEvent: {}
[199.935938] (-) TimerEvent: {}
[200.039396] (-) TimerEvent: {}
[200.141880] (-) TimerEvent: {}
[200.244021] (-) TimerEvent: {}
[200.345747] (ei_whistle_cpp) StdoutLine: {'line': b'[ 56%] \x1b[32mBuilding CXX object CMakeFiles/whistle_node.dir/edge-impulse-sdk/tensorflow/lite/micro/kernels/pooling_common.cc.o\x1b[0m\n'}
[200.350427] (-) TimerEvent: {}
[200.452344] (-) TimerEvent: {}
[200.553867] (-) TimerEvent: {}
[200.656022] (-) TimerEvent: {}
[200.757744] (-) TimerEvent: {}
[200.859674] (-) TimerEvent: {}
[200.961329] (-) TimerEvent: {}
[201.062981] (-) TimerEvent: {}
[201.165048] (-) TimerEvent: {}
[201.267375] (-) TimerEvent: {}
[201.369385] (-) TimerEvent: {}
[201.470882] (-) TimerEvent: {}
[201.572493] (-) TimerEvent: {}
[201.674349] (-) TimerEvent: {}
[201.776040] (-) TimerEvent: {}
[201.877738] (-) TimerEvent: {}
[201.979686] (-) TimerEvent: {}
[202.081915] (-) TimerEvent: {}
[202.184175] (-) TimerEvent: {}
[202.285891] (-) TimerEvent: {}
[202.396848] (-) TimerEvent: {}
[202.498636] (-) TimerEvent: {}
[202.600421] (-) TimerEvent: {}
[202.702106] (-) TimerEvent: {}
[202.803980] (-) TimerEvent: {}
[202.905829] (-) TimerEvent: {}
[203.008280] (-) TimerEvent: {}
[203.109535] (-) TimerEvent: {}
[203.211730] (-) TimerEvent: {}
[203.313113] (-) TimerEvent: {}
[203.415707] (-) TimerEvent: {}
[203.517769] (-) TimerEvent: {}
[203.619406] (-) TimerEvent: {}
[203.721225] (-) TimerEvent: {}
[203.823023] (-) TimerEvent: {}
[203.925289] (-) TimerEvent: {}
[204.027114] (-) TimerEvent: {}
[204.129115] (-) TimerEvent: {}
[204.231031] (-) TimerEvent: {}
[204.333418] (-) TimerEvent: {}
[204.435775] (-) TimerEvent: {}
[204.537679] (-) TimerEvent: {}
[204.639404] (-) TimerEvent: {}
[204.741492] (-) TimerEvent: {}
[204.843580] (-) TimerEvent: {}
[204.945407] (-) TimerEvent: {}
[205.048003] (-) TimerEvent: {}
[205.150149] (-) TimerEvent: {}
[205.252053] (-) TimerEvent: {}
[205.353698] (-) TimerEvent: {}
[205.455426] (-) TimerEvent: {}
[205.557152] (-) TimerEvent: {}
[205.658960] (-) TimerEvent: {}
[205.761119] (-) TimerEvent: {}
[205.863086] (-) TimerEvent: {}
[205.965065] (-) TimerEvent: {}
[206.066794] (-) TimerEvent: {}
[206.168678] (-) TimerEvent: {}
[206.271092] (-) TimerEvent: {}
[206.372710] (-) TimerEvent: {}
[206.474710] (-) TimerEvent: {}
[206.576553] (-) TimerEvent: {}
[206.678311] (-) TimerEvent: {}
[206.780023] (-) TimerEvent: {}
[206.882564] (-) TimerEvent: {}
[206.984492] (-) TimerEvent: {}
[207.086301] (-) TimerEvent: {}
[207.188816] (-) TimerEvent: {}
[207.251447] (ei_whistle_cpp) StdoutLine: {'line': b'[ 57%] \x1b[32mBuilding CXX object CMakeFiles/whistle_node.dir/edge-impulse-sdk/tensorflow/lite/micro/kernels/prelu.cc.o\x1b[0m\n'}
[207.289164] (-) TimerEvent: {}
[207.396454] (-) TimerEvent: {}
[207.498169] (-) TimerEvent: {}
[207.599753] (-) TimerEvent: {}
[207.701387] (-) TimerEvent: {}
[207.802903] (-) TimerEvent: {}
[207.904460] (-) TimerEvent: {}
[208.006743] (-) TimerEvent: {}
[208.108000] (-) TimerEvent: {}
[208.209508] (-) TimerEvent: {}
[208.310787] (-) TimerEvent: {}
[208.412532] (-) TimerEvent: {}
[208.514280] (-) TimerEvent: {}
[208.616362] (-) TimerEvent: {}
[208.719348] (-) TimerEvent: {}
[208.821238] (-) TimerEvent: {}
[208.864623] (ei_whistle_cpp) StdoutLine: {'line': b'[ 57%] \x1b[32mBuilding CXX object CMakeFiles/whistle_node.dir/edge-impulse-sdk/tensorflow/lite/micro/kernels/prelu_common.cc.o\x1b[0m\n'}
[208.921389] (-) TimerEvent: {}
[209.024258] (-) TimerEvent: {}
[209.126679] (-) TimerEvent: {}
[209.228934] (-) TimerEvent: {}
[209.330449] (-) TimerEvent: {}
[209.431935] (-) TimerEvent: {}
[209.533455] (-) TimerEvent: {}
[209.635796] (-) TimerEvent: {}
[209.738194] (-) TimerEvent: {}
[209.840519] (-) TimerEvent: {}
[209.943579] (-) TimerEvent: {}
[210.045923] (-) TimerEvent: {}
[210.148202] (-) TimerEvent: {}
[210.250555] (-) TimerEvent: {}
[210.352023] (-) TimerEvent: {}
[210.453671] (-) TimerEvent: {}
[210.555354] (-) TimerEvent: {}
[210.657005] (-) TimerEvent: {}
[210.758753] (-) TimerEvent: {}
[210.860593] (-) TimerEvent: {}
[210.962354] (-) TimerEvent: {}
[211.064913] (-) TimerEvent: {}
[211.167897] (-) TimerEvent: {}
[211.270858] (-) TimerEvent: {}
[211.372522] (-) TimerEvent: {}
[211.473995] (-) TimerEvent: {}
[211.576694] (-) TimerEvent: {}
[211.677843] (-) TimerEvent: {}
[211.778850] (-) TimerEvent: {}
[211.879894] (-) TimerEvent: {}
[211.980977] (-) TimerEvent: {}
[212.081968] (-) TimerEvent: {}
[212.182964] (-) TimerEvent: {}
[212.283902] (-) TimerEvent: {}
[212.384917] (-) TimerEvent: {}
[212.486182] (-) TimerEvent: {}
[212.587249] (-) TimerEvent: {}
[212.688287] (-) TimerEvent: {}
[212.789336] (-) TimerEvent: {}
[212.890377] (-) TimerEvent: {}
[212.991633] (-) TimerEvent: {}
[213.092969] (-) TimerEvent: {}
[213.194654] (-) TimerEvent: {}
[213.295632] (-) TimerEvent: {}
[213.396628] (-) TimerEvent: {}
[213.497530] (-) TimerEvent: {}
[213.598568] (-) TimerEvent: {}
[213.699514] (-) TimerEvent: {}
[213.800461] (-) TimerEvent: {}
[213.901409] (-) TimerEvent: {}
[214.002497] (-) TimerEvent: {}
[214.103464] (-) TimerEvent: {}
[214.204459] (-) TimerEvent: {}
[214.305574] (-) TimerEvent: {}
[214.406622] (-) TimerEvent: {}
[214.507843] (-) TimerEvent: {}
[214.608878] (-) TimerEvent: {}
[214.612054] (ei_whistle_cpp) StdoutLine: {'line': b'[ 58%] \x1b[32mBuilding CXX object CMakeFiles/whistle_node.dir/edge-impulse-sdk/tensorflow/lite/micro/kernels/quantize_common.cc.o\x1b[0m\n'}
[214.709163] (-) TimerEvent: {}
[214.810205] (-) TimerEvent: {}
[214.911322] (-) TimerEvent: {}
[215.012352] (-) TimerEvent: {}
[215.113250] (-) TimerEvent: {}
[215.214163] (-) TimerEvent: {}
[215.315210] (-) TimerEvent: {}
[215.416198] (-) TimerEvent: {}
[215.517243] (-) TimerEvent: {}
[215.618228] (-) TimerEvent: {}
[215.662090] (ei_whistle_cpp) StdoutLine: {'line': b'[ 58%] \x1b[32mBuilding CXX object CMakeFiles/whistle_node.dir/edge-impulse-sdk/tensorflow/lite/micro/kernels/read_variable.cc.o\x1b[0m\n'}
[215.718525] (-) TimerEvent: {}
[215.820055] (-) TimerEvent: {}
[215.922737] (-) TimerEvent: {}
[216.026241] (-) TimerEvent: {}
[216.063125] (ei_whistle_cpp) StdoutLine: {'line': b'[ 59%] \x1b[32mBuilding CXX object CMakeFiles/whistle_node.dir/edge-impulse-sdk/tensorflow/lite/micro/kernels/quantize.cc.o\x1b[0m\n'}
[216.126486] (-) TimerEvent: {}
[216.227730] (-) TimerEvent: {}
[216.328976] (-) TimerEvent: {}
[216.430111] (-) TimerEvent: {}
[216.531508] (-) TimerEvent: {}
[216.633182] (-) TimerEvent: {}
[216.734415] (-) TimerEvent: {}
[216.835681] (-) TimerEvent: {}
[216.936795] (-) TimerEvent: {}
[217.038051] (-) TimerEvent: {}
[217.133231] (ei_whistle_cpp) StdoutLine: {'line': b'[ 60%] \x1b[32mBuilding CXX object CMakeFiles/whistle_node.dir/edge-impulse-sdk/tensorflow/lite/micro/kernels/real.cc.o\x1b[0m\n'}
[217.138412] (-) TimerEvent: {}
[217.239909] (-) TimerEvent: {}
[217.341183] (-) TimerEvent: {}
[217.442488] (-) TimerEvent: {}
[217.544042] (-) TimerEvent: {}
[217.645473] (-) TimerEvent: {}
[217.746643] (-) TimerEvent: {}
[217.847826] (-) TimerEvent: {}
[217.948991] (-) TimerEvent: {}
[218.050243] (-) TimerEvent: {}
[218.151430] (-) TimerEvent: {}
[218.252598] (-) TimerEvent: {}
[218.353783] (-) TimerEvent: {}
[218.455371] (-) TimerEvent: {}
[218.556782] (-) TimerEvent: {}
[218.657941] (-) TimerEvent: {}
[218.759240] (-) TimerEvent: {}
[218.860820] (-) TimerEvent: {}
[218.962035] (-) TimerEvent: {}
[219.063359] (-) TimerEvent: {}
[219.164786] (-) TimerEvent: {}
[219.266207] (-) TimerEvent: {}
[219.367468] (-) TimerEvent: {}
[219.468776] (-) TimerEvent: {}
[219.569963] (-) TimerEvent: {}
[219.671299] (-) TimerEvent: {}
[219.772787] (-) TimerEvent: {}
[219.874300] (-) TimerEvent: {}
[219.975890] (-) TimerEvent: {}
[220.077626] (-) TimerEvent: {}
[220.179244] (-) TimerEvent: {}
[220.280498] (-) TimerEvent: {}
[220.381688] (-) TimerEvent: {}
[220.483002] (-) TimerEvent: {}
[220.584585] (-) TimerEvent: {}
[220.685918] (-) TimerEvent: {}
[220.787321] (-) TimerEvent: {}
[220.889339] (-) TimerEvent: {}
[220.990728] (-) TimerEvent: {}
[221.092366] (-) TimerEvent: {}
[221.193524] (-) TimerEvent: {}
[221.294942] (-) TimerEvent: {}
[221.396344] (-) TimerEvent: {}
[221.497511] (-) TimerEvent: {}
[221.598755] (-) TimerEvent: {}
[221.700208] (-) TimerEvent: {}
[221.801592] (-) TimerEvent: {}
[221.903175] (-) TimerEvent: {}
[221.997270] (ei_whistle_cpp) StdoutLine: {'line': b'[ 60%] \x1b[32mBuilding CXX object CMakeFiles/whistle_node.dir/edge-impulse-sdk/tensorflow/lite/micro/kernels/reduce.cc.o\x1b[0m\n'}
[222.003417] (-) TimerEvent: {}
[222.105799] (-) TimerEvent: {}
[222.208071] (-) TimerEvent: {}
[222.310247] (-) TimerEvent: {}
[222.412509] (-) TimerEvent: {}
[222.514931] (-) TimerEvent: {}
[222.617406] (-) TimerEvent: {}
[222.719034] (-) TimerEvent: {}
[222.821181] (-) TimerEvent: {}
[222.923309] (-) TimerEvent: {}
[222.965940] (ei_whistle_cpp) StdoutLine: {'line': b'[ 61%] \x1b[32mBuilding CXX object CMakeFiles/whistle_node.dir/edge-impulse-sdk/tensorflow/lite/micro/kernels/reduce_common.cc.o\x1b[0m\n'}
[223.027070] (-) TimerEvent: {}
[223.128163] (-) TimerEvent: {}
[223.230370] (-) TimerEvent: {}
[223.332630] (-) TimerEvent: {}
[223.434741] (-) TimerEvent: {}
[223.537107] (-) TimerEvent: {}
[223.639638] (-) TimerEvent: {}
[223.741275] (-) TimerEvent: {}
[223.842894] (-) TimerEvent: {}
[223.944344] (-) TimerEvent: {}
[224.045952] (-) TimerEvent: {}
[224.135128] (ei_whistle_cpp) StdoutLine: {'line': b'[ 62%] \x1b[32mBuilding CXX object CMakeFiles/whistle_node.dir/edge-impulse-sdk/tensorflow/lite/micro/kernels/reshape.cc.o\x1b[0m\n'}
[224.146247] (-) TimerEvent: {}
[224.247902] (-) TimerEvent: {}
[224.349232] (-) TimerEvent: {}
[224.451109] (-) TimerEvent: {}
[224.552541] (-) TimerEvent: {}
[224.654049] (-) TimerEvent: {}
[224.755664] (-) TimerEvent: {}
[224.857640] (-) TimerEvent: {}
[224.959107] (-) TimerEvent: {}
[225.060535] (-) TimerEvent: {}
[225.161948] (-) TimerEvent: {}
[225.263574] (-) TimerEvent: {}
[225.366293] (-) TimerEvent: {}
[225.467852] (-) TimerEvent: {}
[225.569321] (-) TimerEvent: {}
[225.671031] (-) TimerEvent: {}
[225.773699] (-) TimerEvent: {}
[225.875375] (-) TimerEvent: {}
[225.977089] (-) TimerEvent: {}
[226.078633] (-) TimerEvent: {}
[226.180368] (-) TimerEvent: {}
[226.282100] (-) TimerEvent: {}
[226.384063] (-) TimerEvent: {}
[226.486924] (-) TimerEvent: {}
[226.588480] (-) TimerEvent: {}
[226.690037] (-) TimerEvent: {}
[226.791759] (-) TimerEvent: {}
[226.893761] (-) TimerEvent: {}
[226.995495] (-) TimerEvent: {}
[227.097312] (-) TimerEvent: {}
[227.199017] (-) TimerEvent: {}
[227.300671] (-) TimerEvent: {}
[227.402739] (-) TimerEvent: {}
[227.504562] (-) TimerEvent: {}
[227.606483] (-) TimerEvent: {}
[227.708990] (-) TimerEvent: {}
[227.818749] (-) TimerEvent: {}
[227.920492] (-) TimerEvent: {}
[228.022378] (-) TimerEvent: {}
[228.131353] (-) TimerEvent: {}
[228.232659] (-) TimerEvent: {}
[228.335422] (-) TimerEvent: {}
[228.437058] (-) TimerEvent: {}
[228.538725] (-) TimerEvent: {}
[228.640864] (-) TimerEvent: {}
[228.743516] (-) TimerEvent: {}
[228.846307] (-) TimerEvent: {}
[228.948798] (-) TimerEvent: {}
[229.051470] (-) TimerEvent: {}
[229.154251] (-) TimerEvent: {}
[229.256791] (-) TimerEvent: {}
[229.359451] (-) TimerEvent: {}
[229.462223] (-) TimerEvent: {}
[229.564703] (-) TimerEvent: {}
[229.666265] (-) TimerEvent: {}
[229.768007] (-) TimerEvent: {}
[229.869939] (-) TimerEvent: {}
[229.971671] (-) TimerEvent: {}
[230.027428] (ei_whistle_cpp) StdoutLine: {'line': b'[ 62%] \x1b[32mBuilding CXX object CMakeFiles/whistle_node.dir/edge-impulse-sdk/tensorflow/lite/micro/kernels/resize_bilinear.cc.o\x1b[0m\n'}
[230.071944] (-) TimerEvent: {}
[230.173751] (-) TimerEvent: {}
[230.276850] (-) TimerEvent: {}
[230.380874] (-) TimerEvent: {}
[230.483412] (-) TimerEvent: {}
[230.586111] (-) TimerEvent: {}
[230.688950] (-) TimerEvent: {}
[230.791643] (-) TimerEvent: {}
[230.893175] (-) TimerEvent: {}
[230.994731] (-) TimerEvent: {}
[231.096426] (-) TimerEvent: {}
[231.198050] (-) TimerEvent: {}
[231.299714] (-) TimerEvent: {}
[231.401385] (-) TimerEvent: {}
[231.503049] (-) TimerEvent: {}
[231.604741] (-) TimerEvent: {}
[231.706344] (-) TimerEvent: {}
[231.807995] (-) TimerEvent: {}
[231.909727] (-) TimerEvent: {}
[232.011229] (-) TimerEvent: {}
[232.056803] (ei_whistle_cpp) StdoutLine: {'line': b'[ 63%] \x1b[32mBuilding CXX object CMakeFiles/whistle_node.dir/edge-impulse-sdk/tensorflow/lite/micro/kernels/resize_nearest_neighbor.cc.o\x1b[0m\n'}
[232.111469] (-) TimerEvent: {}
[232.214075] (-) TimerEvent: {}
[232.316823] (-) TimerEvent: {}
[232.419597] (-) TimerEvent: {}
[232.522211] (-) TimerEvent: {}
[232.625321] (-) TimerEvent: {}
[232.727837] (-) TimerEvent: {}
[232.837727] (-) TimerEvent: {}
[232.942288] (-) TimerEvent: {}
[233.044788] (-) TimerEvent: {}
[233.151059] (-) TimerEvent: {}
[233.252267] (-) TimerEvent: {}
[233.354766] (-) TimerEvent: {}
[233.457207] (-) TimerEvent: {}
[233.558982] (-) TimerEvent: {}
[233.660691] (-) TimerEvent: {}
[233.762436] (-) TimerEvent: {}
[233.865520] (-) TimerEvent: {}
[233.967316] (-) TimerEvent: {}
[234.069264] (-) TimerEvent: {}
[234.171045] (-) TimerEvent: {}
[234.272940] (-) TimerEvent: {}
[234.376464] (-) TimerEvent: {}
[234.483050] (-) TimerEvent: {}
[234.584413] (-) TimerEvent: {}
[234.687010] (-) TimerEvent: {}
[234.789726] (-) TimerEvent: {}
[234.892202] (-) TimerEvent: {}
[234.993835] (-) TimerEvent: {}
[235.095404] (-) TimerEvent: {}
[235.197273] (-) TimerEvent: {}
[235.299927] (-) TimerEvent: {}
[235.401939] (-) TimerEvent: {}
[235.504831] (-) TimerEvent: {}
[235.607869] (-) TimerEvent: {}
[235.709906] (-) TimerEvent: {}
[235.811808] (-) TimerEvent: {}
[235.913556] (-) TimerEvent: {}
[236.015510] (-) TimerEvent: {}
[236.117396] (-) TimerEvent: {}
[236.218795] (-) TimerEvent: {}
[236.320290] (-) TimerEvent: {}
[236.421698] (-) TimerEvent: {}
[236.522971] (-) TimerEvent: {}
[236.625514] (-) TimerEvent: {}
[236.726603] (-) TimerEvent: {}
[236.828129] (-) TimerEvent: {}
[236.929662] (-) TimerEvent: {}
[237.031313] (-) TimerEvent: {}
[237.132874] (-) TimerEvent: {}
[237.235032] (-) TimerEvent: {}
[237.337227] (-) TimerEvent: {}
[237.439411] (-) TimerEvent: {}
[237.540596] (-) TimerEvent: {}
[237.641582] (-) TimerEvent: {}
[237.742521] (-) TimerEvent: {}
[237.843603] (-) TimerEvent: {}
[237.944569] (-) TimerEvent: {}
[238.051207] (-) TimerEvent: {}
[238.152418] (-) TimerEvent: {}
[238.254603] (-) TimerEvent: {}
[238.355560] (-) TimerEvent: {}
[238.456475] (-) TimerEvent: {}
[238.557349] (-) TimerEvent: {}
[238.658301] (-) TimerEvent: {}
[238.759203] (-) TimerEvent: {}
[238.860097] (-) TimerEvent: {}
[238.960979] (-) TimerEvent: {}
[239.061846] (-) TimerEvent: {}
[239.162740] (-) TimerEvent: {}
[239.202771] (ei_whistle_cpp) StdoutLine: {'line': b'[ 64%] \x1b[32mBuilding CXX object CMakeFiles/whistle_node.dir/edge-impulse-sdk/tensorflow/lite/micro/kernels/scatter_nd.cc.o\x1b[0m\n'}
[239.207614] (ei_whistle_cpp) StdoutLine: {'line': b'[ 65%] \x1b[32mBuilding CXX object CMakeFiles/whistle_node.dir/edge-impulse-sdk/tensorflow/lite/micro/kernels/round.cc.o\x1b[0m\n'}
[239.263568] (-) TimerEvent: {}
[239.366338] (-) TimerEvent: {}
[239.469396] (-) TimerEvent: {}
[239.571373] (-) TimerEvent: {}
[239.672333] (-) TimerEvent: {}
[239.773242] (-) TimerEvent: {}
[239.874300] (-) TimerEvent: {}
[239.975413] (-) TimerEvent: {}
[240.076502] (-) TimerEvent: {}
[240.177531] (-) TimerEvent: {}
[240.265418] (ei_whistle_cpp) StdoutLine: {'line': b'[ 65%] \x1b[32mBuilding CXX object CMakeFiles/whistle_node.dir/edge-impulse-sdk/tensorflow/lite/micro/kernels/rfft2d.cc.o\x1b[0m\n'}
[240.277775] (-) TimerEvent: {}
[240.379369] (-) TimerEvent: {}
[240.481311] (-) TimerEvent: {}
[240.583585] (-) TimerEvent: {}
[240.685757] (-) TimerEvent: {}
[240.787859] (-) TimerEvent: {}
[240.890318] (-) TimerEvent: {}
[240.993579] (-) TimerEvent: {}
[241.095291] (-) TimerEvent: {}
[241.196821] (-) TimerEvent: {}
[241.298446] (-) TimerEvent: {}
[241.400129] (-) TimerEvent: {}
[241.501925] (-) TimerEvent: {}
[241.603551] (-) TimerEvent: {}
[241.705222] (-) TimerEvent: {}
[241.807037] (-) TimerEvent: {}
[241.909533] (-) TimerEvent: {}
[242.011136] (-) TimerEvent: {}
[242.112871] (-) TimerEvent: {}
[242.214587] (-) TimerEvent: {}
[242.317196] (-) TimerEvent: {}
[242.419819] (-) TimerEvent: {}
[242.522321] (-) TimerEvent: {}
[242.625570] (-) TimerEvent: {}
[242.728964] (-) TimerEvent: {}
[242.831790] (-) TimerEvent: {}
[242.934661] (-) TimerEvent: {}
[243.039128] (-) TimerEvent: {}
[243.140984] (-) TimerEvent: {}
[243.247205] (-) TimerEvent: {}
[243.350533] (-) TimerEvent: {}
[243.453203] (-) TimerEvent: {}
[243.555753] (-) TimerEvent: {}
[243.658638] (-) TimerEvent: {}
[243.761520] (-) TimerEvent: {}
[243.863253] (-) TimerEvent: {}
[243.964922] (-) TimerEvent: {}
[244.066608] (-) TimerEvent: {}
[244.168519] (-) TimerEvent: {}
[244.173339] (ei_whistle_cpp) StdoutLine: {'line': b'[ 65%] \x1b[32mBuilding CXX object CMakeFiles/whistle_node.dir/edge-impulse-sdk/tensorflow/lite/micro/kernels/scratch_buf_mgr.cc.o\x1b[0m\n'}
[244.268734] (-) TimerEvent: {}
[244.364247] (ei_whistle_cpp) StdoutLine: {'line': b'[ 66%] \x1b[32mBuilding CXX object CMakeFiles/whistle_node.dir/edge-impulse-sdk/tensorflow/lite/micro/kernels/scratch_buffers.cc.o\x1b[0m\n'}
[244.369164] (-) TimerEvent: {}
[244.471663] (-) TimerEvent: {}
[244.574112] (-) TimerEvent: {}
[244.656218] (ei_whistle_cpp) StdoutLine: {'line': b'[ 66%] \x1b[32mBuilding CXX object CMakeFiles/whistle_node.dir/edge-impulse-sdk/tensorflow/lite/micro/kernels/select.cc.o\x1b[0m\n'}
[244.674378] (-) TimerEvent: {}
[244.775965] (-) TimerEvent: {}
[244.877709] (-) TimerEvent: {}
[244.979307] (-) TimerEvent: {}
[245.080869] (-) TimerEvent: {}
[245.182339] (-) TimerEvent: {}
[245.284680] (-) TimerEvent: {}
[245.386991] (-) TimerEvent: {}
[245.489303] (-) TimerEvent: {}
[245.591629] (-) TimerEvent: {}
[245.695173] (-) TimerEvent: {}
[245.797723] (-) TimerEvent: {}
[245.848258] (ei_whistle_cpp) StdoutLine: {'line': b'[ 67%] \x1b[32mBuilding CXX object CMakeFiles/whistle_node.dir/edge-impulse-sdk/tensorflow/lite/micro/kernels/shape.cc.o\x1b[0m\n'}
[245.897992] (-) TimerEvent: {}
[246.000533] (-) TimerEvent: {}
[246.103421] (-) TimerEvent: {}
[246.205406] (-) TimerEvent: {}
[246.307586] (-) TimerEvent: {}
[246.409719] (-) TimerEvent: {}
[246.512904] (-) TimerEvent: {}
[246.615226] (-) TimerEvent: {}
[246.697095] (ei_whistle_cpp) StdoutLine: {'line': b'[ 68%] \x1b[32mBuilding CXX object CMakeFiles/whistle_node.dir/edge-impulse-sdk/tensorflow/lite/micro/kernels/slice.cc.o\x1b[0m\n'}
[246.715476] (-) TimerEvent: {}
[246.816826] (-) TimerEvent: {}
[246.918339] (-) TimerEvent: {}
[247.019796] (-) TimerEvent: {}
[247.121384] (-) TimerEvent: {}
[247.222958] (-) TimerEvent: {}
[247.324769] (-) TimerEvent: {}
[247.426448] (-) TimerEvent: {}
[247.528262] (-) TimerEvent: {}
[247.630188] (-) TimerEvent: {}
[247.732998] (-) TimerEvent: {}
[247.835047] (-) TimerEvent: {}
[247.926694] (ei_whistle_cpp) StdoutLine: {'line': b'[ 68%] \x1b[32mBuilding CXX object CMakeFiles/whistle_node.dir/edge-impulse-sdk/tensorflow/lite/micro/kernels/softmax.cc.o\x1b[0m\n'}
[247.935307] (-) TimerEvent: {}
[248.037248] (-) TimerEvent: {}
[248.140358] (-) TimerEvent: {}
[248.242577] (-) TimerEvent: {}
[248.344764] (-) TimerEvent: {}
[248.447051] (-) TimerEvent: {}
[248.549433] (-) TimerEvent: {}
[248.651844] (-) TimerEvent: {}
[248.754338] (-) TimerEvent: {}
[248.856772] (-) TimerEvent: {}
[248.959541] (-) TimerEvent: {}
[249.063529] (-) TimerEvent: {}
[249.166728] (-) TimerEvent: {}
[249.268830] (-) TimerEvent: {}
[249.370428] (-) TimerEvent: {}
[249.472586] (-) TimerEvent: {}
[249.575571] (-) TimerEvent: {}
[249.677821] (-) TimerEvent: {}
[249.781330] (-) TimerEvent: {}
[249.884098] (-) TimerEvent: {}
[249.986162] (-) TimerEvent: {}
[250.088132] (-) TimerEvent: {}
[250.189407] (-) TimerEvent: {}
[250.290618] (-) TimerEvent: {}
[250.392021] (-) TimerEvent: {}
[250.493316] (-) TimerEvent: {}
[250.594673] (-) TimerEvent: {}
[250.696067] (-) TimerEvent: {}
[250.797231] (-) TimerEvent: {}
[250.899358] (-) TimerEvent: {}
[251.001477] (-) TimerEvent: {}
[251.103677] (-) TimerEvent: {}
[251.205696] (-) TimerEvent: {}
[251.307921] (-) TimerEvent: {}
[251.409980] (-) TimerEvent: {}
[251.512132] (-) TimerEvent: {}
[251.614200] (-) TimerEvent: {}
[251.716197] (-) TimerEvent: {}
[251.817276] (-) TimerEvent: {}
[251.919002] (-) TimerEvent: {}
[252.020064] (-) TimerEvent: {}
[252.121116] (-) TimerEvent: {}
[252.222157] (-) TimerEvent: {}
[252.323265] (-) TimerEvent: {}
[252.424580] (-) TimerEvent: {}
[252.525792] (-) TimerEvent: {}
[252.627274] (-) TimerEvent: {}
[252.728552] (-) TimerEvent: {}
[252.829831] (-) TimerEvent: {}
[252.935142] (-) TimerEvent: {}
[253.037472] (-) TimerEvent: {}
[253.123233] (ei_whistle_cpp) StdoutLine: {'line': b'[ 69%] \x1b[32mBuilding CXX object CMakeFiles/whistle_node.dir/edge-impulse-sdk/tensorflow/lite/micro/kernels/softmax_common.cc.o\x1b[0m\n'}
[253.137771] (-) TimerEvent: {}
[253.240617] (-) TimerEvent: {}
[253.253463] (ei_whistle_cpp) StdoutLine: {'line': b'[ 69%] \x1b[32mBuilding CXX object CMakeFiles/whistle_node.dir/edge-impulse-sdk/tensorflow/lite/micro/kernels/space_to_batch_nd.cc.o\x1b[0m\n'}
[253.340888] (-) TimerEvent: {}
[253.442320] (-) TimerEvent: {}
[253.543831] (-) TimerEvent: {}
[253.645248] (-) TimerEvent: {}
[253.747484] (-) TimerEvent: {}
[253.849800] (-) TimerEvent: {}
[253.952643] (-) TimerEvent: {}
[254.055096] (-) TimerEvent: {}
[254.157535] (-) TimerEvent: {}
[254.260523] (-) TimerEvent: {}
[254.363235] (-) TimerEvent: {}
[254.466349] (-) TimerEvent: {}
[254.567873] (-) TimerEvent: {}
[254.669449] (-) TimerEvent: {}
[254.771027] (-) TimerEvent: {}
[254.872643] (-) TimerEvent: {}
[254.974349] (-) TimerEvent: {}
[255.076359] (-) TimerEvent: {}
[255.178697] (-) TimerEvent: {}
[255.280584] (-) TimerEvent: {}
[255.383828] (-) TimerEvent: {}
[255.485776] (-) TimerEvent: {}
[255.588270] (-) TimerEvent: {}
[255.690049] (-) TimerEvent: {}
[255.792280] (-) TimerEvent: {}
[255.894299] (-) TimerEvent: {}
[255.996481] (-) TimerEvent: {}
[256.098468] (-) TimerEvent: {}
[256.200243] (-) TimerEvent: {}
[256.302656] (-) TimerEvent: {}
[256.404763] (-) TimerEvent: {}
[256.485786] (ei_whistle_cpp) StdoutLine: {'line': b'[ 70%] \x1b[32mBuilding CXX object CMakeFiles/whistle_node.dir/edge-impulse-sdk/tensorflow/lite/micro/kernels/space_to_depth.cc.o\x1b[0m\n'}
[256.505039] (-) TimerEvent: {}
[256.608185] (-) TimerEvent: {}
[256.710774] (-) TimerEvent: {}
[256.813593] (-) TimerEvent: {}
[256.916662] (-) TimerEvent: {}
[257.021226] (-) TimerEvent: {}
[257.123767] (-) TimerEvent: {}
[257.226222] (-) TimerEvent: {}
[257.328586] (-) TimerEvent: {}
[257.431149] (-) TimerEvent: {}
[257.533553] (-) TimerEvent: {}
[257.636071] (-) TimerEvent: {}
[257.738586] (-) TimerEvent: {}
[257.841697] (-) TimerEvent: {}
[257.943514] (-) TimerEvent: {}
[258.046650] (-) TimerEvent: {}
[258.149069] (-) TimerEvent: {}
[258.251986] (-) TimerEvent: {}
[258.354478] (-) TimerEvent: {}
[258.457317] (-) TimerEvent: {}
[258.560396] (-) TimerEvent: {}
[258.662916] (-) TimerEvent: {}
[258.765671] (-) TimerEvent: {}
[258.868718] (-) TimerEvent: {}
[258.971784] (-) TimerEvent: {}
[259.074336] (-) TimerEvent: {}
[259.176752] (-) TimerEvent: {}
[259.279278] (-) TimerEvent: {}
[259.381851] (-) TimerEvent: {}
[259.484342] (-) TimerEvent: {}
[259.586018] (-) TimerEvent: {}
[259.687973] (-) TimerEvent: {}
[259.789900] (-) TimerEvent: {}
[259.891795] (-) TimerEvent: {}
[259.993480] (-) TimerEvent: {}
[260.095122] (-) TimerEvent: {}
[260.196768] (-) TimerEvent: {}
[260.298616] (-) TimerEvent: {}
[260.401097] (-) TimerEvent: {}
[260.502574] (-) TimerEvent: {}
[260.622464] (-) TimerEvent: {}
[260.723746] (-) TimerEvent: {}
[260.824840] (-) TimerEvent: {}
[260.925963] (-) TimerEvent: {}
[261.027053] (-) TimerEvent: {}
[261.128116] (-) TimerEvent: {}
[261.229159] (-) TimerEvent: {}
[261.330268] (-) TimerEvent: {}
[261.341707] (ei_whistle_cpp) StdoutLine: {'line': b'[ 71%] \x1b[32mBuilding CXX object CMakeFiles/whistle_node.dir/edge-impulse-sdk/tensorflow/lite/micro/kernels/split.cc.o\x1b[0m\n'}
[261.430532] (-) TimerEvent: {}
[261.532203] (-) TimerEvent: {}
[261.633863] (-) TimerEvent: {}
[261.735452] (-) TimerEvent: {}
[261.836978] (-) TimerEvent: {}
[261.938762] (-) TimerEvent: {}
[262.011288] (ei_whistle_cpp) StdoutLine: {'line': b'[ 71%] \x1b[32mBuilding CXX object CMakeFiles/whistle_node.dir/edge-impulse-sdk/tensorflow/lite/micro/kernels/split_v.cc.o\x1b[0m\n'}
[262.038948] (-) TimerEvent: {}
[262.085133] (ei_whistle_cpp) StdoutLine: {'line': b'[ 72%] \x1b[32mBuilding CXX object CMakeFiles/whistle_node.dir/edge-impulse-sdk/tensorflow/lite/micro/kernels/squared_difference.cc.o\x1b[0m\n'}
[262.139169] (-) TimerEvent: {}
[262.241048] (-) TimerEvent: {}
[262.342852] (-) TimerEvent: {}
[262.444857] (-) TimerEvent: {}
[262.546851] (-) TimerEvent: {}
[262.648320] (-) TimerEvent: {}
[262.749656] (-) TimerEvent: {}
[262.851182] (-) TimerEvent: {}
[262.952687] (-) TimerEvent: {}
[263.054671] (-) TimerEvent: {}
[263.160348] (-) TimerEvent: {}
[263.262676] (-) TimerEvent: {}
[263.372172] (-) TimerEvent: {}
[263.474456] (-) TimerEvent: {}
[263.577117] (-) TimerEvent: {}
[263.678552] (-) TimerEvent: {}
[263.780212] (-) TimerEvent: {}
[263.882163] (-) TimerEvent: {}
[263.984096] (-) TimerEvent: {}
[264.085950] (-) TimerEvent: {}
[264.187756] (-) TimerEvent: {}
[264.289593] (-) TimerEvent: {}
[264.392304] (-) TimerEvent: {}
[264.495717] (-) TimerEvent: {}
[264.597447] (-) TimerEvent: {}
[264.700636] (-) TimerEvent: {}
[264.802421] (-) TimerEvent: {}
[264.904118] (-) TimerEvent: {}
[265.005835] (-) TimerEvent: {}
[265.107521] (-) TimerEvent: {}
[265.209310] (-) TimerEvent: {}
[265.311032] (-) TimerEvent: {}
[265.412820] (-) TimerEvent: {}
[265.514293] (-) TimerEvent: {}
[265.615884] (-) TimerEvent: {}
[265.717984] (-) TimerEvent: {}
[265.819600] (-) TimerEvent: {}
[265.921154] (-) TimerEvent: {}
[266.022695] (-) TimerEvent: {}
[266.124260] (-) TimerEvent: {}
[266.225878] (-) TimerEvent: {}
[266.327407] (-) TimerEvent: {}
[266.429035] (-) TimerEvent: {}
[266.531694] (-) TimerEvent: {}
[266.543024] (ei_whistle_cpp) StdoutLine: {'line': b'[ 72%] \x1b[32mBuilding CXX object CMakeFiles/whistle_node.dir/edge-impulse-sdk/tensorflow/lite/micro/kernels/squeeze.cc.o\x1b[0m\n'}
[266.631955] (-) TimerEvent: {}
[266.733390] (-) TimerEvent: {}
[266.834960] (-) TimerEvent: {}
[266.936313] (-) TimerEvent: {}
[267.037718] (-) TimerEvent: {}
[267.139130] (-) TimerEvent: {}
[267.162933] (ei_whistle_cpp) StdoutLine: {'line': b'[ 73%] \x1b[32mBuilding CXX object CMakeFiles/whistle_node.dir/edge-impulse-sdk/tensorflow/lite/micro/kernels/strided_slice.cc.o\x1b[0m\n'}
[267.239370] (-) TimerEvent: {}
[267.340858] (-) TimerEvent: {}
[267.431536] (ei_whistle_cpp) StdoutLine: {'line': b'[ 74%] \x1b[32mBuilding CXX object CMakeFiles/whistle_node.dir/edge-impulse-sdk/tensorflow/lite/micro/kernels/sub.cc.o\x1b[0m\n'}
[267.441088] (-) TimerEvent: {}
[267.543041] (-) TimerEvent: {}
[267.645032] (-) TimerEvent: {}
[267.747405] (-) TimerEvent: {}
[267.849285] (-) TimerEvent: {}
[267.951720] (-) TimerEvent: {}
[268.054340] (-) TimerEvent: {}
[268.157258] (-) TimerEvent: {}
[268.258899] (-) TimerEvent: {}
[268.360279] (-) TimerEvent: {}
[268.462172] (-) TimerEvent: {}
[268.564120] (-) TimerEvent: {}
[268.666428] (-) TimerEvent: {}
[268.769549] (-) TimerEvent: {}
[268.871875] (-) TimerEvent: {}
[268.974303] (-) TimerEvent: {}
[269.077004] (-) TimerEvent: {}
[269.179945] (-) TimerEvent: {}
[269.282662] (-) TimerEvent: {}
[269.386366] (-) TimerEvent: {}
[269.488388] (-) TimerEvent: {}
[269.590072] (-) TimerEvent: {}
[269.691807] (-) TimerEvent: {}
[269.793566] (-) TimerEvent: {}
[269.895415] (-) TimerEvent: {}
[269.997321] (-) TimerEvent: {}
[270.099119] (-) TimerEvent: {}
[270.201014] (-) TimerEvent: {}
[270.302660] (-) TimerEvent: {}
[270.404995] (-) TimerEvent: {}
[270.507689] (-) TimerEvent: {}
[270.610570] (-) TimerEvent: {}
[270.713045] (-) TimerEvent: {}
[270.815579] (-) TimerEvent: {}
[270.916728] (-) TimerEvent: {}
[271.017982] (-) TimerEvent: {}
[271.119069] (-) TimerEvent: {}
[271.221745] (-) TimerEvent: {}
[271.272166] (ei_whistle_cpp) StdoutLine: {'line': b'[ 74%] \x1b[32mBuilding CXX object CMakeFiles/whistle_node.dir/edge-impulse-sdk/tensorflow/lite/micro/kernels/sub_common.cc.o\x1b[0m\n'}
[271.322393] (-) TimerEvent: {}
[271.424010] (-) TimerEvent: {}
[271.525464] (-) TimerEvent: {}
[271.627227] (-) TimerEvent: {}
[271.728650] (-) TimerEvent: {}
[271.830266] (-) TimerEvent: {}
[271.931983] (-) TimerEvent: {}
[272.034996] (-) TimerEvent: {}
[272.136601] (-) TimerEvent: {}
[272.238172] (-) TimerEvent: {}
[272.339656] (-) TimerEvent: {}
[272.441213] (-) TimerEvent: {}
[272.543006] (-) TimerEvent: {}
[272.644470] (-) TimerEvent: {}
[272.745892] (-) TimerEvent: {}
[272.847612] (-) TimerEvent: {}
[272.949373] (-) TimerEvent: {}
[273.050979] (-) TimerEvent: {}
[273.153304] (-) TimerEvent: {}
[273.255116] (-) TimerEvent: {}
[273.357758] (-) TimerEvent: {}
[273.467212] (-) TimerEvent: {}
[273.569885] (-) TimerEvent: {}
[273.672862] (-) TimerEvent: {}
[273.775302] (-) TimerEvent: {}
[273.876854] (-) TimerEvent: {}
[273.978520] (-) TimerEvent: {}
[274.080271] (-) TimerEvent: {}
[274.181956] (-) TimerEvent: {}
[274.283887] (-) TimerEvent: {}
[274.386001] (-) TimerEvent: {}
[274.487662] (-) TimerEvent: {}
[274.590179] (-) TimerEvent: {}
[274.691897] (-) TimerEvent: {}
[274.793524] (-) TimerEvent: {}
[274.895053] (-) TimerEvent: {}
[274.996701] (-) TimerEvent: {}
[275.098143] (-) TimerEvent: {}
[275.199805] (-) TimerEvent: {}
[275.301544] (-) TimerEvent: {}
[275.403177] (-) TimerEvent: {}
[275.505969] (-) TimerEvent: {}
[275.608413] (-) TimerEvent: {}
[275.631562] (ei_whistle_cpp) StdoutLine: {'line': b'[ 75%] \x1b[32mBuilding CXX object CMakeFiles/whistle_node.dir/edge-impulse-sdk/tensorflow/lite/micro/kernels/svdf.cc.o\x1b[0m\n'}
[275.708732] (-) TimerEvent: {}
[275.811159] (-) TimerEvent: {}
[275.913483] (-) TimerEvent: {}
[276.015755] (-) TimerEvent: {}
[276.118281] (-) TimerEvent: {}
[276.190658] (ei_whistle_cpp) StdoutLine: {'line': b'[ 75%] \x1b[32mBuilding CXX object CMakeFiles/whistle_node.dir/edge-impulse-sdk/tensorflow/lite/micro/kernels/svdf_common.cc.o\x1b[0m\n'}
[276.218523] (-) TimerEvent: {}
[276.320953] (-) TimerEvent: {}
[276.425128] (-) TimerEvent: {}
[276.527779] (-) TimerEvent: {}
[276.630567] (-) TimerEvent: {}
[276.732807] (-) TimerEvent: {}
[276.835040] (-) TimerEvent: {}
[276.937194] (-) TimerEvent: {}
[277.039692] (-) TimerEvent: {}
[277.142585] (-) TimerEvent: {}
[277.245281] (-) TimerEvent: {}
[277.347661] (-) TimerEvent: {}
[277.450201] (-) TimerEvent: {}
[277.553119] (-) TimerEvent: {}
[277.656078] (-) TimerEvent: {}
[277.758646] (-) TimerEvent: {}
[277.861322] (-) TimerEvent: {}
[277.963963] (-) TimerEvent: {}
[278.066955] (-) TimerEvent: {}
[278.168698] (-) TimerEvent: {}
[278.270326] (-) TimerEvent: {}
[278.371978] (-) TimerEvent: {}
[278.473776] (-) TimerEvent: {}
[278.576533] (-) TimerEvent: {}
[278.679292] (-) TimerEvent: {}
[278.781790] (-) TimerEvent: {}
[278.884131] (-) TimerEvent: {}
[278.986637] (-) TimerEvent: {}
[279.089033] (-) TimerEvent: {}
[279.191050] (-) TimerEvent: {}
[279.293247] (-) TimerEvent: {}
[279.395274] (-) TimerEvent: {}
[279.497192] (-) TimerEvent: {}
[279.598433] (-) TimerEvent: {}
[279.699669] (-) TimerEvent: {}
[279.800870] (-) TimerEvent: {}
[279.902123] (-) TimerEvent: {}
[280.003254] (-) TimerEvent: {}
[280.104432] (-) TimerEvent: {}
[280.205977] (-) TimerEvent: {}
[280.235421] (ei_whistle_cpp) StdoutLine: {'line': b'[ 76%] \x1b[32mBuilding CXX object CMakeFiles/whistle_node.dir/edge-impulse-sdk/tensorflow/lite/micro/kernels/tanh.cc.o\x1b[0m\n'}
[280.306233] (-) TimerEvent: {}
[280.407420] (-) TimerEvent: {}
[280.508639] (-) TimerEvent: {}
[280.609736] (-) TimerEvent: {}
[280.711326] (-) TimerEvent: {}
[280.813148] (-) TimerEvent: {}
[280.914919] (-) TimerEvent: {}
[281.016874] (-) TimerEvent: {}
[281.118802] (-) TimerEvent: {}
[281.220515] (-) TimerEvent: {}
[281.322383] (-) TimerEvent: {}
[281.424500] (-) TimerEvent: {}
[281.526459] (-) TimerEvent: {}
[281.628509] (-) TimerEvent: {}
[281.730319] (-) TimerEvent: {}
[281.832364] (-) TimerEvent: {}
[281.934152] (-) TimerEvent: {}
[282.036102] (-) TimerEvent: {}
[282.138085] (-) TimerEvent: {}
[282.240657] (-) TimerEvent: {}
[282.343227] (-) TimerEvent: {}
[282.445772] (-) TimerEvent: {}
[282.548221] (-) TimerEvent: {}
[282.650718] (-) TimerEvent: {}
[282.753176] (-) TimerEvent: {}
[282.855809] (-) TimerEvent: {}
[282.958434] (-) TimerEvent: {}
[283.061116] (-) TimerEvent: {}
[283.162908] (-) TimerEvent: {}
[283.265268] (-) TimerEvent: {}
[283.368038] (-) TimerEvent: {}
[283.470521] (-) TimerEvent: {}
[283.573117] (-) TimerEvent: {}
[283.675773] (-) TimerEvent: {}
[283.778383] (-) TimerEvent: {}
[283.881014] (-) TimerEvent: {}
[283.983624] (-) TimerEvent: {}
[284.036987] (ei_whistle_cpp) StdoutLine: {'line': b'[ 77%] \x1b[32mBuilding CXX object CMakeFiles/whistle_node.dir/edge-impulse-sdk/tensorflow/lite/micro/kernels/tile.cc.o\x1b[0m\n'}
[284.083915] (-) TimerEvent: {}
[284.186457] (-) TimerEvent: {}
[284.289073] (-) TimerEvent: {}
[284.391900] (-) TimerEvent: {}
[284.494608] (-) TimerEvent: {}
[284.603835] (-) TimerEvent: {}
[284.705354] (-) TimerEvent: {}
[284.806705] (-) TimerEvent: {}
[284.908890] (-) TimerEvent: {}
[285.010930] (-) TimerEvent: {}
[285.113019] (-) TimerEvent: {}
[285.215495] (-) TimerEvent: {}
[285.316755] (-) TimerEvent: {}
[285.417986] (-) TimerEvent: {}
[285.519252] (-) TimerEvent: {}
[285.620465] (-) TimerEvent: {}
[285.721760] (-) TimerEvent: {}
[285.823054] (-) TimerEvent: {}
[285.924278] (-) TimerEvent: {}
[286.025871] (-) TimerEvent: {}
[286.127383] (-) TimerEvent: {}
[286.228719] (-) TimerEvent: {}
[286.329971] (-) TimerEvent: {}
[286.431251] (-) TimerEvent: {}
[286.532512] (-) TimerEvent: {}
[286.633741] (-) TimerEvent: {}
[286.734952] (-) TimerEvent: {}
[286.836316] (-) TimerEvent: {}
[286.937465] (-) TimerEvent: {}
[287.039209] (-) TimerEvent: {}
[287.141053] (-) TimerEvent: {}
[287.242026] (-) TimerEvent: {}
[287.343064] (-) TimerEvent: {}
[287.444628] (-) TimerEvent: {}
[287.545769] (-) TimerEvent: {}
[287.646782] (-) TimerEvent: {}
[287.747786] (-) TimerEvent: {}
[287.848753] (-) TimerEvent: {}
[287.949719] (-) TimerEvent: {}
[288.050849] (-) TimerEvent: {}
[288.151836] (-) TimerEvent: {}
[288.252692] (-) TimerEvent: {}
[288.353530] (-) TimerEvent: {}
[288.454394] (-) TimerEvent: {}
[288.555303] (-) TimerEvent: {}
[288.656210] (-) TimerEvent: {}
[288.757054] (-) TimerEvent: {}
[288.858087] (-) TimerEvent: {}
[288.958988] (-) TimerEvent: {}
[289.059843] (-) TimerEvent: {}
[289.107052] (ei_whistle_cpp) StdoutLine: {'line': b'[ 77%] \x1b[32mBuilding CXX object CMakeFiles/whistle_node.dir/edge-impulse-sdk/tensorflow/lite/micro/kernels/transpose_conv.cc.o\x1b[0m\n'}
[289.161864] (-) TimerEvent: {}
[289.262973] (-) TimerEvent: {}
[289.363928] (-) TimerEvent: {}
[289.414893] (ei_whistle_cpp) StdoutLine: {'line': b'[ 78%] \x1b[32mBuilding CXX object CMakeFiles/whistle_node.dir/edge-impulse-sdk/tensorflow/lite/micro/kernels/transpose.cc.o\x1b[0m\n'}
[289.464171] (-) TimerEvent: {}
[289.565078] (-) TimerEvent: {}
[289.665871] (-) TimerEvent: {}
[289.766708] (-) TimerEvent: {}
[289.867560] (-) TimerEvent: {}
[289.968369] (-) TimerEvent: {}
[290.069116] (-) TimerEvent: {}
[290.169850] (-) TimerEvent: {}
[290.270745] (-) TimerEvent: {}
[290.371931] (-) TimerEvent: {}
[290.470965] (ei_whistle_cpp) StdoutLine: {'line': b'[ 79%] \x1b[32mBuilding CXX object CMakeFiles/whistle_node.dir/edge-impulse-sdk/tensorflow/lite/micro/kernels/tree_ensemble_classifier.cc.o\x1b[0m\n'}
[290.473952] (-) TimerEvent: {}
[290.575405] (-) TimerEvent: {}
[290.676936] (-) TimerEvent: {}
[290.778493] (-) TimerEvent: {}
[290.880371] (-) TimerEvent: {}
[290.982353] (-) TimerEvent: {}
[291.085085] (-) TimerEvent: {}
[291.186182] (-) TimerEvent: {}
[291.287399] (-) TimerEvent: {}
[291.388483] (-) TimerEvent: {}
[291.489601] (-) TimerEvent: {}
[291.545580] (ei_whistle_cpp) StdoutLine: {'line': b'[ 79%] \x1b[32mBuilding CXX object CMakeFiles/whistle_node.dir/edge-impulse-sdk/tensorflow/lite/micro/kernels/topk_v2.cc.o\x1b[0m\n'}
[291.589874] (-) TimerEvent: {}
[291.692694] (-) TimerEvent: {}
[291.795504] (-) TimerEvent: {}
[291.897941] (-) TimerEvent: {}
[292.001634] (-) TimerEvent: {}
[292.104080] (-) TimerEvent: {}
[292.206859] (-) TimerEvent: {}
[292.309373] (-) TimerEvent: {}
[292.412021] (-) TimerEvent: {}
[292.514645] (-) TimerEvent: {}
[292.617392] (-) TimerEvent: {}
[292.719921] (-) TimerEvent: {}
[292.822712] (-) TimerEvent: {}
[292.925402] (-) TimerEvent: {}
[293.031052] (-) TimerEvent: {}
[293.132615] (-) TimerEvent: {}
[293.234155] (-) TimerEvent: {}
[293.339099] (-) TimerEvent: {}
[293.443766] (-) TimerEvent: {}
[293.546530] (-) TimerEvent: {}
[293.649651] (-) TimerEvent: {}
[293.752736] (-) TimerEvent: {}
[293.855148] (-) TimerEvent: {}
[293.957903] (-) TimerEvent: {}
[294.061246] (-) TimerEvent: {}
[294.163557] (-) TimerEvent: {}
[294.265334] (-) TimerEvent: {}
[294.355347] (ei_whistle_cpp) StdoutLine: {'line': b'[ 80%] \x1b[32mBuilding CXX object CMakeFiles/whistle_node.dir/edge-impulse-sdk/tensorflow/lite/micro/kernels/unidirectional_sequence_lstm.cc.o\x1b[0m\n'}
[294.365651] (-) TimerEvent: {}
[294.467469] (-) TimerEvent: {}
[294.569225] (-) TimerEvent: {}
[294.672268] (-) TimerEvent: {}
[294.774766] (-) TimerEvent: {}
[294.877447] (-) TimerEvent: {}
[294.980052] (-) TimerEvent: {}
[295.081703] (-) TimerEvent: {}
[295.183485] (-) TimerEvent: {}
[295.285278] (-) TimerEvent: {}
[295.386880] (-) TimerEvent: {}
[295.488575] (-) TimerEvent: {}
[295.590326] (-) TimerEvent: {}
[295.692104] (-) TimerEvent: {}
[295.794047] (-) TimerEvent: {}
[295.895735] (-) TimerEvent: {}
[295.997493] (-) TimerEvent: {}
[296.099209] (-) TimerEvent: {}
[296.200850] (-) TimerEvent: {}
[296.302499] (-) TimerEvent: {}
[296.404140] (-) TimerEvent: {}
[296.505797] (-) TimerEvent: {}
[296.607527] (-) TimerEvent: {}
[296.709249] (-) TimerEvent: {}
[296.768830] (ei_whistle_cpp) StdoutLine: {'line': b'[ 80%] \x1b[32mBuilding CXX object CMakeFiles/whistle_node.dir/edge-impulse-sdk/tensorflow/lite/micro/kernels/unpack.cc.o\x1b[0m\n'}
[296.809516] (-) TimerEvent: {}
[296.911231] (-) TimerEvent: {}
[297.012537] (-) TimerEvent: {}
[297.114084] (-) TimerEvent: {}
[297.215467] (-) TimerEvent: {}
[297.316975] (-) TimerEvent: {}
[297.419017] (-) TimerEvent: {}
[297.462115] (ei_whistle_cpp) StdoutLine: {'line': b'[ 81%] \x1b[32mBuilding CXX object CMakeFiles/whistle_node.dir/edge-impulse-sdk/tensorflow/lite/micro/kernels/var_handle.cc.o\x1b[0m\n'}
[297.519275] (-) TimerEvent: {}
[297.621505] (-) TimerEvent: {}
[297.723593] (-) TimerEvent: {}
[297.825644] (-) TimerEvent: {}
[297.929219] (-) TimerEvent: {}
[298.031870] (-) TimerEvent: {}
[298.135851] (-) TimerEvent: {}
[298.238116] (-) TimerEvent: {}
[298.340344] (-) TimerEvent: {}
[298.442752] (-) TimerEvent: {}
[298.545258] (-) TimerEvent: {}
[298.647943] (-) TimerEvent: {}
[298.750445] (-) TimerEvent: {}
[298.853003] (-) TimerEvent: {}
[298.955651] (-) TimerEvent: {}
[299.058367] (-) TimerEvent: {}
[299.161217] (-) TimerEvent: {}
[299.264097] (-) TimerEvent: {}
[299.366646] (-) TimerEvent: {}
[299.469202] (-) TimerEvent: {}
[299.571733] (-) TimerEvent: {}
[299.674168] (-) TimerEvent: {}
[299.776632] (-) TimerEvent: {}
[299.879372] (-) TimerEvent: {}
[299.981971] (-) TimerEvent: {}
[300.084685] (-) TimerEvent: {}
[300.186371] (-) TimerEvent: {}
[300.288392] (-) TimerEvent: {}
[300.390088] (-) TimerEvent: {}
[300.491854] (-) TimerEvent: {}
[300.593635] (-) TimerEvent: {}
[300.695606] (-) TimerEvent: {}
[300.797401] (-) TimerEvent: {}
[300.899193] (-) TimerEvent: {}
[301.000973] (-) TimerEvent: {}
[301.103654] (-) TimerEvent: {}
[301.205935] (-) TimerEvent: {}
[301.308292] (-) TimerEvent: {}
[301.410669] (-) TimerEvent: {}
[301.512131] (-) TimerEvent: {}
[301.613859] (-) TimerEvent: {}
[301.695833] (ei_whistle_cpp) StdoutLine: {'line': b'[ 81%] \x1b[32mBuilding CXX object CMakeFiles/whistle_node.dir/edge-impulse-sdk/tensorflow/lite/micro/kernels/while.cc.o\x1b[0m\n'}
[301.714098] (-) TimerEvent: {}
[301.785058] (ei_whistle_cpp) StdoutLine: {'line': b'[ 82%] \x1b[32mBuilding CXX object CMakeFiles/whistle_node.dir/edge-impulse-sdk/tensorflow/lite/micro/kernels/zeros_like.cc.o\x1b[0m\n'}
[301.814353] (-) TimerEvent: {}
[301.916550] (-) TimerEvent: {}
[302.018831] (-) TimerEvent: {}
[302.121019] (-) TimerEvent: {}
[302.223737] (-) TimerEvent: {}
[302.327878] (-) TimerEvent: {}
[302.430352] (-) TimerEvent: {}
[302.431549] (ei_whistle_cpp) StdoutLine: {'line': b'[ 83%] \x1b[32mBuilding CXX object CMakeFiles/whistle_node.dir/edge-impulse-sdk/tensorflow/lite/micro/memory_helpers.cc.o\x1b[0m\n'}
[302.530603] (-) TimerEvent: {}
[302.632064] (-) TimerEvent: {}
[302.733338] (-) TimerEvent: {}
[302.834702] (-) TimerEvent: {}
[302.935978] (-) TimerEvent: {}
[303.037495] (-) TimerEvent: {}
[303.139037] (-) TimerEvent: {}
[303.240557] (-) TimerEvent: {}
[303.341559] (-) TimerEvent: {}
[303.443634] (-) TimerEvent: {}
[303.545425] (-) TimerEvent: {}
[303.647073] (-) TimerEvent: {}
[303.749002] (-) TimerEvent: {}
[303.850837] (-) TimerEvent: {}
[303.952438] (-) TimerEvent: {}
[304.054077] (-) TimerEvent: {}
[304.163875] (-) TimerEvent: {}
[304.266531] (-) TimerEvent: {}
[304.368947] (-) TimerEvent: {}
[304.470780] (-) TimerEvent: {}
[304.572588] (-) TimerEvent: {}
[304.674458] (-) TimerEvent: {}
[304.776360] (-) TimerEvent: {}
[304.878344] (-) TimerEvent: {}
[304.980091] (-) TimerEvent: {}
[305.082227] (-) TimerEvent: {}
[305.184240] (-) TimerEvent: {}
[305.286395] (-) TimerEvent: {}
[305.388509] (-) TimerEvent: {}
[305.490414] (-) TimerEvent: {}
[305.592075] (-) TimerEvent: {}
[305.693824] (-) TimerEvent: {}
[305.795584] (-) TimerEvent: {}
[305.897183] (-) TimerEvent: {}
[305.998938] (-) TimerEvent: {}
[306.101635] (-) TimerEvent: {}
[306.203343] (-) TimerEvent: {}
[306.304901] (-) TimerEvent: {}
[306.406488] (-) TimerEvent: {}
[306.508095] (-) TimerEvent: {}
[306.609703] (-) TimerEvent: {}
[306.711496] (-) TimerEvent: {}
[306.813270] (-) TimerEvent: {}
[306.914832] (-) TimerEvent: {}
[307.016568] (-) TimerEvent: {}
[307.118176] (-) TimerEvent: {}
[307.219903] (-) TimerEvent: {}
[307.322143] (-) TimerEvent: {}
[307.371739] (ei_whistle_cpp) StdoutLine: {'line': b'[ 83%] \x1b[32mBuilding CXX object CMakeFiles/whistle_node.dir/edge-impulse-sdk/tensorflow/lite/micro/memory_planner/greedy_memory_planner.cc.o\x1b[0m\n'}
[307.422458] (-) TimerEvent: {}
[307.524704] (-) TimerEvent: {}
[307.626260] (-) TimerEvent: {}
[307.727839] (-) TimerEvent: {}
[307.830613] (-) TimerEvent: {}
[307.858733] (ei_whistle_cpp) StdoutLine: {'line': b'[ 84%] \x1b[32mBuilding CXX object CMakeFiles/whistle_node.dir/edge-impulse-sdk/tensorflow/lite/micro/memory_planner/linear_memory_planner.cc.o\x1b[0m\n'}
[307.931018] (-) TimerEvent: {}
[308.043019] (-) TimerEvent: {}
[308.150148] (-) TimerEvent: {}
[308.251979] (-) TimerEvent: {}
[308.293093] (ei_whistle_cpp) StdoutLine: {'line': b'[ 84%] \x1b[32mBuilding CXX object CMakeFiles/whistle_node.dir/edge-impulse-sdk/tensorflow/lite/micro/memory_planner/non_persistent_buffer_planner_shim.cc.o\x1b[0m\n'}
[308.352240] (-) TimerEvent: {}
[308.454439] (-) TimerEvent: {}
[308.557064] (-) TimerEvent: {}
[308.659860] (-) TimerEvent: {}
[308.762668] (-) TimerEvent: {}
[308.865391] (-) TimerEvent: {}
[308.968740] (-) TimerEvent: {}
[309.071432] (-) TimerEvent: {}
[309.174352] (-) TimerEvent: {}
[309.277720] (-) TimerEvent: {}
[309.382628] (-) TimerEvent: {}
[309.484868] (-) TimerEvent: {}
[309.586640] (-) TimerEvent: {}
[309.688506] (-) TimerEvent: {}
[309.790329] (-) TimerEvent: {}
[309.892067] (-) TimerEvent: {}
[309.993808] (-) TimerEvent: {}
[310.095736] (-) TimerEvent: {}
[310.197576] (-) TimerEvent: {}
[310.299394] (-) TimerEvent: {}
[310.401234] (-) TimerEvent: {}
[310.503217] (-) TimerEvent: {}
[310.605149] (-) TimerEvent: {}
[310.706897] (-) TimerEvent: {}
[310.808696] (-) TimerEvent: {}
[310.911477] (-) TimerEvent: {}
[311.014112] (-) TimerEvent: {}
[311.115902] (-) TimerEvent: {}
[311.210490] (ei_whistle_cpp) StdoutLine: {'line': b'[ 85%] \x1b[32mBuilding CXX object CMakeFiles/whistle_node.dir/edge-impulse-sdk/tensorflow/lite/micro/micro_allocation_info.cc.o\x1b[0m\n'}
[311.216220] (-) TimerEvent: {}
[311.318163] (-) TimerEvent: {}
[311.420422] (-) TimerEvent: {}
[311.522315] (-) TimerEvent: {}
[311.624171] (-) TimerEvent: {}
[311.725954] (-) TimerEvent: {}
[311.828419] (-) TimerEvent: {}
[311.930335] (-) TimerEvent: {}
[312.032169] (-) TimerEvent: {}
[312.133977] (-) TimerEvent: {}
[312.235774] (-) TimerEvent: {}
[312.337461] (-) TimerEvent: {}
[312.439451] (-) TimerEvent: {}
[312.541411] (-) TimerEvent: {}
[312.643223] (-) TimerEvent: {}
[312.744899] (-) TimerEvent: {}
[312.846588] (-) TimerEvent: {}
[312.948396] (-) TimerEvent: {}
[313.050575] (-) TimerEvent: {}
[313.153049] (-) TimerEvent: {}
[313.258227] (-) TimerEvent: {}
[313.370195] (-) TimerEvent: {}
[313.472608] (-) TimerEvent: {}
[313.575240] (-) TimerEvent: {}
[313.677954] (-) TimerEvent: {}
[313.780792] (-) TimerEvent: {}
[313.883549] (-) TimerEvent: {}
[313.986270] (-) TimerEvent: {}
[314.088952] (-) TimerEvent: {}
[314.191642] (-) TimerEvent: {}
[314.294521] (-) TimerEvent: {}
[314.397391] (-) TimerEvent: {}
[314.500384] (-) TimerEvent: {}
[314.602946] (-) TimerEvent: {}
[314.705048] (-) TimerEvent: {}
[314.806862] (-) TimerEvent: {}
[314.909008] (-) TimerEvent: {}
[315.011126] (-) TimerEvent: {}
[315.113063] (-) TimerEvent: {}
[315.216211] (-) TimerEvent: {}
[315.318155] (-) TimerEvent: {}
[315.419888] (-) TimerEvent: {}
[315.521484] (-) TimerEvent: {}
[315.623248] (-) TimerEvent: {}
[315.724938] (-) TimerEvent: {}
[315.826542] (-) TimerEvent: {}
[315.934001] (-) TimerEvent: {}
[316.035784] (-) TimerEvent: {}
[316.137484] (-) TimerEvent: {}
[316.239111] (-) TimerEvent: {}
[316.340752] (-) TimerEvent: {}
[316.442428] (-) TimerEvent: {}
[316.544325] (-) TimerEvent: {}
[316.646592] (-) TimerEvent: {}
[316.748486] (-) TimerEvent: {}
[316.850577] (-) TimerEvent: {}
[316.952154] (-) TimerEvent: {}
[317.053933] (-) TimerEvent: {}
[317.155767] (-) TimerEvent: {}
[317.257432] (-) TimerEvent: {}
[317.359183] (-) TimerEvent: {}
[317.373276] (ei_whistle_cpp) StderrLine: {'line': b'\x1b[01m\x1b[K/home/dev/respeaker_deep_audio/src/ei_whistle_cpp/edge-impulse-sdk/tensorflow/lite/micro/memory_helpers.cc:\x1b[m\x1b[K In function \xe2\x80\x98\x1b[01m\x1b[KTfLiteStatus tflite::BytesRequiredForTensor(const tflite::Tensor&, size_t*, size_t*)\x1b[m\x1b[K\xe2\x80\x99:\n'}
[317.377726] (ei_whistle_cpp) StderrLine: {'line': b'\x1b[01m\x1b[K/home/dev/respeaker_deep_audio/src/ei_whistle_cpp/edge-impulse-sdk/tensorflow/lite/micro/memory_helpers.cc:107:61:\x1b[m\x1b[K \x1b[01;35m\x1b[Kwarning: \x1b[m\x1b[K\xe2\x80\x98\x1b[01m\x1b[Kflatbuffers::uoffset_t flatbuffers::Vector<T>::Length() const [with T = int; flatbuffers::uoffset_t = unsigned int]\x1b[m\x1b[K\xe2\x80\x99 is deprecated: use size() instead [\x1b[01;35m\x1b[K\x1b]8;;https://gcc.gnu.org/onlinedocs/gcc/Warning-Options.html#index-Wdeprecated-declarations\x07-Wdeprecated-declarations\x1b]8;;\x07\x1b[m\x1b[K]\n'}
[317.382026] (ei_whistle_cpp) StderrLine: {'line': b'  107 |     for (size_t n = 0; n < \x1b[01;35m\x1b[Kflatbuffer_tensor.shape()->Length()\x1b[m\x1b[K; ++n) {\n'}
[317.386676] (ei_whistle_cpp) StderrLine: {'line': b'      |                            \x1b[01;35m\x1b[K~~~~~~~~~~~~~~~~~~~~~~~~~~~~~~~~~^~\x1b[m\x1b[K\n'}
[317.391093] (ei_whistle_cpp) StderrLine: {'line': b'In file included from \x1b[01m\x1b[K/home/dev/respeaker_deep_audio/src/ei_whistle_cpp/edge-impulse-sdk/third_party/flatbuffers/include/flatbuffers/fb_array.h:22\x1b[m\x1b[K,\n'}
[317.395512] (ei_whistle_cpp) StderrLine: {'line': b'                 from \x1b[01m\x1b[K/home/dev/respeaker_deep_audio/src/ei_whistle_cpp/edge-impulse-sdk/third_party/flatbuffers/include/flatbuffers/flatbuffers.h:22\x1b[m\x1b[K,\n'}
[317.412175] (ei_whistle_cpp) StderrLine: {'line': b'                 from \x1b[01m\x1b[K/home/dev/respeaker_deep_audio/src/ei_whistle_cpp/edge-impulse-sdk/tensorflow/lite/schema/schema_generated.h:4\x1b[m\x1b[K,\n'}
[317.415919] (ei_whistle_cpp) StderrLine: {'line': b'                 from \x1b[01m\x1b[K/home/dev/respeaker_deep_audio/src/ei_whistle_cpp/edge-impulse-sdk/tensorflow/lite/micro/memory_helpers.h:22\x1b[m\x1b[K,\n'}
[317.421639] (ei_whistle_cpp) StderrLine: {'line': b'                 from \x1b[01m\x1b[K/home/dev/respeaker_deep_audio/src/ei_whistle_cpp/edge-impulse-sdk/tensorflow/lite/micro/memory_helpers.cc:16\x1b[m\x1b[K:\n'}
[317.425308] (ei_whistle_cpp) StderrLine: {'line': b'\x1b[01m\x1b[K/home/dev/respeaker_deep_audio/src/ei_whistle_cpp/edge-impulse-sdk/third_party/flatbuffers/include/flatbuffers/fb_vector.h:163:13:\x1b[m\x1b[K \x1b[01;36m\x1b[Knote: \x1b[m\x1b[Kdeclared here\n'}
[317.428953] (ei_whistle_cpp) StderrLine: {'line': b'  163 |   uoffset_t \x1b[01;36m\x1b[KLength\x1b[m\x1b[K() const { return size(); }\n'}
[317.432542] (ei_whistle_cpp) StderrLine: {'line': b'      |             \x1b[01;36m\x1b[K^~~~~~\x1b[m\x1b[K\n'}
[317.459478] (-) TimerEvent: {}
[317.561215] (-) TimerEvent: {}
[317.663042] (-) TimerEvent: {}
[317.764984] (-) TimerEvent: {}
[317.868120] (-) TimerEvent: {}
[317.972093] (-) TimerEvent: {}
[318.091719] (-) TimerEvent: {}
[318.193249] (-) TimerEvent: {}
[318.296496] (-) TimerEvent: {}
[318.399315] (-) TimerEvent: {}
[318.419464] (ei_whistle_cpp) StdoutLine: {'line': b'[ 86%] \x1b[32mBuilding CXX object CMakeFiles/whistle_node.dir/edge-impulse-sdk/tensorflow/lite/micro/micro_allocator.cc.o\x1b[0m\n'}
[318.499569] (-) TimerEvent: {}
[318.603090] (-) TimerEvent: {}
[318.705340] (-) TimerEvent: {}
[318.807639] (-) TimerEvent: {}
[318.911814] (-) TimerEvent: {}
[319.014141] (-) TimerEvent: {}
[319.116569] (-) TimerEvent: {}
[319.218875] (-) TimerEvent: {}
[319.321446] (-) TimerEvent: {}
[319.424513] (-) TimerEvent: {}
[319.525623] (-) TimerEvent: {}
[319.628340] (-) TimerEvent: {}
[319.731036] (-) TimerEvent: {}
[319.833626] (-) TimerEvent: {}
[319.935364] (-) TimerEvent: {}
[320.037628] (-) TimerEvent: {}
[320.139899] (-) TimerEvent: {}
[320.241579] (-) TimerEvent: {}
[320.343258] (-) TimerEvent: {}
[320.444913] (-) TimerEvent: {}
[320.546644] (-) TimerEvent: {}
[320.648523] (-) TimerEvent: {}
[320.751475] (-) TimerEvent: {}
[320.853301] (-) TimerEvent: {}
[320.955119] (-) TimerEvent: {}
[321.057127] (-) TimerEvent: {}
[321.158853] (-) TimerEvent: {}
[321.260567] (-) TimerEvent: {}
[321.362234] (-) TimerEvent: {}
[321.463977] (-) TimerEvent: {}
[321.565986] (-) TimerEvent: {}
[321.667650] (-) TimerEvent: {}
[321.769314] (-) TimerEvent: {}
[321.871159] (-) TimerEvent: {}
[321.973678] (-) TimerEvent: {}
[322.075965] (-) TimerEvent: {}
[322.171162] (ei_whistle_cpp) StdoutLine: {'line': b'[ 86%] \x1b[32mBuilding CXX object CMakeFiles/whistle_node.dir/edge-impulse-sdk/tensorflow/lite/micro/micro_context.cc.o\x1b[0m\n'}
[322.176410] (-) TimerEvent: {}
[322.277772] (-) TimerEvent: {}
[322.380931] (-) TimerEvent: {}
[322.482887] (-) TimerEvent: {}
[322.584203] (-) TimerEvent: {}
[322.685630] (-) TimerEvent: {}
[322.775118] (ei_whistle_cpp) StdoutLine: {'line': b'[ 87%] \x1b[32mBuilding CXX object CMakeFiles/whistle_node.dir/edge-impulse-sdk/tensorflow/lite/micro/micro_error_reporter.cc.o\x1b[0m\n'}
[322.785869] (-) TimerEvent: {}
[322.887285] (-) TimerEvent: {}
[322.989311] (-) TimerEvent: {}
[323.091599] (-) TimerEvent: {}
[323.119320] (ei_whistle_cpp) StdoutLine: {'line': b'[ 87%] \x1b[32mBuilding CXX object CMakeFiles/whistle_node.dir/edge-impulse-sdk/tensorflow/lite/micro/micro_graph.cc.o\x1b[0m\n'}
[323.191864] (-) TimerEvent: {}
[323.293242] (-) TimerEvent: {}
[323.395218] (-) TimerEvent: {}
[323.497630] (-) TimerEvent: {}
[323.600725] (-) TimerEvent: {}
[323.703090] (-) TimerEvent: {}
[323.805601] (-) TimerEvent: {}
[323.909011] (-) TimerEvent: {}
[324.011117] (-) TimerEvent: {}
[324.112710] (-) TimerEvent: {}
[324.214254] (-) TimerEvent: {}
[324.320954] (-) TimerEvent: {}
[324.422044] (-) TimerEvent: {}
[324.523761] (-) TimerEvent: {}
[324.625518] (-) TimerEvent: {}
[324.727288] (-) TimerEvent: {}
[324.828856] (-) TimerEvent: {}
[324.930898] (-) TimerEvent: {}
[325.032974] (-) TimerEvent: {}
[325.134755] (-) TimerEvent: {}
[325.236656] (-) TimerEvent: {}
[325.338369] (-) TimerEvent: {}
[325.440279] (-) TimerEvent: {}
[325.543348] (-) TimerEvent: {}
[325.645973] (-) TimerEvent: {}
[325.747899] (-) TimerEvent: {}
[325.849715] (-) TimerEvent: {}
[325.951562] (-) TimerEvent: {}
[326.053261] (-) TimerEvent: {}
[326.155040] (-) TimerEvent: {}
[326.257159] (-) TimerEvent: {}
[326.358934] (-) TimerEvent: {}
[326.460642] (-) TimerEvent: {}
[326.562441] (-) TimerEvent: {}
[326.664295] (-) TimerEvent: {}
[326.766118] (-) TimerEvent: {}
[326.867913] (-) TimerEvent: {}
[326.969631] (-) TimerEvent: {}
[327.071390] (-) TimerEvent: {}
[327.173171] (-) TimerEvent: {}
[327.215755] (ei_whistle_cpp) StdoutLine: {'line': b'[ 88%] \x1b[32mBuilding CXX object CMakeFiles/whistle_node.dir/edge-impulse-sdk/tensorflow/lite/micro/micro_interpreter.cc.o\x1b[0m\n'}
[327.273446] (-) TimerEvent: {}
[327.374513] (-) TimerEvent: {}
[327.475645] (-) TimerEvent: {}
[327.576742] (-) TimerEvent: {}
[327.677835] (-) TimerEvent: {}
[327.778958] (-) TimerEvent: {}
[327.880048] (-) TimerEvent: {}
[327.983541] (-) TimerEvent: {}
[328.085093] (-) TimerEvent: {}
[328.187513] (-) TimerEvent: {}
[328.289347] (-) TimerEvent: {}
[328.391771] (-) TimerEvent: {}
[328.494361] (-) TimerEvent: {}
[328.597251] (-) TimerEvent: {}
[328.699797] (-) TimerEvent: {}
[328.802311] (-) TimerEvent: {}
[328.905368] (-) TimerEvent: {}
[329.007933] (-) TimerEvent: {}
[329.110865] (-) TimerEvent: {}
[329.213920] (-) TimerEvent: {}
[329.317071] (-) TimerEvent: {}
[329.419463] (-) TimerEvent: {}
[329.522072] (-) TimerEvent: {}
[329.624566] (-) TimerEvent: {}
[329.726291] (-) TimerEvent: {}
[329.828291] (-) TimerEvent: {}
[329.930097] (-) TimerEvent: {}
[330.031961] (-) TimerEvent: {}
[330.133811] (-) TimerEvent: {}
[330.235679] (-) TimerEvent: {}
[330.338317] (-) TimerEvent: {}
[330.440813] (-) TimerEvent: {}
[330.544644] (-) TimerEvent: {}
[330.646630] (-) TimerEvent: {}
[330.748556] (-) TimerEvent: {}
[330.850451] (-) TimerEvent: {}
[330.952410] (-) TimerEvent: {}
[331.054198] (-) TimerEvent: {}
[331.155957] (-) TimerEvent: {}
[331.257731] (-) TimerEvent: {}
[331.359519] (-) TimerEvent: {}
[331.462088] (-) TimerEvent: {}
[331.563625] (-) TimerEvent: {}
[331.605924] (ei_whistle_cpp) StdoutLine: {'line': b'[ 89%] \x1b[32mBuilding CXX object CMakeFiles/whistle_node.dir/edge-impulse-sdk/tensorflow/lite/micro/micro_log.cc.o\x1b[0m\n'}
[331.663931] (-) TimerEvent: {}
[331.766097] (-) TimerEvent: {}
[331.868100] (-) TimerEvent: {}
[331.902274] (ei_whistle_cpp) StdoutLine: {'line': b'[ 89%] \x1b[32mBuilding CXX object CMakeFiles/whistle_node.dir/edge-impulse-sdk/tensorflow/lite/micro/micro_profiler.cc.o\x1b[0m\n'}
[331.968386] (-) TimerEvent: {}
[332.070862] (-) TimerEvent: {}
[332.173176] (-) TimerEvent: {}
[332.275476] (-) TimerEvent: {}
[332.378085] (-) TimerEvent: {}
[332.399907] (ei_whistle_cpp) StdoutLine: {'line': b'[ 90%] \x1b[32mBuilding CXX object CMakeFiles/whistle_node.dir/edge-impulse-sdk/tensorflow/lite/micro/micro_resource_variable.cc.o\x1b[0m\n'}
[332.478343] (-) TimerEvent: {}
[332.580852] (-) TimerEvent: {}
[332.683603] (-) TimerEvent: {}
[332.786001] (-) TimerEvent: {}
[332.888457] (-) TimerEvent: {}
[332.990780] (-) TimerEvent: {}
[333.093651] (-) TimerEvent: {}
[333.196496] (-) TimerEvent: {}
[333.299286] (-) TimerEvent: {}
[333.401801] (-) TimerEvent: {}
[333.506069] (-) TimerEvent: {}
[333.610231] (-) TimerEvent: {}
[333.712640] (-) TimerEvent: {}
[333.815863] (-) TimerEvent: {}
[333.918338] (-) TimerEvent: {}
[334.021154] (-) TimerEvent: {}
[334.123715] (-) TimerEvent: {}
[334.226458] (-) TimerEvent: {}
[334.329049] (-) TimerEvent: {}
[334.431677] (-) TimerEvent: {}
[334.534096] (-) TimerEvent: {}
[334.635886] (-) TimerEvent: {}
[334.737796] (-) TimerEvent: {}
[334.839769] (-) TimerEvent: {}
[334.941636] (-) TimerEvent: {}
[335.043374] (-) TimerEvent: {}
[335.145260] (-) TimerEvent: {}
[335.246949] (-) TimerEvent: {}
[335.348795] (-) TimerEvent: {}
[335.450447] (-) TimerEvent: {}
[335.556437] (-) TimerEvent: {}
[335.658935] (-) TimerEvent: {}
[335.761658] (-) TimerEvent: {}
[335.864278] (-) TimerEvent: {}
[335.967110] (-) TimerEvent: {}
[336.068700] (-) TimerEvent: {}
[336.170484] (-) TimerEvent: {}
[336.272147] (-) TimerEvent: {}
[336.373924] (-) TimerEvent: {}
[336.475821] (-) TimerEvent: {}
[336.578326] (-) TimerEvent: {}
[336.681050] (-) TimerEvent: {}
[336.783878] (-) TimerEvent: {}
[336.886383] (-) TimerEvent: {}
[336.988992] (-) TimerEvent: {}
[337.092051] (-) TimerEvent: {}
[337.195469] (-) TimerEvent: {}
[337.298419] (-) TimerEvent: {}
[337.401089] (-) TimerEvent: {}
[337.503540] (-) TimerEvent: {}
[337.605958] (-) TimerEvent: {}
[337.708614] (-) TimerEvent: {}
[337.812558] (-) TimerEvent: {}
[337.914975] (-) TimerEvent: {}
[338.017441] (-) TimerEvent: {}
[338.119046] (-) TimerEvent: {}
[338.221551] (-) TimerEvent: {}
[338.325923] (-) TimerEvent: {}
[338.428490] (-) TimerEvent: {}
[338.531179] (-) TimerEvent: {}
[338.633972] (-) TimerEvent: {}
[338.736767] (-) TimerEvent: {}
[338.839713] (-) TimerEvent: {}
[338.942472] (-) TimerEvent: {}
[339.045302] (-) TimerEvent: {}
[339.148463] (-) TimerEvent: {}
[339.251296] (-) TimerEvent: {}
[339.355280] (-) TimerEvent: {}
[339.461713] (-) TimerEvent: {}
[339.562967] (-) TimerEvent: {}
[339.665783] (-) TimerEvent: {}
[339.768514] (-) TimerEvent: {}
[339.871217] (-) TimerEvent: {}
[339.974331] (-) TimerEvent: {}
[340.077001] (-) TimerEvent: {}
[340.113798] (ei_whistle_cpp) StdoutLine: {'line': b'[ 90%] \x1b[32mBuilding CXX object CMakeFiles/whistle_node.dir/edge-impulse-sdk/tensorflow/lite/micro/micro_string.cc.o\x1b[0m\n'}
[340.177308] (-) TimerEvent: {}
[340.279867] (-) TimerEvent: {}
[340.382413] (-) TimerEvent: {}
[340.484131] (-) TimerEvent: {}
[340.556178] (ei_whistle_cpp) StdoutLine: {'line': b'[ 91%] \x1b[32mBuilding CXX object CMakeFiles/whistle_node.dir/edge-impulse-sdk/tensorflow/lite/micro/micro_time.cc.o\x1b[0m\n'}
[340.584391] (-) TimerEvent: {}
[340.686149] (-) TimerEvent: {}
[340.788158] (-) TimerEvent: {}
[340.890011] (-) TimerEvent: {}
[340.980750] (ei_whistle_cpp) StdoutLine: {'line': b'[ 92%] \x1b[32mBuilding CXX object CMakeFiles/whistle_node.dir/edge-impulse-sdk/tensorflow/lite/micro/micro_utils.cc.o\x1b[0m\n'}
[340.990266] (-) TimerEvent: {}
[341.092119] (-) TimerEvent: {}
[341.193887] (-) TimerEvent: {}
[341.296372] (-) TimerEvent: {}
[341.398436] (-) TimerEvent: {}
[341.500100] (-) TimerEvent: {}
[341.601989] (-) TimerEvent: {}
[341.704109] (-) TimerEvent: {}
[341.805823] (-) TimerEvent: {}
[341.907623] (-) TimerEvent: {}
[342.009324] (-) TimerEvent: {}
[342.111113] (-) TimerEvent: {}
[342.212818] (-) TimerEvent: {}
[342.314547] (-) TimerEvent: {}
[342.416381] (-) TimerEvent: {}
[342.518088] (-) TimerEvent: {}
[342.619873] (-) TimerEvent: {}
[342.721541] (-) TimerEvent: {}
[342.823290] (-) TimerEvent: {}
[342.925037] (-) TimerEvent: {}
[343.027027] (-) TimerEvent: {}
[343.133550] (-) TimerEvent: {}
[343.244645] (-) TimerEvent: {}
[343.347962] (-) TimerEvent: {}
[343.450683] (-) TimerEvent: {}
[343.552549] (-) TimerEvent: {}
[343.654133] (-) TimerEvent: {}
[343.755848] (-) TimerEvent: {}
[343.857534] (-) TimerEvent: {}
[343.959249] (-) TimerEvent: {}
[344.061280] (-) TimerEvent: {}
[344.164102] (-) TimerEvent: {}
[344.266749] (-) TimerEvent: {}
[344.371934] (-) TimerEvent: {}
[344.474680] (-) TimerEvent: {}
[344.588339] (-) TimerEvent: {}
[344.691161] (-) TimerEvent: {}
[344.793817] (-) TimerEvent: {}
[344.896868] (-) TimerEvent: {}
[344.999668] (-) TimerEvent: {}
[345.102259] (-) TimerEvent: {}
[345.204621] (-) TimerEvent: {}
[345.307207] (-) TimerEvent: {}
[345.409750] (-) TimerEvent: {}
[345.511508] (-) TimerEvent: {}
[345.612651] (-) TimerEvent: {}
[345.713802] (-) TimerEvent: {}
[345.815005] (-) TimerEvent: {}
[345.916236] (-) TimerEvent: {}
[346.017773] (-) TimerEvent: {}
[346.121095] (-) TimerEvent: {}
[346.222328] (-) TimerEvent: {}
[346.323689] (-) TimerEvent: {}
[346.424968] (-) TimerEvent: {}
[346.526790] (-) TimerEvent: {}
[346.628172] (-) TimerEvent: {}
[346.729680] (-) TimerEvent: {}
[346.832177] (-) TimerEvent: {}
[346.936019] (-) TimerEvent: {}
[347.040002] (-) TimerEvent: {}
[347.142416] (-) TimerEvent: {}
[347.244972] (-) TimerEvent: {}
[347.347654] (-) TimerEvent: {}
[347.451238] (-) TimerEvent: {}
[347.553493] (-) TimerEvent: {}
[347.654868] (-) TimerEvent: {}
[347.756089] (-) TimerEvent: {}
[347.858968] (-) TimerEvent: {}
[347.960656] (-) TimerEvent: {}
[348.067020] (-) TimerEvent: {}
[348.168545] (-) TimerEvent: {}
[348.269462] (-) TimerEvent: {}
[348.370506] (-) TimerEvent: {}
[348.471590] (-) TimerEvent: {}
[348.572542] (-) TimerEvent: {}
[348.673528] (-) TimerEvent: {}
[348.774547] (-) TimerEvent: {}
[348.875651] (-) TimerEvent: {}
[348.976612] (-) TimerEvent: {}
[349.077577] (-) TimerEvent: {}
[349.178539] (-) TimerEvent: {}
[349.279620] (-) TimerEvent: {}
[349.380744] (-) TimerEvent: {}
[349.481768] (-) TimerEvent: {}
[349.583259] (-) TimerEvent: {}
[349.684240] (-) TimerEvent: {}
[349.785277] (-) TimerEvent: {}
[349.886324] (-) TimerEvent: {}
[349.987314] (-) TimerEvent: {}
[350.079230] (ei_whistle_cpp) StdoutLine: {'line': b'[ 93%] \x1b[32mBuilding CXX object CMakeFiles/whistle_node.dir/edge-impulse-sdk/tensorflow/lite/micro/non_persistent_arena_buffer_allocator.cc.o\x1b[0m\n'}
[350.087571] (-) TimerEvent: {}
[350.188742] (-) TimerEvent: {}
[350.289913] (-) TimerEvent: {}
[350.391207] (-) TimerEvent: {}
[350.492484] (-) TimerEvent: {}
[350.593737] (-) TimerEvent: {}
[350.695537] (-) TimerEvent: {}
[350.797942] (-) TimerEvent: {}
[350.899302] (-) TimerEvent: {}
[351.000442] (-) TimerEvent: {}
[351.101640] (-) TimerEvent: {}
[351.203010] (-) TimerEvent: {}
[351.304591] (-) TimerEvent: {}
[351.405776] (-) TimerEvent: {}
[351.506992] (-) TimerEvent: {}
[351.608273] (-) TimerEvent: {}
[351.709535] (-) TimerEvent: {}
[351.810520] (-) TimerEvent: {}
[351.911767] (-) TimerEvent: {}
[352.013012] (-) TimerEvent: {}
[352.114016] (-) TimerEvent: {}
[352.145181] (ei_whistle_cpp) StdoutLine: {'line': b'[ 93%] \x1b[32mBuilding CXX object CMakeFiles/whistle_node.dir/edge-impulse-sdk/tensorflow/lite/micro/mock_micro_graph.cc.o\x1b[0m\n'}
[352.215173] (-) TimerEvent: {}
[352.318270] (-) TimerEvent: {}
[352.421737] (-) TimerEvent: {}
[352.524262] (-) TimerEvent: {}
[352.627745] (-) TimerEvent: {}
[352.719602] (ei_whistle_cpp) StdoutLine: {'line': b'[ 93%] \x1b[32mBuilding CXX object CMakeFiles/whistle_node.dir/edge-impulse-sdk/tensorflow/lite/micro/op_resolver_bridge.cc.o\x1b[0m\n'}
[352.727980] (-) TimerEvent: {}
[352.830466] (-) TimerEvent: {}
[352.933348] (-) TimerEvent: {}
[353.043008] (-) TimerEvent: {}
[353.144397] (-) TimerEvent: {}
[353.245942] (-) TimerEvent: {}
[353.348777] (-) TimerEvent: {}
[353.458654] (-) TimerEvent: {}
[353.560772] (-) TimerEvent: {}
[353.663162] (-) TimerEvent: {}
[353.765452] (-) TimerEvent: {}
[353.868059] (-) TimerEvent: {}
[353.970588] (-) TimerEvent: {}
[354.073261] (-) TimerEvent: {}
[354.176056] (-) TimerEvent: {}
[354.278945] (-) TimerEvent: {}
[354.381531] (-) TimerEvent: {}
[354.484164] (-) TimerEvent: {}
[354.585791] (-) TimerEvent: {}
[354.687536] (-) TimerEvent: {}
[354.789446] (-) TimerEvent: {}
[354.891489] (-) TimerEvent: {}
[354.993518] (-) TimerEvent: {}
[355.095363] (-) TimerEvent: {}
[355.197094] (-) TimerEvent: {}
[355.298797] (-) TimerEvent: {}
[355.401334] (-) TimerEvent: {}
[355.503041] (-) TimerEvent: {}
[355.604943] (-) TimerEvent: {}
[355.706687] (-) TimerEvent: {}
[355.808444] (-) TimerEvent: {}
[355.910313] (-) TimerEvent: {}
[356.012053] (-) TimerEvent: {}
[356.114045] (-) TimerEvent: {}
[356.215811] (-) TimerEvent: {}
[356.317559] (-) TimerEvent: {}
[356.419347] (-) TimerEvent: {}
[356.521177] (-) TimerEvent: {}
[356.622961] (-) TimerEvent: {}
[356.724907] (-) TimerEvent: {}
[356.827154] (-) TimerEvent: {}
[356.929110] (-) TimerEvent: {}
[357.030895] (-) TimerEvent: {}
[357.132572] (-) TimerEvent: {}
[357.234271] (-) TimerEvent: {}
[357.336069] (-) TimerEvent: {}
[357.437723] (-) TimerEvent: {}
[357.539469] (-) TimerEvent: {}
[357.641172] (-) TimerEvent: {}
[357.744913] (-) TimerEvent: {}
[357.847459] (-) TimerEvent: {}
[357.948626] (-) TimerEvent: {}
[358.051056] (-) TimerEvent: {}
[358.151954] (-) TimerEvent: {}
[358.252842] (-) TimerEvent: {}
[358.353923] (-) TimerEvent: {}
[358.456078] (-) TimerEvent: {}
[358.557580] (-) TimerEvent: {}
[358.658663] (-) TimerEvent: {}
[358.759837] (-) TimerEvent: {}
[358.860957] (-) TimerEvent: {}
[358.961993] (-) TimerEvent: {}
[359.063085] (-) TimerEvent: {}
[359.164185] (-) TimerEvent: {}
[359.265578] (-) TimerEvent: {}
[359.367239] (-) TimerEvent: {}
[359.468299] (-) TimerEvent: {}
[359.569329] (-) TimerEvent: {}
[359.599572] (ei_whistle_cpp) StdoutLine: {'line': b'[ 94%] \x1b[32mBuilding CXX object CMakeFiles/whistle_node.dir/edge-impulse-sdk/tensorflow/lite/micro/recording_micro_allocator.cc.o\x1b[0m\n'}
[359.669579] (-) TimerEvent: {}
[359.770740] (-) TimerEvent: {}
[359.872081] (-) TimerEvent: {}
[359.973885] (-) TimerEvent: {}
[360.074964] (-) TimerEvent: {}
[360.175919] (-) TimerEvent: {}
[360.277004] (-) TimerEvent: {}
[360.378123] (-) TimerEvent: {}
[360.479004] (-) TimerEvent: {}
[360.579869] (-) TimerEvent: {}
[360.680867] (-) TimerEvent: {}
[360.781838] (-) TimerEvent: {}
[360.882935] (-) TimerEvent: {}
[360.984047] (-) TimerEvent: {}
[361.085133] (-) TimerEvent: {}
[361.186102] (-) TimerEvent: {}
[361.287080] (-) TimerEvent: {}
[361.388088] (-) TimerEvent: {}
[361.489011] (-) TimerEvent: {}
[361.589990] (-) TimerEvent: {}
[361.664460] (ei_whistle_cpp) StdoutLine: {'line': b'[ 94%] \x1b[32mBuilding CXX object CMakeFiles/whistle_node.dir/edge-impulse-sdk/tensorflow/lite/micro/recording_single_arena_buffer_allocator.cc.o\x1b[0m\n'}
[361.690254] (-) TimerEvent: {}
[361.792931] (-) TimerEvent: {}
[361.895535] (-) TimerEvent: {}
[361.998113] (-) TimerEvent: {}
[362.099471] (-) TimerEvent: {}
[362.200819] (-) TimerEvent: {}
[362.239905] (ei_whistle_cpp) StdoutLine: {'line': b'[ 95%] \x1b[32mBuilding CXX object CMakeFiles/whistle_node.dir/edge-impulse-sdk/tensorflow/lite/micro/persistent_arena_buffer_allocator.cc.o\x1b[0m\n'}
[362.301073] (-) TimerEvent: {}
[362.403512] (-) TimerEvent: {}
[362.505796] (-) TimerEvent: {}
[362.608013] (-) TimerEvent: {}
[362.709169] (-) TimerEvent: {}
[362.810253] (-) TimerEvent: {}
[362.912707] (-) TimerEvent: {}
[363.019212] (-) TimerEvent: {}
[363.123069] (-) TimerEvent: {}
[363.227251] (-) TimerEvent: {}
[363.328755] (-) TimerEvent: {}
[363.429924] (-) TimerEvent: {}
[363.531111] (-) TimerEvent: {}
[363.632351] (-) TimerEvent: {}
[363.733518] (-) TimerEvent: {}
[363.834709] (-) TimerEvent: {}
[363.936229] (-) TimerEvent: {}
[364.037480] (-) TimerEvent: {}
[364.139986] (-) TimerEvent: {}
[364.243574] (-) TimerEvent: {}
[364.346152] (-) TimerEvent: {}
[364.448718] (-) TimerEvent: {}
[364.551338] (-) TimerEvent: {}
[364.653700] (-) TimerEvent: {}
[364.756376] (-) TimerEvent: {}
[364.857569] (-) TimerEvent: {}
[364.958767] (-) TimerEvent: {}
[365.059985] (-) TimerEvent: {}
[365.161200] (-) TimerEvent: {}
[365.262427] (-) TimerEvent: {}
[365.363752] (-) TimerEvent: {}
[365.465202] (-) TimerEvent: {}
[365.566774] (-) TimerEvent: {}
[365.668265] (-) TimerEvent: {}
[365.769458] (-) TimerEvent: {}
[365.870648] (-) TimerEvent: {}
[365.972243] (-) TimerEvent: {}
[366.073467] (-) TimerEvent: {}
[366.175166] (-) TimerEvent: {}
[366.276210] (-) TimerEvent: {}
[366.378048] (-) TimerEvent: {}
[366.479605] (-) TimerEvent: {}
[366.580622] (-) TimerEvent: {}
[366.681707] (-) TimerEvent: {}
[366.782950] (-) TimerEvent: {}
[366.884167] (-) TimerEvent: {}
[366.985125] (-) TimerEvent: {}
[367.086146] (-) TimerEvent: {}
[367.187237] (-) TimerEvent: {}
[367.288337] (-) TimerEvent: {}
[367.389334] (-) TimerEvent: {}
[367.490302] (-) TimerEvent: {}
[367.591382] (-) TimerEvent: {}
[367.692535] (-) TimerEvent: {}
[367.793496] (-) TimerEvent: {}
[367.894482] (-) TimerEvent: {}
[367.995564] (-) TimerEvent: {}
[368.097908] (-) TimerEvent: {}
[368.199571] (-) TimerEvent: {}
[368.300552] (-) TimerEvent: {}
[368.401598] (-) TimerEvent: {}
[368.502777] (-) TimerEvent: {}
[368.603827] (-) TimerEvent: {}
[368.704860] (-) TimerEvent: {}
[368.810903] (-) TimerEvent: {}
[368.911866] (-) TimerEvent: {}
[369.013018] (-) TimerEvent: {}
[369.114004] (-) TimerEvent: {}
[369.215962] (-) TimerEvent: {}
[369.317001] (-) TimerEvent: {}
[369.417910] (-) TimerEvent: {}
[369.518799] (-) TimerEvent: {}
[369.619829] (-) TimerEvent: {}
[369.720849] (-) TimerEvent: {}
[369.821945] (-) TimerEvent: {}
[369.902911] (ei_whistle_cpp) StdoutLine: {'line': b'[ 95%] \x1b[32mBuilding CXX object CMakeFiles/whistle_node.dir/edge-impulse-sdk/tensorflow/lite/micro/single_arena_buffer_allocator.cc.o\x1b[0m\n'}
[369.922188] (-) TimerEvent: {}
[370.024857] (-) TimerEvent: {}
[370.127310] (-) TimerEvent: {}
[370.228213] (-) TimerEvent: {}
[370.329145] (-) TimerEvent: {}
[370.430252] (-) TimerEvent: {}
[370.531452] (-) TimerEvent: {}
[370.632530] (-) TimerEvent: {}
[370.733672] (-) TimerEvent: {}
[370.835957] (-) TimerEvent: {}
[370.937957] (-) TimerEvent: {}
[371.040390] (-) TimerEvent: {}
[371.143513] (-) TimerEvent: {}
[371.246070] (-) TimerEvent: {}
[371.347261] (-) TimerEvent: {}
[371.448452] (-) TimerEvent: {}
[371.549703] (-) TimerEvent: {}
[371.651070] (-) TimerEvent: {}
[371.752309] (-) TimerEvent: {}
[371.853895] (-) TimerEvent: {}
[371.955218] (-) TimerEvent: {}
[371.983448] (ei_whistle_cpp) StdoutLine: {'line': b'[ 96%] \x1b[32mBuilding CXX object CMakeFiles/whistle_node.dir/edge-impulse-sdk/tensorflow/lite/micro/schema_utils.cc.o\x1b[0m\n'}
[372.055490] (-) TimerEvent: {}
[372.158156] (-) TimerEvent: {}
[372.260721] (-) TimerEvent: {}
[372.363134] (-) TimerEvent: {}
[372.465414] (-) TimerEvent: {}
[372.567918] (-) TimerEvent: {}
[372.670946] (-) TimerEvent: {}
[372.773346] (-) TimerEvent: {}
[372.875700] (-) TimerEvent: {}
[372.978125] (-) TimerEvent: {}
[373.080391] (-) TimerEvent: {}
[373.182876] (-) TimerEvent: {}
[373.284194] (-) TimerEvent: {}
[373.386765] (-) TimerEvent: {}
[373.489085] (-) TimerEvent: {}
[373.591729] (-) TimerEvent: {}
[373.694464] (-) TimerEvent: {}
[373.797594] (-) TimerEvent: {}
[373.900159] (-) TimerEvent: {}
[374.002986] (-) TimerEvent: {}
[374.105691] (-) TimerEvent: {}
[374.207330] (-) TimerEvent: {}
[374.308942] (-) TimerEvent: {}
[374.410668] (-) TimerEvent: {}
[374.512751] (-) TimerEvent: {}
[374.614577] (-) TimerEvent: {}
[374.716347] (-) TimerEvent: {}
[374.818194] (-) TimerEvent: {}
[374.920155] (-) TimerEvent: {}
[375.021761] (-) TimerEvent: {}
[375.123407] (-) TimerEvent: {}
[375.224997] (-) TimerEvent: {}
[375.326933] (-) TimerEvent: {}
[375.428679] (-) TimerEvent: {}
[375.530218] (-) TimerEvent: {}
[375.631914] (-) TimerEvent: {}
[375.733518] (-) TimerEvent: {}
[375.835134] (-) TimerEvent: {}
[375.936767] (-) TimerEvent: {}
[376.038401] (-) TimerEvent: {}
[376.140024] (-) TimerEvent: {}
[376.241658] (-) TimerEvent: {}
[376.344305] (-) TimerEvent: {}
[376.446996] (-) TimerEvent: {}
[376.549373] (-) TimerEvent: {}
[376.651846] (-) TimerEvent: {}
[376.754635] (-) TimerEvent: {}
[376.856801] (-) TimerEvent: {}
[376.958948] (-) TimerEvent: {}
[377.061126] (-) TimerEvent: {}
[377.162176] (-) TimerEvent: {}
[377.263148] (-) TimerEvent: {}
[377.364085] (-) TimerEvent: {}
[377.465055] (-) TimerEvent: {}
[377.565975] (-) TimerEvent: {}
[377.667018] (-) TimerEvent: {}
[377.767996] (-) TimerEvent: {}
[377.868867] (-) TimerEvent: {}
[377.969789] (-) TimerEvent: {}
[378.071060] (-) TimerEvent: {}
[378.172206] (-) TimerEvent: {}
[378.273165] (-) TimerEvent: {}
[378.374106] (-) TimerEvent: {}
[378.475133] (-) TimerEvent: {}
[378.576108] (-) TimerEvent: {}
[378.677062] (-) TimerEvent: {}
[378.778046] (-) TimerEvent: {}
[378.879039] (-) TimerEvent: {}
[378.980029] (-) TimerEvent: {}
[379.081141] (-) TimerEvent: {}
[379.182273] (-) TimerEvent: {}
[379.282114] (ei_whistle_cpp) StdoutLine: {'line': b'[ 97%] \x1b[32mBuilding CXX object CMakeFiles/whistle_node.dir/edge-impulse-sdk/tensorflow/lite/micro/test_helper_custom_ops.cc.o\x1b[0m\n'}
[379.283505] (-) TimerEvent: {}
[379.384457] (-) TimerEvent: {}
[379.486078] (-) TimerEvent: {}
[379.587692] (-) TimerEvent: {}
[379.688688] (-) TimerEvent: {}
[379.789710] (-) TimerEvent: {}
[379.890669] (-) TimerEvent: {}
[379.992483] (-) TimerEvent: {}
[380.093513] (-) TimerEvent: {}
[380.195128] (-) TimerEvent: {}
[380.296785] (-) TimerEvent: {}
[380.398395] (-) TimerEvent: {}
[380.499488] (-) TimerEvent: {}
[380.600461] (-) TimerEvent: {}
[380.701597] (-) TimerEvent: {}
[380.803093] (-) TimerEvent: {}
[380.904161] (-) TimerEvent: {}
[381.005162] (-) TimerEvent: {}
[381.106116] (-) TimerEvent: {}
[381.207286] (-) TimerEvent: {}
[381.308248] (-) TimerEvent: {}
[381.338554] (ei_whistle_cpp) StdoutLine: {'line': b'[ 97%] \x1b[32mBuilding CXX object CMakeFiles/whistle_node.dir/edge-impulse-sdk/tensorflow/lite/micro/test_helpers.cc.o\x1b[0m\n'}
[381.408531] (-) TimerEvent: {}
[381.513228] (-) TimerEvent: {}
[381.614448] (-) TimerEvent: {}
[381.715553] (-) TimerEvent: {}
[381.816623] (-) TimerEvent: {}
[381.918322] (-) TimerEvent: {}
[382.019532] (-) TimerEvent: {}
[382.120837] (-) TimerEvent: {}
[382.222963] (-) TimerEvent: {}
[382.324193] (-) TimerEvent: {}
[382.425681] (-) TimerEvent: {}
[382.526987] (-) TimerEvent: {}
[382.628648] (-) TimerEvent: {}
[382.729887] (-) TimerEvent: {}
[382.831250] (-) TimerEvent: {}
[382.933056] (-) TimerEvent: {}
[383.034646] (-) TimerEvent: {}
[383.135965] (-) TimerEvent: {}
[383.237182] (-) TimerEvent: {}
[383.338434] (-) TimerEvent: {}
[383.417999] (ei_whistle_cpp) StdoutLine: {'line': b'[ 98%] \x1b[32mBuilding CXX object CMakeFiles/whistle_node.dir/edge-impulse-sdk/tensorflow/lite/micro/system_setup.cc.o\x1b[0m\n'}
[383.438773] (-) TimerEvent: {}
[383.540191] (-) TimerEvent: {}
[383.641774] (-) TimerEvent: {}
[383.670351] (ei_whistle_cpp) StdoutLine: {'line': b'[ 99%] \x1b[32mBuilding CXX object CMakeFiles/whistle_node.dir/tflite-model/tflite_learn_812412_4.cpp.o\x1b[0m\n'}
[383.742018] (-) TimerEvent: {}
[383.845213] (-) TimerEvent: {}
[383.949162] (-) TimerEvent: {}
[384.052586] (-) TimerEvent: {}
[384.156027] (-) TimerEvent: {}
[384.259054] (-) TimerEvent: {}
[384.360634] (-) TimerEvent: {}
[384.462128] (-) TimerEvent: {}
[384.565507] (-) TimerEvent: {}
[384.668633] (-) TimerEvent: {}
[384.771031] (-) TimerEvent: {}
[384.873322] (-) TimerEvent: {}
[384.976689] (-) TimerEvent: {}
[385.078191] (-) TimerEvent: {}
[385.179422] (-) TimerEvent: {}
[385.280576] (-) TimerEvent: {}
[385.381729] (-) TimerEvent: {}
[385.483041] (-) TimerEvent: {}
[385.584006] (-) TimerEvent: {}
[385.684997] (-) TimerEvent: {}
[385.786056] (-) TimerEvent: {}
[385.887633] (-) TimerEvent: {}
[385.988597] (-) TimerEvent: {}
[386.089452] (-) TimerEvent: {}
[386.190355] (-) TimerEvent: {}
[386.291532] (-) TimerEvent: {}
[386.392408] (-) TimerEvent: {}
[386.493334] (-) TimerEvent: {}
[386.594193] (-) TimerEvent: {}
[386.695101] (-) TimerEvent: {}
[386.795976] (-) TimerEvent: {}
[386.896864] (-) TimerEvent: {}
[386.997868] (-) TimerEvent: {}
[387.098734] (-) TimerEvent: {}
[387.199643] (-) TimerEvent: {}
[387.300535] (-) TimerEvent: {}
[387.401393] (-) TimerEvent: {}
[387.502354] (-) TimerEvent: {}
[387.603248] (-) TimerEvent: {}
[387.704153] (-) TimerEvent: {}
[387.805089] (-) TimerEvent: {}
[387.905939] (-) TimerEvent: {}
[388.006936] (-) TimerEvent: {}
[388.108024] (-) TimerEvent: {}
[388.208930] (-) TimerEvent: {}
[388.309862] (-) TimerEvent: {}
[388.410984] (-) TimerEvent: {}
[388.511905] (-) TimerEvent: {}
[388.612868] (-) TimerEvent: {}
[388.714225] (-) TimerEvent: {}
[388.815203] (-) TimerEvent: {}
[388.916111] (-) TimerEvent: {}
[389.017057] (-) TimerEvent: {}
[389.118315] (-) TimerEvent: {}
[389.219248] (-) TimerEvent: {}
[389.320219] (-) TimerEvent: {}
[389.421280] (-) TimerEvent: {}
[389.522246] (-) TimerEvent: {}
[389.623174] (-) TimerEvent: {}
[389.724384] (-) TimerEvent: {}
[389.825371] (-) TimerEvent: {}
[389.926287] (-) TimerEvent: {}
[390.027291] (-) TimerEvent: {}
[390.128353] (-) TimerEvent: {}
[390.229406] (-) TimerEvent: {}
[390.330725] (-) TimerEvent: {}
[390.431704] (-) TimerEvent: {}
[390.532621] (-) TimerEvent: {}
[390.633670] (-) TimerEvent: {}
[390.734531] (-) TimerEvent: {}
[390.835467] (-) TimerEvent: {}
[390.936437] (-) TimerEvent: {}
[391.037379] (-) TimerEvent: {}
[391.138347] (-) TimerEvent: {}
[391.239381] (-) TimerEvent: {}
[391.340314] (-) TimerEvent: {}
[391.441225] (-) TimerEvent: {}
[391.542150] (-) TimerEvent: {}
[391.643159] (-) TimerEvent: {}
[391.744117] (-) TimerEvent: {}
[391.845107] (-) TimerEvent: {}
[391.946058] (-) TimerEvent: {}
[392.047085] (-) TimerEvent: {}
[392.148068] (-) TimerEvent: {}
[392.248950] (-) TimerEvent: {}
[392.349921] (-) TimerEvent: {}
[392.450949] (-) TimerEvent: {}
[392.551885] (-) TimerEvent: {}
[392.652793] (-) TimerEvent: {}
[392.753880] (-) TimerEvent: {}
[392.854761] (-) TimerEvent: {}
[392.955717] (-) TimerEvent: {}
[393.056698] (-) TimerEvent: {}
[393.157788] (-) TimerEvent: {}
[393.258674] (-) TimerEvent: {}
[393.359637] (-) TimerEvent: {}
[393.460544] (-) TimerEvent: {}
[393.561426] (-) TimerEvent: {}
[393.662315] (-) TimerEvent: {}
[393.763219] (-) TimerEvent: {}
[393.864073] (-) TimerEvent: {}
[393.964971] (-) TimerEvent: {}
[394.065836] (-) TimerEvent: {}
[394.166707] (-) TimerEvent: {}
[394.267712] (-) TimerEvent: {}
[394.368559] (-) TimerEvent: {}
[394.469455] (-) TimerEvent: {}
[394.570385] (-) TimerEvent: {}
[394.671300] (-) TimerEvent: {}
[394.772195] (-) TimerEvent: {}
[394.873031] (-) TimerEvent: {}
[394.973891] (-) TimerEvent: {}
[395.074737] (-) TimerEvent: {}
[395.175648] (-) TimerEvent: {}
[395.276591] (-) TimerEvent: {}
[395.377475] (-) TimerEvent: {}
[395.478339] (-) TimerEvent: {}
[395.579230] (-) TimerEvent: {}
[395.680200] (-) TimerEvent: {}
[395.781203] (-) TimerEvent: {}
[395.882132] (-) TimerEvent: {}
[395.983023] (-) TimerEvent: {}
[396.083927] (-) TimerEvent: {}
[396.184787] (-) TimerEvent: {}
[396.285631] (-) TimerEvent: {}
[396.386506] (-) TimerEvent: {}
[396.487476] (-) TimerEvent: {}
[396.588331] (-) TimerEvent: {}
[396.689202] (-) TimerEvent: {}
[396.790079] (-) TimerEvent: {}
[396.890987] (-) TimerEvent: {}
[396.991791] (-) TimerEvent: {}
[397.092618] (-) TimerEvent: {}
[397.193488] (-) TimerEvent: {}
[397.294332] (-) TimerEvent: {}
[397.395209] (-) TimerEvent: {}
[397.496066] (-) TimerEvent: {}
[397.596943] (-) TimerEvent: {}
[397.697906] (-) TimerEvent: {}
[397.798998] (-) TimerEvent: {}
[397.899868] (-) TimerEvent: {}
[398.000782] (-) TimerEvent: {}
[398.101861] (-) TimerEvent: {}
[398.202801] (-) TimerEvent: {}
[398.303741] (-) TimerEvent: {}
[398.404687] (-) TimerEvent: {}
[398.505511] (-) TimerEvent: {}
[398.606345] (-) TimerEvent: {}
[398.707203] (-) TimerEvent: {}
[398.717632] (ei_whistle_cpp) StdoutLine: {'line': b'[100%] \x1b[32m\x1b[1mLinking CXX executable whistle_node\x1b[0m\n'}
[398.807385] (-) TimerEvent: {}
[398.908169] (-) TimerEvent: {}
[399.009213] (-) TimerEvent: {}
[399.110165] (-) TimerEvent: {}
[399.211444] (-) TimerEvent: {}
[399.312537] (-) TimerEvent: {}
[399.413426] (-) TimerEvent: {}
[399.514598] (-) TimerEvent: {}
[399.615632] (-) TimerEvent: {}
[399.716500] (-) TimerEvent: {}
[399.817894] (-) TimerEvent: {}
[399.918921] (-) TimerEvent: {}
[400.020001] (-) TimerEvent: {}
[400.120942] (-) TimerEvent: {}
[400.222103] (-) TimerEvent: {}
[400.323497] (-) TimerEvent: {}
[400.424530] (-) TimerEvent: {}
[400.525455] (-) TimerEvent: {}
[400.626607] (-) TimerEvent: {}
[400.727990] (-) TimerEvent: {}
[400.828817] (-) TimerEvent: {}
[400.929625] (-) TimerEvent: {}
[401.030418] (-) TimerEvent: {}
[401.131370] (-) TimerEvent: {}
[401.232196] (-) TimerEvent: {}
[401.332934] (-) TimerEvent: {}
[401.433801] (-) TimerEvent: {}
[401.495402] (ei_whistle_cpp) StderrLine: {'line': b'gmake[2]: warning:  Clock skew detected.  Your build may be incomplete.\n'}
[401.533995] (-) TimerEvent: {}
[401.561890] (ei_whistle_cpp) StdoutLine: {'line': b'[100%] Built target whistle_node\n'}
[401.634590] (ei_whistle_cpp) CommandEnded: {'returncode': 0}
[401.638261] (-) TimerEvent: {}
[401.643342] (ei_whistle_cpp) JobProgress: {'identifier': 'ei_whistle_cpp', 'progress': 'install'}
[401.689044] (ei_whistle_cpp) Command: {'cmd': ['/usr/bin/cmake', '--install', '/home/dev/respeaker_deep_audio/build/ei_whistle_cpp'], 'cwd': '/home/dev/respeaker_deep_audio/build/ei_whistle_cpp', 'env': OrderedDict([('LESSOPEN', '| /usr/bin/lesspipe %s'), ('USER', 'dev'), ('SSH_CLIENT', '10.33.154.77 62536 22'), ('ROS_PACKAGE_PATH', '/home/dev/respeaker_deep_audio/install/ei_whistle_cpp/share'), ('XDG_SESSION_TYPE', 'tty'), ('GIT_ASKPASS', '/home/dev/.vscode-server/cli/servers/Stable-7d842fb85a0275a4a8e4d7e040d2625abbf7f084/server/extensions/git/dist/askpass.sh'), ('SHLVL', '1'), ('LD_LIBRARY_PATH', '/opt/ros/humble/opt/rviz_ogre_vendor/lib:/opt/ros/humble/lib/aarch64-linux-gnu:/opt/ros/humble/lib'), ('BROWSER', '/home/dev/.vscode-server/cli/servers/Stable-7d842fb85a0275a4a8e4d7e040d2625abbf7f084/server/bin/helpers/browser.sh'), ('MOTD_SHOWN', 'pam'), ('HOME', '/home/dev'), ('OLDPWD', '/home/dev/respeaker_deep_audio'), ('TERM_PROGRAM_VERSION', '1.105.1'), ('VSCODE_IPC_HOOK_CLI', '/run/user/1000/vscode-ipc-f7bea960-783f-4fa7-9b9a-9e5a1a128e49.sock'), ('ROS_PYTHON_VERSION', '3'), ('VSCODE_GIT_ASKPASS_MAIN', '/home/dev/.vscode-server/cli/servers/Stable-7d842fb85a0275a4a8e4d7e040d2625abbf7f084/server/extensions/git/dist/askpass-main.js'), ('VSCODE_GIT_ASKPASS_NODE', '/home/dev/.vscode-server/cli/servers/Stable-7d842fb85a0275a4a8e4d7e040d2625abbf7f084/server/node'), ('SSL_CERT_FILE', '/usr/lib/ssl/certs/ca-certificates.crt'), ('VSCODE_PYTHON_AUTOACTIVATE_GUARD', '1'), ('DBUS_SESSION_BUS_ADDRESS', 'unix:path=/run/user/1000/bus'), ('COLORTERM', 'truecolor'), ('COLCON_PREFIX_PATH', '/home/dev/respeaker_deep_audio/install'), ('ROS_DISTRO', 'humble'), ('LOGNAME', 'dev'), ('_', '/usr/bin/colcon'), ('ROS_VERSION', '2'), ('PKG_CONFIG_PATH', '/home/dev/respeaker_deep_audio/install/ei_whistle_cpp/lib/aarch64-linux-gnu/pkgconfig:/home/dev/respeaker_deep_audio/install/ei_whistle_cpp/lib/pkgconfig'), ('XDG_SESSION_CLASS', 'user'), ('TERM', 'xterm-256color'), ('XDG_SESSION_ID', '3'), ('ROS_LOCALHOST_ONLY', '0'), ('PATH', '/opt/ros/humble/bin:/home/dev/.vscode-server/cli/servers/Stable-7d842fb85a0275a4a8e4d7e040d2625abbf7f084/server/bin/remote-cli:/home/dev/.local/bin:/usr/local/sbin:/usr/local/bin:/usr/sbin:/usr/bin:/sbin:/bin:/usr/games:/usr/local/games:/snap/bin:/home/dev/.vscode-server/data/User/globalStorage/github.copilot-chat/debugCommand'), ('XDG_RUNTIME_DIR', '/run/user/1000'), ('SSL_CERT_DIR', '/usr/lib/ssl/certs'), ('LANG', 'en_US.UTF-8'), ('LS_COLORS', 'rs=0:di=01;34:ln=01;36:mh=00:pi=40;33:so=01;35:do=01;35:bd=40;33;01:cd=40;33;01:or=40;31;01:mi=00:su=37;41:sg=30;43:ca=30;41:tw=30;42:ow=34;42:st=37;44:ex=01;32:*.tar=01;31:*.tgz=01;31:*.arc=01;31:*.arj=01;31:*.taz=01;31:*.lha=01;31:*.lz4=01;31:*.lzh=01;31:*.lzma=01;31:*.tlz=01;31:*.txz=01;31:*.tzo=01;31:*.t7z=01;31:*.zip=01;31:*.z=01;31:*.dz=01;31:*.gz=01;31:*.lrz=01;31:*.lz=01;31:*.lzo=01;31:*.xz=01;31:*.zst=01;31:*.tzst=01;31:*.bz2=01;31:*.bz=01;31:*.tbz=01;31:*.tbz2=01;31:*.tz=01;31:*.deb=01;31:*.rpm=01;31:*.jar=01;31:*.war=01;31:*.ear=01;31:*.sar=01;31:*.rar=01;31:*.alz=01;31:*.ace=01;31:*.zoo=01;31:*.cpio=01;31:*.7z=01;31:*.rz=01;31:*.cab=01;31:*.wim=01;31:*.swm=01;31:*.dwm=01;31:*.esd=01;31:*.jpg=01;35:*.jpeg=01;35:*.mjpg=01;35:*.mjpeg=01;35:*.gif=01;35:*.bmp=01;35:*.pbm=01;35:*.pgm=01;35:*.ppm=01;35:*.tga=01;35:*.xbm=01;35:*.xpm=01;35:*.tif=01;35:*.tiff=01;35:*.png=01;35:*.svg=01;35:*.svgz=01;35:*.mng=01;35:*.pcx=01;35:*.mov=01;35:*.mpg=01;35:*.mpeg=01;35:*.m2v=01;35:*.mkv=01;35:*.webm=01;35:*.webp=01;35:*.ogm=01;35:*.mp4=01;35:*.m4v=01;35:*.mp4v=01;35:*.vob=01;35:*.qt=01;35:*.nuv=01;35:*.wmv=01;35:*.asf=01;35:*.rm=01;35:*.rmvb=01;35:*.flc=01;35:*.avi=01;35:*.fli=01;35:*.flv=01;35:*.gl=01;35:*.dl=01;35:*.xcf=01;35:*.xwd=01;35:*.yuv=01;35:*.cgm=01;35:*.emf=01;35:*.ogv=01;35:*.ogx=01;35:*.aac=00;36:*.au=00;36:*.flac=00;36:*.m4a=00;36:*.mid=00;36:*.midi=00;36:*.mka=00;36:*.mp3=00;36:*.mpc=00;36:*.ogg=00;36:*.ra=00;36:*.wav=00;36:*.oga=00;36:*.opus=00;36:*.spx=00;36:*.xspf=00;36:'), ('VSCODE_GIT_IPC_HANDLE', '/run/user/1000/vscode-git-5db78a076d.sock'), ('TERM_PROGRAM', 'vscode'), ('AMENT_PREFIX_PATH', '/home/dev/respeaker_deep_audio/install/ei_whistle_cpp:/opt/ros/humble'), ('SHELL', '/bin/bash'), ('LESSCLOSE', '/usr/bin/lesspipe %s %s'), ('VSCODE_GIT_ASKPASS_EXTRA_ARGS', ''), ('PWD', '/home/dev/respeaker_deep_audio/build/ei_whistle_cpp'), ('LC_ALL', 'en_US.UTF-8'), ('SSH_CONNECTION', '10.33.154.77 62536 10.33.220.113 22'), ('XDG_DATA_DIRS', '/usr/share/gnome:/usr/local/share:/usr/share:/var/lib/snapd/desktop'), ('PYTHONPATH', '/opt/ros/humble/lib/python3.10/site-packages:/opt/ros/humble/local/lib/python3.10/dist-packages'), ('COLCON', '1'), ('CMAKE_PREFIX_PATH', '/home/dev/respeaker_deep_audio/install/ei_whistle_cpp')]), 'shell': False}
[401.738559] (-) TimerEvent: {}
[401.744267] (ei_whistle_cpp) StdoutLine: {'line': b'-- Install configuration: ""\n'}
[401.762626] (ei_whistle_cpp) StdoutLine: {'line': b'-- Installing: /home/dev/respeaker_deep_audio/install/ei_whistle_cpp/lib/ei_whistle_cpp/whistle_node\n'}
[401.805619] (ei_whistle_cpp) StdoutLine: {'line': b'-- Set runtime path of "/home/dev/respeaker_deep_audio/install/ei_whistle_cpp/lib/ei_whistle_cpp/whistle_node" to ""\n'}
[401.810009] (ei_whistle_cpp) StdoutLine: {'line': b'-- Up-to-date: /home/dev/respeaker_deep_audio/install/ei_whistle_cpp/share/ament_index/resource_index/package_run_dependencies/ei_whistle_cpp\n'}
[401.811747] (ei_whistle_cpp) StdoutLine: {'line': b'-- Up-to-date: /home/dev/respeaker_deep_audio/install/ei_whistle_cpp/share/ament_index/resource_index/parent_prefix_path/ei_whistle_cpp\n'}
[401.815986] (ei_whistle_cpp) StdoutLine: {'line': b'-- Up-to-date: /home/dev/respeaker_deep_audio/install/ei_whistle_cpp/share/ei_whistle_cpp/environment/ament_prefix_path.sh\n'}
[401.817432] (ei_whistle_cpp) StdoutLine: {'line': b'-- Installing: /home/dev/respeaker_deep_audio/install/ei_whistle_cpp/share/ei_whistle_cpp/environment/ament_prefix_path.dsv\n'}
[401.820257] (ei_whistle_cpp) StdoutLine: {'line': b'-- Up-to-date: /home/dev/respeaker_deep_audio/install/ei_whistle_cpp/share/ei_whistle_cpp/environment/path.sh\n'}
[401.821330] (ei_whistle_cpp) StdoutLine: {'line': b'-- Installing: /home/dev/respeaker_deep_audio/install/ei_whistle_cpp/share/ei_whistle_cpp/environment/path.dsv\n'}
[401.823581] (ei_whistle_cpp) StdoutLine: {'line': b'-- Up-to-date: /home/dev/respeaker_deep_audio/install/ei_whistle_cpp/share/ei_whistle_cpp/local_setup.bash\n'}
[401.824655] (ei_whistle_cpp) StdoutLine: {'line': b'-- Up-to-date: /home/dev/respeaker_deep_audio/install/ei_whistle_cpp/share/ei_whistle_cpp/local_setup.sh\n'}
[401.825605] (ei_whistle_cpp) StdoutLine: {'line': b'-- Up-to-date: /home/dev/respeaker_deep_audio/install/ei_whistle_cpp/share/ei_whistle_cpp/local_setup.zsh\n'}
[401.826565] (ei_whistle_cpp) StdoutLine: {'line': b'-- Installing: /home/dev/respeaker_deep_audio/install/ei_whistle_cpp/share/ei_whistle_cpp/local_setup.dsv\n'}
[401.828188] (ei_whistle_cpp) StdoutLine: {'line': b'-- Installing: /home/dev/respeaker_deep_audio/install/ei_whistle_cpp/share/ei_whistle_cpp/package.dsv\n'}
[401.831594] (ei_whistle_cpp) StdoutLine: {'line': b'-- Up-to-date: /home/dev/respeaker_deep_audio/install/ei_whistle_cpp/share/ament_index/resource_index/packages/ei_whistle_cpp\n'}
[401.834007] (ei_whistle_cpp) StdoutLine: {'line': b'-- Up-to-date: /home/dev/respeaker_deep_audio/install/ei_whistle_cpp/share/ei_whistle_cpp/cmake/ei_whistle_cppConfig.cmake\n'}
[401.835541] (ei_whistle_cpp) StdoutLine: {'line': b'-- Up-to-date: /home/dev/respeaker_deep_audio/install/ei_whistle_cpp/share/ei_whistle_cpp/cmake/ei_whistle_cppConfig-version.cmake\n'}
[401.838868] (ei_whistle_cpp) StdoutLine: {'line': b'-- Up-to-date: /home/dev/respeaker_deep_audio/install/ei_whistle_cpp/share/ei_whistle_cpp/package.xml\n'}
[401.839621] (-) TimerEvent: {}
[401.847010] (ei_whistle_cpp) CommandEnded: {'returncode': 0}
[401.940949] (-) TimerEvent: {}
[402.044122] (-) TimerEvent: {}
[402.053599] (ei_whistle_cpp) JobEnded: {'identifier': 'ei_whistle_cpp', 'rc': 0}
[402.057830] (-) EventReactorShutdown: {}
